quarter_end,maker_key,units,millions
1985-03-31,atari,17791491,17.79
1985-03-31,nintendo,4289041,4.29
1985-06-30,atari,18382592,18.38
1985-06-30,nintendo,5086849,5.09
1985-09-30,atari,18980188,18.98
1985-09-30,nintendo,5893425,5.89
1985-12-31,atari,19577785,19.58
1985-12-31,nintendo,6700000,6.70
1985-12-31,sega,107052,0.11
1986-03-31,atari,20152812,20.15
1986-03-31,nintendo,7932877,7.93
1986-03-31,sega,240867,0.24
1986-06-30,atari,20709046,20.71
1986-06-30,nintendo,9179452,9.18
1986-06-30,sega,376168,0.38
1986-09-30,atari,21271394,21.27
1986-09-30,nintendo,10439726,10.44
1986-09-30,sega,512957,0.51
1986-12-31,atari,21833741,21.83
1986-12-31,nintendo,11700000,11.70
1986-12-31,sega,649745,0.65
1987-03-31,atari,22383863,22.38
1987-03-31,nintendo,13179452,13.18
1987-03-31,sega,783560,0.78
1987-06-30,atari,22940098,22.94
1987-06-30,nintendo,14675342,14.68
1987-06-30,sega,918862,0.92
1987-09-30,atari,23502445,23.50
1987-09-30,nintendo,16187671,16.19
1987-09-30,sega,1055650,1.06
1987-12-31,atari,24064792,24.06
1987-12-31,nintendo,17700000,17.70
1987-12-31,sega,1192438,1.19
1988-03-31,atari,24621027,24.62
1988-03-31,nintendo,19863115,19.86
1988-03-31,sega,1327740,1.33
1988-06-30,atari,25058487,25.06
1988-06-30,nintendo,22026230,22.03
1988-06-30,sega,1463042,1.46
1988-09-30,atari,25244034,25.24
1988-09-30,nintendo,24213115,24.21
1988-09-30,sega,1599830,1.60
1988-12-31,atari,25429580,25.43
1988-12-31,nintendo,26400000,26.40
1988-12-31,sega,1901325,1.90
1989-03-31,atari,25611092,25.61
1989-03-31,nintendo,28989041,28.99
1989-03-31,sega,2270433,2.27
1989-06-30,atari,25794622,25.79
1989-06-30,nintendo,33081733,33.08
1989-06-30,sega,2655050,2.66
1989-09-30,atari,25980168,25.98
1989-09-30,nintendo,37666727,37.67
1989-09-30,sega,3043893,3.04
1989-12-31,atari,26165714,26.17
1989-12-31,nintendo,42251721,42.25
1989-12-31,sega,3432737,3.43
1990-03-31,atari,26347227,26.35
1990-03-31,nintendo,46120603,46.12
1990-03-31,sega,3813127,3.81
1990-06-30,atari,26530756,26.53
1990-06-30,nintendo,50032472,50.03
1990-06-30,sega,4546784,4.55
1990-09-30,atari,26716303,26.72
1990-09-30,nintendo,53987329,53.99
1990-09-30,sega,5288505,5.29
1990-12-31,atari,26901849,26.90
1990-12-31,nintendo,58589767,58.59
1990-12-31,sega,6127951,6.13
1991-03-31,atari,27083361,27.08
1991-03-31,nintendo,64212839,64.21
1991-03-31,sega,6955820,6.96
1991-06-30,atari,27266891,27.27
1991-06-30,nintendo,69898390,69.90
1991-06-30,sega,8259701,8.26
1991-09-30,atari,27452437,27.45
1991-09-30,nintendo,75646420,75.65
1991-09-30,sega,9577910,9.58
1991-12-31,atari,27637983,27.64
1991-12-31,nintendo,81394449,81.39
1991-12-31,sega,10896118,10.90
1992-03-31,atari,27640000,27.64
1992-03-31,nintendo,87080000,87.08
1992-03-31,sega,12200000,12.20
1992-06-30,atari,27640000,27.64
1992-06-30,nintendo,93153315,93.15
1992-06-30,sega,15378767,15.38
1992-09-30,atari,27640000,27.64
1992-09-30,nintendo,99293370,99.29
1992-09-30,sega,18592466,18.59
1992-12-31,atari,27640000,27.64
1992-12-31,nintendo,105433424,105.43
1992-12-31,sega,21806164,21.81
1993-03-31,atari,27640000,27.64
1993-03-31,nintendo,111440000,111.44
1993-03-31,sega,24950000,24.95
1993-06-30,atari,27640000,27.64
1993-06-30,nintendo,116336549,116.34
1993-06-30,sega,27918825,27.92
1993-09-30,atari,27640000,27.64
1993-09-30,nintendo,121286905,121.29
1993-09-30,sega,30920274,30.92
1993-12-31,atari,27640000,27.64
1993-12-31,nintendo,126237260,126.24
1993-12-31,sega,33730685,33.73
1994-03-31,atari,27640000,27.64
1994-03-31,nintendo,131080000,131.08
1994-03-31,sega,36480000,36.48
1994-06-30,atari,27640000,27.64
1994-06-30,nintendo,133667890,133.67
1994-06-30,sega,38053178,38.05
1994-09-30,atari,27640000,27.64
1994-09-30,nintendo,136284219,136.28
1994-09-30,sega,39643644,39.64
1994-12-31,atari,27640000,27.64
1994-12-31,nintendo,138900549,138.90
1994-12-31,sega,41488062,41.49
1994-12-31,sony,316484,0.32
1995-03-31,atari,27640000,27.64
1995-03-31,nintendo,141460000,141.46
1995-03-31,sega,43630000,43.63
1995-03-31,sony,1333752,1.33
1995-06-30,atari,27640000,27.64
1995-06-30,nintendo,143836939,143.84
1995-06-30,sega,44875656,44.88
1995-06-30,sony,2362323,2.36
1995-09-30,atari,27640000,27.64
1995-09-30,nintendo,146240000,146.24
1995-09-30,sega,46135000,46.13
1995-09-30,sony,3402198,3.40
1995-12-31,atari,27640000,27.64
1995-12-31,nintendo,148864262,148.86
1995-12-31,sega,47394344,47.39
1995-12-31,sony,4442072,4.44
1996-03-31,atari,27640000,27.64
1996-03-31,nintendo,151460000,151.46
1996-03-31,sega,48640000,48.64
1996-03-31,sony,5470644,5.47
1996-06-30,atari,27640000,27.64
1996-06-30,nintendo,154586611,154.59
1996-06-30,sega,49777500,49.78
1996-06-30,sony,6499215,6.50
1996-09-30,atari,27640000,27.64
1996-09-30,nintendo,159548306,159.55
1996-09-30,sega,50927500,50.93
1996-09-30,sony,8085246,8.09
1996-12-31,atari,27640000,27.64
1996-12-31,nintendo,164510000,164.51
1996-12-31,sega,52077500,52.08
1996-12-31,sony,11131387,11.13
1997-03-31,atari,27640000,27.64
1997-03-31,nintendo,166660000,166.66
1997-03-31,sega,52553575,52.55
1997-03-31,sony,14416058,14.42
1997-06-30,atari,27640000,27.64
1997-06-30,nintendo,172110027,172.11
1997-06-30,sega,52924163,52.92
1997-06-30,sony,17737226,17.74
1997-09-30,atari,27640000,27.64
1997-09-30,nintendo,177619945,177.62
1997-09-30,sega,53298824,53.30
1997-09-30,sony,21657459,21.66
1997-12-31,atari,27640000,27.64
1997-12-31,nintendo,183129863,183.13
1997-12-31,sega,53673484,53.67
1997-12-31,sony,26740331,26.74
1998-03-31,atari,27640000,27.64
1998-03-31,nintendo,188520000,188.52
1998-03-31,sega,54040000,54.04
1998-03-31,sony,31684783,31.68
1998-06-30,atari,27640000,27.64
1998-06-30,nintendo,194087206,194.09
1998-06-30,sega,54040000,54.04
1998-06-30,sony,36630435,36.63
1998-09-30,atari,27640000,27.64
1998-09-30,nintendo,199715589,199.72
1998-09-30,sega,54040000,54.04
1998-09-30,sony,42912621,42.91
1998-12-31,atari,27640000,27.64
1998-12-31,nintendo,205343972,205.34
1998-12-31,sega,54286774,54.29
1998-12-31,sony,50989583,50.99
1999-03-31,atari,27640000,27.64
1999-03-31,nintendo,210850000,210.85
1999-03-31,sega,54940000,54.94
1999-03-31,sony,55677083,55.68
1999-06-30,atari,27640000,27.64
1999-06-30,nintendo,216884344,216.88
1999-06-30,sega,55487541,55.49
1999-06-30,sony,60416667,60.42
1999-09-30,atari,27640000,27.64
1999-09-30,nintendo,222985000,222.99
1999-09-30,sega,56860000,56.86
1999-09-30,sony,65208333,65.21
1999-12-31,atari,27640000,27.64
1999-12-31,nintendo,229085656,229.09
1999-12-31,sega,58232459,58.23
1999-12-31,sony,70000000,70.00
2000-03-31,atari,27640000,27.64
2000-03-31,nintendo,235120000,235.12
2000-03-31,sega,59590000,59.59
2000-03-31,sony,72395026,72.40
2000-06-30,atari,27640000,27.64
2000-06-30,nintendo,240567534,240.57
2000-06-30,sega,60250685,60.25
2000-06-30,sony,76422704,76.42
2000-09-30,atari,27640000,27.64
2000-09-30,nintendo,246074931,246.07
2000-09-30,sega,60918630,60.92
2000-09-30,sony,80494643,80.49
2000-12-31,atari,27640000,27.64
2000-12-31,nintendo,251582328,251.58
2000-12-31,sega,61586575,61.59
2000-12-31,sony,84566582,84.57
2001-03-31,atari,27640000,27.64
2001-03-31,nintendo,258030000,258.03
2001-03-31,sega,62240000,62.24
2001-03-31,sony,88550000,88.55
2001-06-30,atari,27640000,27.64
2001-06-30,nintendo,263604686,263.60
2001-06-30,sega,62240000,62.24
2001-06-30,sony,94971276,94.97
2001-09-30,atari,27640000,27.64
2001-09-30,nintendo,269547701,269.55
2001-09-30,sega,62240000,62.24
2001-09-30,sony,101463115,101.46
2001-12-31,atari,27640000,27.64
2001-12-31,microsoft,790308,0.79
2001-12-31,nintendo,276949301,276.95
2001-12-31,sega,62240000,62.24
2001-12-31,sony,107667603,107.67
2002-03-31,atari,27640000,27.64
2002-03-31,microsoft,2336564,2.34
2002-03-31,nintendo,284190000,284.19
2002-03-31,sega,62240000,62.24
2002-03-31,sony,113702929,113.70
2002-06-30,atari,27640000,27.64
2002-06-30,microsoft,3900000,3.90
2002-06-30,nintendo,289615096,289.62
2002-06-30,sega,62240000,62.24
2002-06-30,sony,121248148,121.25
2002-09-30,atari,27640000,27.64
2002-09-30,microsoft,5224607,5.22
2002-09-30,nintendo,295099808,295.10
2002-09-30,sega,62240000,62.24
2002-09-30,sony,129908333,129.91
2002-12-31,atari,27640000,27.64
2002-12-31,microsoft,6549215,6.55
2002-12-31,nintendo,300584520,300.58
2002-12-31,sega,62240000,62.24
2002-12-31,sony,139300000,139.30
2003-03-31,atari,27640000,27.64
2003-03-31,microsoft,7845026,7.85
2003-03-31,nintendo,305950000,305.95
2003-03-31,sega,62240000,62.24
2003-03-31,sony,145442628,145.44
2003-06-30,atari,27640000,27.64
2003-06-30,microsoft,9155236,9.16
2003-06-30,nintendo,311581557,311.58
2003-06-30,sega,62240000,62.24
2003-06-30,sony,151037767,151.04
2003-09-30,atari,27640000,27.64
2003-09-30,microsoft,11106349,11.11
2003-09-30,nintendo,317275000,317.27
2003-09-30,sega,62240000,62.24
2003-09-30,sony,157529215,157.53
2003-12-31,atari,27640000,27.64
2003-12-31,microsoft,13199471,13.20
2003-12-31,nintendo,322968443,322.97
2003-12-31,sega,62240000,62.24
2003-12-31,sony,166385998,166.39
2004-03-31,atari,27640000,27.64
2004-03-31,microsoft,14476250,14.48
2004-03-31,nintendo,328600000,328.60
2004-03-31,sega,62240000,62.24
2004-03-31,sony,172512216,172.51
2004-06-30,atari,27640000,27.64
2004-06-30,microsoft,15500000,15.50
2004-06-30,nintendo,333416767,333.42
2004-06-30,sega,62240000,62.24
2004-06-30,sony,177720843,177.72
2004-09-30,atari,27640000,27.64
2004-09-30,microsoft,17138356,17.14
2004-09-30,nintendo,338286466,338.29
2004-09-30,sega,62240000,62.24
2004-09-30,sony,182446654,182.45
2004-12-31,atari,27640000,27.64
2004-12-31,microsoft,18776712,18.78
2004-12-31,nintendo,344777703,344.78
2004-12-31,sega,62240000,62.24
2004-12-31,sony,187760699,187.76
2005-03-31,atari,27640000,27.64
2005-03-31,microsoft,20379452,20.38
2005-03-31,nintendo,353190000,353.19
2005-03-31,sega,62240000,62.24
2005-03-31,sony,195244249,195.24
2005-06-30,atari,27640000,27.64
2005-06-30,microsoft,22000000,22.00
2005-06-30,nintendo,358709836,358.71
2005-06-30,sega,62240000,62.24
2005-06-30,sony,202042504,202.04
2005-09-30,atari,27640000,27.64
2005-09-30,microsoft,22587859,22.59
2005-09-30,nintendo,364290329,364.29
2005-09-30,sega,62240000,62.24
2005-09-30,sony,208915467,208.92
2005-12-31,atari,27640000,27.64
2005-12-31,microsoft,24062083,24.06
2005-12-31,nintendo,369870822,369.87
2005-12-31,sega,62240000,62.24
2005-12-31,sony,215875645,215.88
2006-03-31,atari,27640000,27.64
2006-03-31,microsoft,26682617,26.68
2006-03-31,nintendo,375330000,375.33
2006-03-31,sega,62240000,62.24
2006-03-31,sony,222176170,222.18
2006-06-30,atari,27640000,27.64
2006-06-30,microsoft,29000000,29.00
2006-06-30,nintendo,382467890,382.47
2006-06-30,sega,62240000,62.24
2006-06-30,sony,227739344,227.74
2006-09-30,atari,27640000,27.64
2006-09-30,microsoft,30663562,30.66
2006-09-30,nintendo,389684219,389.68
2006-09-30,sega,62240000,62.24
2006-09-30,sony,233363651,233.36
2006-12-31,atari,27640000,27.64
2006-12-31,microsoft,32327123,32.33
2006-12-31,nintendo,398761912,398.76
2006-12-31,sega,62240000,62.24
2006-12-31,sony,240952245,240.95
2007-03-31,atari,27640000,27.64
2007-03-31,microsoft,33954521,33.95
2007-03-31,nintendo,409810000,409.81
2007-03-31,sega,62240000,62.24
2007-03-31,sony,249990000,249.99
2007-06-30,atari,27640000,27.64
2007-06-30,microsoft,35600000,35.60
2007-06-30,nintendo,422408279,422.41
2007-06-30,sega,62240000,62.24
2007-06-30,sony,257051886,257.05
2007-09-30,atari,27640000,27.64
2007-09-30,microsoft,37786885,37.79
2007-09-30,nintendo,435145000,435.14
2007-09-30,sega,62240000,62.24
2007-09-30,sony,264191375,264.19
2007-12-31,atari,27640000,27.64
2007-12-31,microsoft,39973770,39.97
2007-12-31,nintendo,447881721,447.88
2007-12-31,sega,62240000,62.24
2007-12-31,sony,271330864,271.33
2008-03-31,atari,27640000,27.64
2008-03-31,microsoft,42136885,42.14
2008-03-31,nintendo,460480000,460.48
2008-03-31,sega,62240000,62.24
2008-03-31,sony,278392751,278.39
2008-06-30,atari,27640000,27.64
2008-06-30,microsoft,44300000,44.30
2008-06-30,nintendo,474828082,474.83
2008-06-30,sega,62240000,62.24
2008-06-30,sony,285454636,285.45
2008-09-30,atari,27640000,27.64
2008-09-30,microsoft,48150000,48.15
2008-09-30,nintendo,489333835,489.33
2008-09-30,sega,62240000,62.24
2008-09-30,sony,295140120,295.14
2008-12-31,atari,27640000,27.64
2008-12-31,microsoft,52000000,52.00
2008-12-31,nintendo,503839589,503.84
2008-12-31,sega,62240000,62.24
2008-12-31,sony,308135399,308.14
2009-03-31,atari,27640000,27.64
2009-03-31,microsoft,53216216,53.22
2009-03-31,nintendo,518030000,518.03
2009-03-31,sega,62240000,62.24
2009-03-31,sony,313257997,313.26
2009-06-30,atari,27640000,27.64
2009-06-30,microsoft,55500000,55.50
2009-06-30,nintendo,529917343,529.92
2009-06-30,sega,62240000,62.24
2009-06-30,sony,317370519,317.37
2009-09-30,atari,27640000,27.64
2009-09-30,microsoft,58096164,58.10
2009-09-30,nintendo,541935315,541.94
2009-09-30,sega,62240000,62.24
2009-09-30,sony,324649813,324.65
2009-12-31,atari,27640000,27.64
2009-12-31,microsoft,60692329,60.69
2009-12-31,nintendo,553953287,553.95
2009-12-31,sega,62240000,62.24
2009-12-31,sony,334088197,334.09
2010-03-31,atari,27640000,27.64
2010-03-31,microsoft,63232055,63.23
2010-03-31,nintendo,565710000,565.71
2010-03-31,sega,62240000,62.24
2010-03-31,sony,343321401,343.32
2010-06-30,atari,27640000,27.64
2010-06-30,microsoft,65800000,65.80
2010-06-30,nintendo,573837671,573.84
2010-06-30,sega,62240000,62.24
2010-06-30,sony,347200990,347.20
2010-09-30,atari,27640000,27.64
2010-09-30,microsoft,69900000,69.90
2010-09-30,nintendo,582054658,582.05
2010-09-30,sega,62240000,62.24
2010-09-30,sony,355145876,355.15
2010-12-31,atari,27640000,27.64
2010-12-31,microsoft,74000000,74.00
2010-12-31,nintendo,590271644,590.27
2010-12-31,sega,62240000,62.24
2010-12-31,sony,364265734,364.27
2011-03-31,atari,27640000,27.64
2011-03-31,microsoft,76734807,76.73
2011-03-31,nintendo,601930000,601.93
2011-03-31,sega,62240000,62.24
2011-03-31,sony,373164351,373.16
2011-06-30,atari,27640000,27.64
2011-06-30,microsoft,79500000,79.50
2011-06-30,nintendo,609008606,609.01
2011-06-30,sega,62240000,62.24
2011-06-30,sony,380401733,380.40
2011-09-30,atari,27640000,27.64
2011-09-30,microsoft,84505181,84.51
2011-09-30,nintendo,616165000,616.16
2011-09-30,sega,62240000,62.24
2011-09-30,sony,387443244,387.44
2011-12-31,atari,27640000,27.64
2011-12-31,microsoft,89510363,89.51
2011-12-31,nintendo,623321394,623.32
2011-12-31,sega,62240000,62.24
2011-12-31,sony,394484755,394.48
2012-03-31,atari,27640000,27.64
2012-03-31,microsoft,91184971,91.18
2012-03-31,nintendo,630400000,630.40
2012-03-31,sega,62240000,62.24
2012-03-31,sony,401449727,401.45
2012-06-30,atari,27640000,27.64
2012-06-30,microsoft,92500000,92.50
2012-06-30,nintendo,635456109,635.46
2012-06-30,sega,62240000,62.24
2012-06-30,sony,404555529,404.56
2012-09-30,atari,27640000,27.64
2012-09-30,microsoft,95513100,95.51
2012-09-30,nintendo,640567781,640.57
2012-09-30,sega,62240000,62.24
2012-09-30,sony,407695461,407.70
2012-12-31,atari,27640000,27.64
2012-12-31,microsoft,98526201,98.53
2012-12-31,nintendo,646791632,646.79
2012-12-31,sega,62240000,62.24
2012-12-31,sony,410460248,410.46
2013-03-31,atari,27640000,27.64
2013-03-31,microsoft,100761029,100.76
2013-03-31,nintendo,654120000,654.12
2013-03-31,sega,62240000,62.24
2013-03-31,sony,412939587,412.94
2013-06-30,atari,27640000,27.64
2013-06-30,microsoft,102300000,102.30
2013-06-30,nintendo,658186328,658.19
2013-06-30,sega,62240000,62.24
2013-06-30,sony,415446474,415.45
2013-09-30,atari,27640000,27.64
2013-09-30,microsoft,103571545,103.57
2013-09-30,nintendo,662297342,662.30
2013-09-30,sega,62240000,62.24
2013-09-30,sony,417980909,417.98
2013-12-31,atari,27640000,27.64
2013-12-31,microsoft,109004072,109.00
2013-12-31,nintendo,666408356,666.41
2013-12-31,sega,62240000,62.24
2013-12-31,sony,423740683,423.74
2014-03-31,atari,27640000,27.64
2014-03-31,microsoft,111833032,111.83
2014-03-31,nintendo,670430000,670.43
2014-03-31,sega,62240000,62.24
2014-03-31,sony,427375622,427.38
2014-06-30,atari,27640000,27.64
2014-06-30,microsoft,114958611,114.96
2014-06-30,nintendo,673568877,673.57
2014-06-30,sega,62240000,62.24
2014-06-30,sony,430716506,430.72
2014-09-30,atari,27640000,27.64
2014-09-30,microsoft,117017427,117.02
2014-09-30,nintendo,676742246,676.74
2014-09-30,sega,62240000,62.24
2014-09-30,sony,434663333,434.66
2014-12-31,atari,27640000,27.64
2014-12-31,microsoft,119221700,119.22
2014-12-31,nintendo,679915615,679.92
2014-12-31,sega,62240000,62.24
2014-12-31,sony,441610161,441.61
2015-03-31,atari,27640000,27.64
2015-03-31,microsoft,121703300,121.70
2015-03-31,nintendo,683020000,683.02
2015-03-31,sega,62240000,62.24
2015-03-31,sony,444445100,444.45
2015-06-30,atari,27640000,27.64
2015-06-30,microsoft,124212471,124.21
2015-06-30,nintendo,685548606,685.55
2015-06-30,sega,62240000,62.24
2015-06-30,sony,447885984,447.89
2015-09-30,atari,27640000,27.64
2015-09-30,microsoft,126749216,126.75
2015-09-30,nintendo,688105000,688.11
2015-09-30,sega,62240000,62.24
2015-09-30,sony,452432811,452.43
2015-12-31,atari,27640000,27.64
2015-12-31,microsoft,129285963,129.29
2015-12-31,nintendo,690661394,690.66
2015-12-31,sega,62240000,62.24
2015-12-31,sony,461379639,461.38
2016-03-31,atari,27640000,27.64
2016-03-31,microsoft,131795134,131.80
2016-03-31,nintendo,693190000,693.19
2016-03-31,sega,62240000,62.24
2016-03-31,sony,464320522,464.32
2016-06-30,atari,27640000,27.64
2016-06-30,microsoft,134123939,134.12
2016-06-30,nintendo,695192000,695.19
2016-06-30,sega,62240000,62.24
2016-06-30,sony,468361406,468.36
2016-09-30,atari,27640000,27.64
2016-09-30,microsoft,136426970,136.43
2016-09-30,nintendo,697216000,697.22
2016-09-30,sega,62240000,62.24
2016-09-30,sony,472808233,472.81
2016-12-31,atari,27640000,27.64
2016-12-31,microsoft,138730000,138.73
2016-12-31,nintendo,699240000,699.24
2016-12-31,sega,62240000,62.24
2016-12-31,sony,483055060,483.06
2017-03-31,atari,27640000,27.64
2017-03-31,microsoft,140949178,140.95
2017-03-31,nintendo,703950000,703.95
2017-03-31,sega,62240000,62.24
2017-03-31,sony,486490000,486.49
2017-06-30,atari,27640000,27.64
2017-06-30,microsoft,143193014,143.19
2017-06-30,nintendo,709297808,709.30
2017-06-30,sega,62240000,62.24
2017-06-30,sony,489790000,489.79
2017-09-30,atari,27640000,27.64
2017-09-30,microsoft,145461507,145.46
2017-09-30,nintendo,714704383,714.70
2017-09-30,sega,62240000,62.24
2017-09-30,sony,493990000,493.99
2017-12-31,atari,27640000,27.64
2017-12-31,microsoft,147730000,147.73
2017-12-31,nintendo,720110959,720.11
2017-12-31,sega,62240000,62.24
2017-12-31,sony,502990000,502.99
2018-03-31,atari,27640000,27.64
2018-03-31,microsoft,148830000,148.83
2018-03-31,nintendo,725400000,725.40
2018-03-31,sega,62240000,62.24
2018-03-31,sony,505490000,505.49
2018-06-30,atari,27640000,27.64
2018-06-30,microsoft,150386579,150.39
2018-06-30,nintendo,730261643,730.26
2018-06-30,sega,62240000,62.24
2018-06-30,sony,508690000,508.69
2018-09-30,atari,27640000,27.64
2018-09-30,microsoft,151960263,151.96
2018-09-30,nintendo,735176712,735.18
2018-09-30,sega,62240000,62.24
2018-09-30,sony,512590000,512.59
2018-12-31,atari,27640000,27.64
2018-12-31,microsoft,153533947,153.53
2018-12-31,nintendo,740091781,740.09
2018-12-31,sega,62240000,62.24
2018-12-31,sony,520690000,520.69
2019-03-31,atari,27640000,27.64
2019-03-31,microsoft,155073421,155.07
2019-03-31,nintendo,744900000,744.90
2019-03-31,sega,62240000,62.24
2019-03-31,sony,523290000,523.29
2019-06-30,atari,27640000,27.64
2019-06-30,microsoft,156630000,156.63
2019-06-30,nintendo,750300327,750.30
2019-06-30,sega,62240000,62.24
2019-06-30,sony,526490000,526.49
2019-09-30,atari,27640000,27.64
2019-09-30,microsoft,157660601,157.66
2019-09-30,nintendo,755760000,755.76
2019-09-30,sega,62240000,62.24
2019-09-30,sony,529290000,529.29
2019-12-31,atari,27640000,27.64
2019-12-31,microsoft,158691202,158.69
2019-12-31,nintendo,761219673,761.22
2019-12-31,sega,62240000,62.24
2019-12-31,sony,535290000,535.29
2020-03-31,atari,27640000,27.64
2020-03-31,microsoft,159710601,159.71
2020-03-31,nintendo,766620000,766.62
2020-03-31,sega,62240000,62.24
2020-03-31,sony,536690000,536.69
2020-06-30,atari,27640000,27.64
2020-06-30,microsoft,160730000,160.73
2020-06-30,nintendo,773850137,773.85
2020-06-30,sega,62240000,62.24
2020-06-30,sony,538590000,538.59
2020-09-30,atari,27640000,27.64
2020-09-30,microsoft,161382482,161.38
2020-09-30,nintendo,781159726,781.16
2020-09-30,sega,62240000,62.24
2020-09-30,sony,540090000,540.09
2020-12-31,atari,27640000,27.64
2020-12-31,microsoft,164834965,164.83
2020-12-31,nintendo,788469315,788.47
2020-12-31,sega,62240000,62.24
2020-12-31,sony,545990000,545.99
2021-03-31,atari,27640000,27.64
2021-03-31,microsoft,166726301,166.73
2021-03-31,nintendo,795620000,795.62
2021-03-31,sega,62240000,62.24
2021-03-31,sony,550290000,550.29
2021-06-30,atari,27640000,27.64
2021-06-30,microsoft,168638652,168.64
2021-06-30,nintendo,801369205,801.37
2021-06-30,sega,62240000,62.24
2021-06-30,sony,553090000,553.09
2021-09-30,atari,27640000,27.64
2021-09-30,microsoft,171640000,171.64
2021-09-30,nintendo,807181589,807.18
2021-09-30,sega,62240000,62.24
2021-09-30,sony,556590000,556.59
2021-12-31,atari,27640000,27.64
2021-12-31,microsoft,174230000,174.23
2021-12-31,nintendo,812993973,812.99
2021-12-31,sega,62240000,62.24
2021-12-31,sony,560690000,560.69
2022-03-31,atari,27640000,27.64
2022-03-31,microsoft,175870884,175.87
2022-03-31,nintendo,818680000,818.68
2022-03-31,sega,62240000,62.24
2022-03-31,sony,562790000,562.79
2022-06-30,atari,27640000,27.64
2022-06-30,microsoft,177530000,177.53
2022-06-30,nintendo,823160192,823.16
2022-06-30,sega,62240000,62.24
2022-06-30,sony,565190000,565.19
2022-09-30,atari,27640000,27.64
2022-09-30,microsoft,179880000,179.88
2022-09-30,nintendo,827689616,827.69
2022-09-30,sega,62240000,62.24
2022-09-30,sony,568490000,568.49
2022-12-31,atari,27640000,27.64
2022-12-31,microsoft,182230000,182.23
2022-12-31,nintendo,832219041,832.22
2022-12-31,sega,62240000,62.24
2022-12-31,sony,575590000,575.59
2023-03-31,atari,27640000,27.64
2023-03-31,microsoft,184325890,184.33
2023-03-31,nintendo,836650000,836.65
2023-03-31,sega,62240000,62.24
2023-03-31,sony,581890000,581.89
2023-06-30,atari,27640000,27.64
2023-06-30,microsoft,186445068,186.45
2023-06-30,nintendo,840553552,840.55
2023-06-30,sega,62240000,62.24
2023-06-30,sony,585190000,585.19
2023-09-30,atari,27640000,27.64
2023-09-30,microsoft,188587534,188.59
2023-09-30,nintendo,844500000,844.50
2023-09-30,sega,62240000,62.24
2023-09-30,sony,590090000,590.09
2023-12-31,atari,27640000,27.64
2023-12-31,microsoft,190730000,190.73
2023-12-31,nintendo,848446448,848.45
2023-12-31,sega,62240000,62.24
2023-12-31,sony,598290000,598.29
2024-03-31,atari,27640000,27.64
2024-03-31,microsoft,191380000,191.38
2024-03-31,nintendo,852350000,852.35
2024-03-31,sega,62240000,62.24
2024-03-31,sony,602790000,602.79
2024-06-30,atari,27640000,27.64
2024-06-30,microsoft,192030000,192.03
2024-06-30,nintendo,854450000,854.45
2024-06-30,sega,62240000,62.24
2024-06-30,sony,605190000,605.19
2024-09-30,atari,27640000,27.64
2024-09-30,microsoft,193865309,193.87
2024-09-30,nintendo,857070000,857.07
2024-09-30,sega,62240000,62.24
2024-09-30,sony,608990000,608.99
2024-12-31,atari,27640000,27.64
2024-12-31,microsoft,195899659,195.90
2024-12-31,nintendo,861890000,861.89
2024-12-31,sega,62240000,62.24
2024-12-31,sony,618490000,618.49
2025-03-31,atari,27640000,27.64
2025-03-31,microsoft,196503497,196.50
2025-03-31,nintendo,863150000,863.15
2025-03-31,sega,62240000,62.24
2025-03-31,sony,621290000,621.29
2025-06-30,atari,27640000,27.64
2025-06-30,microsoft,196997609,197.00
2025-06-30,nintendo,865790535,865.79
2025-06-30,sega,62240000,62.24
2025-06-30,sony,623790000,623.79
2025-09-30,atari,27640000,27.64
2025-09-30,microsoft,197411738,197.41
2025-09-30,nintendo,872811304,872.81
2025-09-30,sega,62240000,62.24
2025-09-30,sony,627790000,627.79
2025-12-31,atari,27640000,27.64
2025-12-31,microsoft,197901215,197.90
2025-12-31,nintendo,880282074,880.28
2025-12-31,sega,62240000,62.24
2025-12-31,sony,635690000,635.69
2026-03-31,atari,27640000,27.64
2026-03-31,microsoft,198304152,198.30
2026-03-31,nintendo,886810000,886.81
2026-03-31,sega,62240000,62.24
2026-03-31,sony,637190000,637.19
2026-06-30,atari,27640000,27.64
2026-06-30,microsoft,198776439,198.78
2026-06-30,nintendo,891300000,891.30
2026-06-30,sega,62240000,62.24
2026-06-30,sony,638790000,638.79
