frame_year,company,display_name,row_type,estimate_low_usd_bn,estimate_high_usd_bn,label,base_low_usd_bn,base_high_usd_bn,base_source,growth_factor,growth_source,alt_group_low_usd_bn,alt_group_high_usd_bn,alt_group_source,directional_check,reliability,status,notes
2026,Amazon,Amazon,BASE,220.0,220.0,company guidance as reported by Reuters,220.0,220.0,"Amazon (as reported by Reuters), CY2026 (2026-07-30); Amazon capital spending forecast for 2026 as reported by Reuters from the CEO (whole company; definition not stated) [whole of Amazon, not AWS or AI-only; definition not stated]",,,220.0,220.0,,,,"DRAFT for Luke (DEC-330); not approved, not for screen",2026 frame figure (not our estimate).
2027,Amazon,Amazon,ESTIMATE,275.4,275.4,Race Through Time estimate (growth: FactSet consensus 8/31/26),220.0,220.0,"Amazon (as reported by Reuters), CY2026 (2026-07-30); Amazon capital spending forecast for 2026 as reported by Reuters from the CEO (whole company; definition not stated) [whole of Amazon, not AWS or AI-only; definition not stated]",1.2518,"FactSet consensus 8/31/26, Amazon 2027/2026 (272.9 / 218.0)",296.3,296.3,"FactSet consensus 8/31/26, five US companies combined, 2027/2026",,,"DRAFT for Luke (DEC-330); not approved, not for screen",
2028,Amazon,Amazon,ESTIMATE,298.5,298.5,Race Through Time estimate (growth: FactSet consensus 8/31/26),220.0,220.0,"Amazon (as reported by Reuters), CY2026 (2026-07-30); Amazon capital spending forecast for 2026 as reported by Reuters from the CEO (whole company; definition not stated) [whole of Amazon, not AWS or AI-only; definition not stated]",1.0839,"FactSet consensus 8/31/26, Amazon 2028/2027 (295.8 / 272.9)",322.1,322.1,"FactSet consensus 8/31/26, five US companies combined, 2028/2027",,,"DRAFT for Luke (DEC-330); not approved, not for screen",
2029,Amazon,Amazon,ESTIMATE,313.4,313.4,Race Through Time estimate (growth: FactSet consensus 8/31/26),220.0,220.0,"Amazon (as reported by Reuters), CY2026 (2026-07-30); Amazon capital spending forecast for 2026 as reported by Reuters from the CEO (whole company; definition not stated) [whole of Amazon, not AWS or AI-only; definition not stated]",1.0500,"FactSet consensus 8/31/26, Amazon 2029/2028 (310.6 / 295.8)",330.5,330.5,"FactSet consensus 8/31/26, five US companies combined, 2029/2028",,,"DRAFT for Luke (DEC-330); not approved, not for screen",
2030,Amazon,Amazon,ESTIMATE,315.9,315.9,Race Through Time estimate (growth: FactSet consensus 8/31/26),220.0,220.0,"Amazon (as reported by Reuters), CY2026 (2026-07-30); Amazon capital spending forecast for 2026 as reported by Reuters from the CEO (whole company; definition not stated) [whole of Amazon, not AWS or AI-only; definition not stated]",1.0077,"FactSet consensus 8/31/26, Amazon 2030/2029 (313.0 / 310.6)",362.7,362.7,"FactSet consensus 8/31/26, five US companies combined, 2030/2029",,least reliable year,"DRAFT for Luke (DEC-330); not approved, not for screen",
2026,Microsoft,Microsoft,BASE,175.0,175.0,company guidance,175.0,175.0,"Microsoft, CY2026 (2026-07-29); Microsoft capital expenditures including finance leases, calendar year [includes finance leases; Microsoft's own period]",,,175.0,175.0,,,,"DRAFT for Luke (DEC-330); not approved, not for screen",2026 frame figure (not our estimate). Microsoft's includes finance leases; FactSet's growth rates only are applied to it.
2027,Microsoft,Microsoft,ESTIMATE,231.4,231.4,Race Through Time estimate (growth: FactSet consensus 8/31/26),175.0,175.0,"Microsoft, CY2026 (2026-07-29); Microsoft capital expenditures including finance leases, calendar year [includes finance leases; Microsoft's own period]",1.3221,"FactSet consensus 8/31/26, Microsoft 2027/2026 (208.5 / 157.7)",235.7,235.7,"FactSet consensus 8/31/26, five US companies combined, 2027/2026","Microsoft, 29 Jul 2026 call: ""grow year-over-year (fiscal year to June 2027)""; estimate rises 32.2% (consistent)",,"DRAFT for Luke (DEC-330); not approved, not for screen",
2028,Microsoft,Microsoft,ESTIMATE,248.8,248.8,Race Through Time estimate (growth: FactSet consensus 8/31/26),175.0,175.0,"Microsoft, CY2026 (2026-07-29); Microsoft capital expenditures including finance leases, calendar year [includes finance leases; Microsoft's own period]",1.0753,"FactSet consensus 8/31/26, Microsoft 2028/2027 (224.2 / 208.5)",256.2,256.2,"FactSet consensus 8/31/26, five US companies combined, 2028/2027",,,"DRAFT for Luke (DEC-330); not approved, not for screen",
2029,Microsoft,Microsoft,ESTIMATE,265.7,265.7,Race Through Time estimate (growth: FactSet consensus 8/31/26),175.0,175.0,"Microsoft, CY2026 (2026-07-29); Microsoft capital expenditures including finance leases, calendar year [includes finance leases; Microsoft's own period]",1.0678,"FactSet consensus 8/31/26, Microsoft 2029/2028 (239.4 / 224.2)",262.9,262.9,"FactSet consensus 8/31/26, five US companies combined, 2029/2028",,,"DRAFT for Luke (DEC-330); not approved, not for screen",
2030,Microsoft,Microsoft,ESTIMATE,346.2,346.2,Race Through Time estimate (growth: FactSet consensus 8/31/26),175.0,175.0,"Microsoft, CY2026 (2026-07-29); Microsoft capital expenditures including finance leases, calendar year [includes finance leases; Microsoft's own period]",1.3033,"FactSet consensus 8/31/26, Microsoft 2030/2029 (312.0 / 239.4)",288.5,288.5,"FactSet consensus 8/31/26, five US companies combined, 2030/2029",,least reliable year,"DRAFT for Luke (DEC-330); not approved, not for screen",Microsoft 2030/2029 FactSet growth is the weakest cell (DEC-316).
2026,Alphabet,Alphabet (Google),BASE,195.0,205.0,company guidance,195.0,205.0,"Alphabet, FY2026 (2026-07-22); Alphabet capital expenditures (purchases of property and equipment) [purchases of property and equipment]",,,195.0,205.0,,,,"DRAFT for Luke (DEC-330); not approved, not for screen",2026 frame figure (not our estimate).
2027,Alphabet,Alphabet (Google),ESTIMATE,294.2,309.3,Race Through Time estimate (growth: FactSet consensus 8/31/26),195.0,205.0,"Alphabet, FY2026 (2026-07-22); Alphabet capital expenditures (purchases of property and equipment) [purchases of property and equipment]",1.5087,"FactSet consensus 8/31/26, Alphabet 2027/2026 (304.0 / 201.5)",262.6,276.1,"FactSet consensus 8/31/26, five US companies combined, 2027/2026","Alphabet, 22 Jul 2026 call: ""increase significantly""; estimate rises 50.9% (consistent)",,"DRAFT for Luke (DEC-330); not approved, not for screen",
2028,Alphabet,Alphabet (Google),ESTIMATE,332.2,349.3,Race Through Time estimate (growth: FactSet consensus 8/31/26),195.0,205.0,"Alphabet, FY2026 (2026-07-22); Alphabet capital expenditures (purchases of property and equipment) [purchases of property and equipment]",1.1293,"FactSet consensus 8/31/26, Alphabet 2028/2027 (343.3 / 304.0)",285.5,300.1,"FactSet consensus 8/31/26, five US companies combined, 2028/2027",,,"DRAFT for Luke (DEC-330); not approved, not for screen",
2029,Alphabet,Alphabet (Google),ESTIMATE,343.1,360.7,Race Through Time estimate (growth: FactSet consensus 8/31/26),195.0,205.0,"Alphabet, FY2026 (2026-07-22); Alphabet capital expenditures (purchases of property and equipment) [purchases of property and equipment]",1.0326,"FactSet consensus 8/31/26, Alphabet 2029/2028 (354.5 / 343.3)",293.0,308.0,"FactSet consensus 8/31/26, five US companies combined, 2029/2028",,,"DRAFT for Luke (DEC-330); not approved, not for screen",
2030,Alphabet,Alphabet (Google),ESTIMATE,359.5,378.0,Race Through Time estimate (growth: FactSet consensus 8/31/26),195.0,205.0,"Alphabet, FY2026 (2026-07-22); Alphabet capital expenditures (purchases of property and equipment) [purchases of property and equipment]",1.0480,"FactSet consensus 8/31/26, Alphabet 2030/2029 (371.5 / 354.5)",321.5,338.0,"FactSet consensus 8/31/26, five US companies combined, 2030/2029",,least reliable year,"DRAFT for Luke (DEC-330); not approved, not for screen",
2026,Meta,Meta (Facebook),BASE,130.0,145.0,company guidance,130.0,145.0,"Meta, FY2026 (2026-07-29); Meta capital expenditures, including principal payments on finance leases [includes principal payments on finance leases]",,,130.0,145.0,,,,"DRAFT for Luke (DEC-330); not approved, not for screen",2026 frame figure (not our estimate).
2027,Meta,Meta (Facebook),ESTIMATE,178.5,199.1,Race Through Time estimate (growth: FactSet consensus 8/31/26),130.0,145.0,"Meta, FY2026 (2026-07-29); Meta capital expenditures, including principal payments on finance leases [includes principal payments on finance leases]",1.3734,"FactSet consensus 8/31/26, Meta 2027/2026 (188.7 / 137.4)",175.1,195.3,"FactSet consensus 8/31/26, five US companies combined, 2027/2026",,,"DRAFT for Luke (DEC-330); not approved, not for screen",
2028,Meta,Meta (Facebook),ESTIMATE,194.4,216.9,Race Through Time estimate (growth: FactSet consensus 8/31/26),130.0,145.0,"Meta, FY2026 (2026-07-29); Meta capital expenditures, including principal payments on finance leases [includes principal payments on finance leases]",1.0890,"FactSet consensus 8/31/26, Meta 2028/2027 (205.5 / 188.7)",190.3,212.3,"FactSet consensus 8/31/26, five US companies combined, 2028/2027",,,"DRAFT for Luke (DEC-330); not approved, not for screen",
2029,Meta,Meta (Facebook),ESTIMATE,195.1,217.6,Race Through Time estimate (growth: FactSet consensus 8/31/26),130.0,145.0,"Meta, FY2026 (2026-07-29); Meta capital expenditures, including principal payments on finance leases [includes principal payments on finance leases]",1.0034,"FactSet consensus 8/31/26, Meta 2029/2028 (206.2 / 205.5)",195.3,217.8,"FactSet consensus 8/31/26, five US companies combined, 2029/2028",,,"DRAFT for Luke (DEC-330); not approved, not for screen",
2030,Meta,Meta (Facebook),ESTIMATE,224.5,250.4,Race Through Time estimate (growth: FactSet consensus 8/31/26),130.0,145.0,"Meta, FY2026 (2026-07-29); Meta capital expenditures, including principal payments on finance leases [includes principal payments on finance leases]",1.1508,"FactSet consensus 8/31/26, Meta 2030/2029 (237.3 / 206.2)",214.3,239.1,"FactSet consensus 8/31/26, five US companies combined, 2030/2029",,least reliable year,"DRAFT for Luke (DEC-330); not approved, not for screen",
2026,Oracle,Oracle,BASE,90.0,95.0,company guidance as reported by Reuters,90.0,95.0,"Oracle (as reported by Reuters), FY2027 (Jun 2026 - May 2027) (2026-09-10); Oracle annual spending target, fiscal year to May 2027, as reported by Reuters (gross capex or net cash outlay not stated) [Oracle's fiscal year June 2026 - May 2027; gross or net of customer funding not stated]",,,90.0,95.0,,,,"DRAFT for Luke (DEC-330); not approved, not for screen","2026 frame figure (not our estimate). Oracle's fiscal year June 2026 - May 2027, own year label (DEC-325)."
2027,Oracle,Oracle,ESTIMATE,107.6,113.6,Race Through Time estimate (growth: FactSet consensus 8/31/26),90.0,95.0,"Oracle (as reported by Reuters), FY2027 (Jun 2026 - May 2027) (2026-09-10); Oracle annual spending target, fiscal year to May 2027, as reported by Reuters (gross capex or net cash outlay not stated) [Oracle's fiscal year June 2026 - May 2027; gross or net of customer funding not stated]",1.1961,"FactSet consensus 8/31/26, Oracle 2027/2026 (92.1 / 77.0)",121.2,128.0,"FactSet consensus 8/31/26, five US companies combined, 2027/2026",,,"DRAFT for Luke (DEC-330); not approved, not for screen",
2028,Oracle,Oracle,ESTIMATE,105.4,111.3,Race Through Time estimate (growth: FactSet consensus 8/31/26),90.0,95.0,"Oracle (as reported by Reuters), FY2027 (Jun 2026 - May 2027) (2026-09-10); Oracle annual spending target, fiscal year to May 2027, as reported by Reuters (gross capex or net cash outlay not stated) [Oracle's fiscal year June 2026 - May 2027; gross or net of customer funding not stated]",0.9794,"FactSet consensus 8/31/26, Oracle 2028/2027 (90.2 / 92.1)",131.8,139.1,"FactSet consensus 8/31/26, five US companies combined, 2028/2027",,,"DRAFT for Luke (DEC-330); not approved, not for screen",
2029,Oracle,Oracle,ESTIMATE,91.9,97.0,Race Through Time estimate (growth: FactSet consensus 8/31/26),90.0,95.0,"Oracle (as reported by Reuters), FY2027 (Jun 2026 - May 2027) (2026-09-10); Oracle annual spending target, fiscal year to May 2027, as reported by Reuters (gross capex or net cash outlay not stated) [Oracle's fiscal year June 2026 - May 2027; gross or net of customer funding not stated]",0.8714,"FactSet consensus 8/31/26, Oracle 2029/2028 (78.6 / 90.2)",135.2,142.7,"FactSet consensus 8/31/26, five US companies combined, 2029/2028",,,"DRAFT for Luke (DEC-330); not approved, not for screen",
2030,Oracle,Oracle,ESTIMATE,83.3,88.0,Race Through Time estimate (growth: FactSet consensus 8/31/26),90.0,95.0,"Oracle (as reported by Reuters), FY2027 (Jun 2026 - May 2027) (2026-09-10); Oracle annual spending target, fiscal year to May 2027, as reported by Reuters (gross capex or net cash outlay not stated) [Oracle's fiscal year June 2026 - May 2027; gross or net of customer funding not stated]",0.9071,"FactSet consensus 8/31/26, Oracle 2030/2029 (71.3 / 78.6)",148.4,156.6,"FactSet consensus 8/31/26, five US companies combined, 2030/2029",,least reliable year,"DRAFT for Luke (DEC-330); not approved, not for screen",
2026,Alibaba,Alibaba,BASE,22.3,22.3,"actual, 12 months to June 2026",22.3,22.3,actual trailing 12 months to 30 Jun 2026 (Alibaba in AI_SPENDING_RACE_MASTER.csv),,,22.3,22.3,,,,"DRAFT for Luke (DEC-330); not approved, not for screen",2026 frame figure (not our estimate).
2027,Alibaba,Alibaba,ESTIMATE,24.5,24.5,Race Through Time estimate (growth: Citi),22.3,22.3,actual trailing 12 months to 30 Jun 2026 (Alibaba in AI_SPENDING_RACE_MASTER.csv),1.0969,"Citi (Sina Finance, 23 Sep 2026), Alibaba fiscal year in frame 2027 / frame 2026 (2830 / 2580 hundred-million yuan)",30.0,30.0,"FactSet consensus 8/31/26, five US companies combined, 2027/2026",,,"DRAFT for Luke (DEC-330); not approved, not for screen",
2028,Alibaba,Alibaba,ESTIMATE,24.4,24.4,Race Through Time estimate (growth: Citi),22.3,22.3,actual trailing 12 months to 30 Jun 2026 (Alibaba in AI_SPENDING_RACE_MASTER.csv),0.9965,"Citi (Sina Finance, 23 Sep 2026), Alibaba fiscal year in frame 2028 / frame 2027 (2820 / 2830 hundred-million yuan)",32.6,32.6,"FactSet consensus 8/31/26, five US companies combined, 2028/2027",,,"DRAFT for Luke (DEC-330); not approved, not for screen",
2029,Alibaba,Alibaba,ESTIMATE,25.0,25.0,"Race Through Time estimate (growth: FactSet consensus 8/31/26, five US companies combined, 2029/2028)",22.3,22.3,actual trailing 12 months to 30 Jun 2026 (Alibaba in AI_SPENDING_RACE_MASTER.csv),1.0261,"FactSet consensus 8/31/26, five US companies combined, 2029/2028 (1189.3 / 1159.0; a growth rate from one provider's figures, not a forecast for Alibaba)",33.5,33.5,"FactSet consensus 8/31/26, five US companies combined, 2029/2028",,,"DRAFT for Luke (DEC-330); not approved, not for screen",
2030,Alibaba,Alibaba,ESTIMATE,27.4,27.4,"Race Through Time estimate (growth: FactSet consensus 8/31/26, five US companies combined, 2030/2029)",22.3,22.3,actual trailing 12 months to 30 Jun 2026 (Alibaba in AI_SPENDING_RACE_MASTER.csv),1.0974,"FactSet consensus 8/31/26, five US companies combined, 2030/2029 (1305.1 / 1189.3; a growth rate from one provider's figures, not a forecast for Alibaba)",36.8,36.8,"FactSet consensus 8/31/26, five US companies combined, 2030/2029",,least reliable year,"DRAFT for Luke (DEC-330); not approved, not for screen",
2026,CoreWeave,CoreWeave,BASE,35.0,39.0,company guidance,35.0,39.0,"CoreWeave, CY2026 (2026-08-11); CoreWeave capital expenditures, calendar 2026 (definition not stated in the guidance) [definition not stated in the guidance]",,,35.0,39.0,,,,"DRAFT for Luke (DEC-330); not approved, not for screen",2026 frame figure (not our estimate).
2027,CoreWeave,CoreWeave,ESTIMATE,47.1,52.5,"Race Through Time estimate (growth: FactSet consensus 8/31/26, five US companies combined, 2027/2026)",35.0,39.0,"CoreWeave, CY2026 (2026-08-11); CoreWeave capital expenditures, calendar 2026 (definition not stated in the guidance) [definition not stated in the guidance]",1.3469,"FactSet consensus 8/31/26, five US companies combined, 2027/2026 (1066.2 / 791.6; a growth rate from one provider's figures, not a forecast for CoreWeave)",47.1,52.5,"FactSet consensus 8/31/26, five US companies combined, 2027/2026",,,"DRAFT for Luke (DEC-330); not approved, not for screen",
2028,CoreWeave,CoreWeave,ESTIMATE,51.2,57.1,"Race Through Time estimate (growth: FactSet consensus 8/31/26, five US companies combined, 2028/2027)",35.0,39.0,"CoreWeave, CY2026 (2026-08-11); CoreWeave capital expenditures, calendar 2026 (definition not stated in the guidance) [definition not stated in the guidance]",1.0870,"FactSet consensus 8/31/26, five US companies combined, 2028/2027 (1159.0 / 1066.2; a growth rate from one provider's figures, not a forecast for CoreWeave)",51.2,57.1,"FactSet consensus 8/31/26, five US companies combined, 2028/2027",,,"DRAFT for Luke (DEC-330); not approved, not for screen",
2029,CoreWeave,CoreWeave,ESTIMATE,52.6,58.6,"Race Through Time estimate (growth: FactSet consensus 8/31/26, five US companies combined, 2029/2028)",35.0,39.0,"CoreWeave, CY2026 (2026-08-11); CoreWeave capital expenditures, calendar 2026 (definition not stated in the guidance) [definition not stated in the guidance]",1.0261,"FactSet consensus 8/31/26, five US companies combined, 2029/2028 (1189.3 / 1159.0; a growth rate from one provider's figures, not a forecast for CoreWeave)",52.6,58.6,"FactSet consensus 8/31/26, five US companies combined, 2029/2028",,,"DRAFT for Luke (DEC-330); not approved, not for screen",
2030,CoreWeave,CoreWeave,ESTIMATE,57.7,64.3,"Race Through Time estimate (growth: FactSet consensus 8/31/26, five US companies combined, 2030/2029)",35.0,39.0,"CoreWeave, CY2026 (2026-08-11); CoreWeave capital expenditures, calendar 2026 (definition not stated in the guidance) [definition not stated in the guidance]",1.0974,"FactSet consensus 8/31/26, five US companies combined, 2030/2029 (1305.1 / 1189.3; a growth rate from one provider's figures, not a forecast for CoreWeave)",57.7,64.3,"FactSet consensus 8/31/26, five US companies combined, 2030/2029",,least reliable year,"DRAFT for Luke (DEC-330); not approved, not for screen",
2026,Tencent,Tencent,BASE,17.0,17.0,"actual, 12 months to June 2026",17.0,17.0,actual trailing 12 months to 30 Jun 2026 (Tencent in AI_SPENDING_RACE_MASTER.csv),,,17.0,17.0,,,,"DRAFT for Luke (DEC-330); not approved, not for screen",2026 frame figure (not our estimate).
2027,Tencent,Tencent,ESTIMATE,22.9,22.9,"Race Through Time estimate (growth: FactSet consensus 8/31/26, five US companies combined, 2027/2026)",17.0,17.0,actual trailing 12 months to 30 Jun 2026 (Tencent in AI_SPENDING_RACE_MASTER.csv),1.3469,"FactSet consensus 8/31/26, five US companies combined, 2027/2026 (1066.2 / 791.6; a growth rate from one provider's figures, not a forecast for Tencent)",22.9,22.9,"FactSet consensus 8/31/26, five US companies combined, 2027/2026",,,"DRAFT for Luke (DEC-330); not approved, not for screen",
2028,Tencent,Tencent,ESTIMATE,24.9,24.9,"Race Through Time estimate (growth: FactSet consensus 8/31/26, five US companies combined, 2028/2027)",17.0,17.0,actual trailing 12 months to 30 Jun 2026 (Tencent in AI_SPENDING_RACE_MASTER.csv),1.0870,"FactSet consensus 8/31/26, five US companies combined, 2028/2027 (1159.0 / 1066.2; a growth rate from one provider's figures, not a forecast for Tencent)",24.9,24.9,"FactSet consensus 8/31/26, five US companies combined, 2028/2027",,,"DRAFT for Luke (DEC-330); not approved, not for screen",
2029,Tencent,Tencent,ESTIMATE,25.5,25.5,"Race Through Time estimate (growth: FactSet consensus 8/31/26, five US companies combined, 2029/2028)",17.0,17.0,actual trailing 12 months to 30 Jun 2026 (Tencent in AI_SPENDING_RACE_MASTER.csv),1.0261,"FactSet consensus 8/31/26, five US companies combined, 2029/2028 (1189.3 / 1159.0; a growth rate from one provider's figures, not a forecast for Tencent)",25.5,25.5,"FactSet consensus 8/31/26, five US companies combined, 2029/2028",,,"DRAFT for Luke (DEC-330); not approved, not for screen",
2030,Tencent,Tencent,ESTIMATE,28.0,28.0,"Race Through Time estimate (growth: FactSet consensus 8/31/26, five US companies combined, 2030/2029)",17.0,17.0,actual trailing 12 months to 30 Jun 2026 (Tencent in AI_SPENDING_RACE_MASTER.csv),1.0974,"FactSet consensus 8/31/26, five US companies combined, 2030/2029 (1305.1 / 1189.3; a growth rate from one provider's figures, not a forecast for Tencent)",28.0,28.0,"FactSet consensus 8/31/26, five US companies combined, 2030/2029",,least reliable year,"DRAFT for Luke (DEC-330); not approved, not for screen",
2026,Baidu,Baidu,BASE,3.3,3.3,"actual, 12 months to June 2026",3.3,3.3,actual trailing 12 months to 30 Jun 2026 (Baidu in AI_SPENDING_RACE_MASTER.csv),,,3.3,3.3,,,,"DRAFT for Luke (DEC-330); not approved, not for screen",2026 frame figure (not our estimate).
2027,Baidu,Baidu,ESTIMATE,4.4,4.4,"Race Through Time estimate (growth: FactSet consensus 8/31/26, five US companies combined, 2027/2026)",3.3,3.3,actual trailing 12 months to 30 Jun 2026 (Baidu in AI_SPENDING_RACE_MASTER.csv),1.3469,"FactSet consensus 8/31/26, five US companies combined, 2027/2026 (1066.2 / 791.6; a growth rate from one provider's figures, not a forecast for Baidu)",4.4,4.4,"FactSet consensus 8/31/26, five US companies combined, 2027/2026",,,"DRAFT for Luke (DEC-330); not approved, not for screen",
2028,Baidu,Baidu,ESTIMATE,4.8,4.8,"Race Through Time estimate (growth: FactSet consensus 8/31/26, five US companies combined, 2028/2027)",3.3,3.3,actual trailing 12 months to 30 Jun 2026 (Baidu in AI_SPENDING_RACE_MASTER.csv),1.0870,"FactSet consensus 8/31/26, five US companies combined, 2028/2027 (1159.0 / 1066.2; a growth rate from one provider's figures, not a forecast for Baidu)",4.8,4.8,"FactSet consensus 8/31/26, five US companies combined, 2028/2027",,,"DRAFT for Luke (DEC-330); not approved, not for screen",
2029,Baidu,Baidu,ESTIMATE,5.0,5.0,"Race Through Time estimate (growth: FactSet consensus 8/31/26, five US companies combined, 2029/2028)",3.3,3.3,actual trailing 12 months to 30 Jun 2026 (Baidu in AI_SPENDING_RACE_MASTER.csv),1.0261,"FactSet consensus 8/31/26, five US companies combined, 2029/2028 (1189.3 / 1159.0; a growth rate from one provider's figures, not a forecast for Baidu)",5.0,5.0,"FactSet consensus 8/31/26, five US companies combined, 2029/2028",,,"DRAFT for Luke (DEC-330); not approved, not for screen",
2030,Baidu,Baidu,ESTIMATE,5.4,5.4,"Race Through Time estimate (growth: FactSet consensus 8/31/26, five US companies combined, 2030/2029)",3.3,3.3,actual trailing 12 months to 30 Jun 2026 (Baidu in AI_SPENDING_RACE_MASTER.csv),1.0974,"FactSet consensus 8/31/26, five US companies combined, 2030/2029 (1305.1 / 1189.3; a growth rate from one provider's figures, not a forecast for Baidu)",5.4,5.4,"FactSet consensus 8/31/26, five US companies combined, 2030/2029",,least reliable year,"DRAFT for Luke (DEC-330); not approved, not for screen",
2026,Combined capital spending,Combined capital spending,COMBINED,887.6,921.6,Combined capital spending (sum of the nine bars on screen),,,,,,887.6,921.6,sum of the alternative column,,,"DRAFT for Luke (DEC-330); not approved, not for screen","2026 mixes company guidance for calendar 2026 (Oracle: fiscal year to May 2027) with actual 12 months to June 2026 for Alibaba, Tencent and Baidu. No AI-only forecast is included (DEC-324)."
2027,Combined capital spending,Combined capital spending,COMBINED,1186.0,1233.1,Combined capital spending (sum of the nine bars on screen); Race Through Time estimate,,,,,,1195.3,1241.2,sum of the alternative column,,,"DRAFT for Luke (DEC-330); not approved, not for screen",No AI-only forecast is included (DEC-324).
2028,Combined capital spending,Combined capital spending,COMBINED,1284.6,1336.0,Combined capital spending (sum of the nine bars on screen); Race Through Time estimate,,,,,,1299.4,1349.2,sum of the alternative column,,,"DRAFT for Luke (DEC-330); not approved, not for screen",No AI-only forecast is included (DEC-324).
2029,Combined capital spending,Combined capital spending,COMBINED,1317.3,1368.5,Combined capital spending (sum of the nine bars on screen); Race Through Time estimate,,,,,,1333.5,1384.5,sum of the alternative column,,,"DRAFT for Luke (DEC-330); not approved, not for screen",No AI-only forecast is included (DEC-324).
2030,Combined capital spending,Combined capital spending,COMBINED,1447.9,1503.6,Combined capital spending (sum of the nine bars on screen); Race Through Time estimate,,,,,,1463.3,1519.4,sum of the alternative column,,least reliable year,"DRAFT for Luke (DEC-330); not approved, not for screen",No AI-only forecast is included (DEC-324).
