quarter,Amazon,Microsoft,Alphabet,Meta,Oracle,Alibaba,Tencent,Baidu,ByteDance
2010-Q1,A_REPORTED,A_REPORTED,A_REPORTED,NOT_FOUND,DERIVED_PRIMARY,NOT_FOUND,NOT_FOUND,A_REPORTED,NOT_YET_EXISTED
2010-Q2,A_REPORTED,DERIVED_PRIMARY,DERIVED_PRIMARY,NOT_FOUND,DERIVED_PRIMARY,NOT_FOUND,NOT_FOUND,A_REPORTED,NOT_YET_EXISTED
2010-Q3,A_REPORTED,A_REPORTED,DERIVED_PRIMARY,NOT_FOUND,A_REPORTED,NOT_FOUND,NOT_FOUND,A_REPORTED,NOT_YET_EXISTED
2010-Q4,DERIVED_PRIMARY,A_REPORTED,DERIVED_PRIMARY,NOT_FOUND,DERIVED_PRIMARY,NOT_FOUND,NOT_FOUND,A_REPORTED,NOT_YET_EXISTED
2011-Q1,A_REPORTED,A_REPORTED,A_REPORTED,NOT_FOUND,DERIVED_PRIMARY,NOT_FOUND,A_REPORTED,A_REPORTED,NOT_YET_EXISTED
2011-Q2,A_REPORTED,DERIVED_PRIMARY,DERIVED_PRIMARY,NOT_FOUND,DERIVED_PRIMARY,NOT_FOUND,A_REPORTED,A_REPORTED,NOT_YET_EXISTED
2011-Q3,A_REPORTED,A_REPORTED,DERIVED_PRIMARY,DERIVED_PRIMARY,A_REPORTED,NOT_FOUND,A_REPORTED,A_REPORTED,NOT_YET_EXISTED
2011-Q4,DERIVED_PRIMARY,A_REPORTED,DERIVED_PRIMARY,DERIVED_PRIMARY,DERIVED_PRIMARY,NOT_FOUND,A_REPORTED,A_REPORTED,NOT_YET_EXISTED
2012-Q1,A_REPORTED,A_REPORTED,A_REPORTED,A_REPORTED,DERIVED_PRIMARY,NOT_FOUND,A_REPORTED,A_REPORTED,NOT_FOUND
2012-Q2,A_REPORTED,DERIVED_PRIMARY,DERIVED_PRIMARY,DERIVED_PRIMARY,DERIVED_PRIMARY,NOT_FOUND,A_REPORTED,A_REPORTED,NOT_FOUND
2012-Q3,A_REPORTED,A_REPORTED,DERIVED_PRIMARY,DERIVED_PRIMARY,A_REPORTED,NOT_FOUND,A_REPORTED,A_REPORTED,NOT_FOUND
2012-Q4,DERIVED_PRIMARY,A_REPORTED,DERIVED_PRIMARY,DERIVED_PRIMARY,DERIVED_PRIMARY,NOT_FOUND,A_REPORTED,A_REPORTED,NOT_FOUND
2013-Q1,A_REPORTED,A_REPORTED,A_REPORTED,A_REPORTED,DERIVED_PRIMARY,NOT_FOUND,A_REPORTED,A_REPORTED,NOT_FOUND
2013-Q2,A_REPORTED,DERIVED_PRIMARY,DERIVED_PRIMARY,DERIVED_PRIMARY,DERIVED_PRIMARY,DERIVED_PRIMARY,A_REPORTED,A_REPORTED,NOT_FOUND
2013-Q3,A_REPORTED,A_REPORTED,DERIVED_PRIMARY,DERIVED_PRIMARY,A_REPORTED,B_REPORTED,A_REPORTED,A_REPORTED,NOT_FOUND
2013-Q4,DERIVED_PRIMARY,A_REPORTED,DERIVED_PRIMARY,DERIVED_PRIMARY,DERIVED_PRIMARY,B_REPORTED,A_REPORTED,A_REPORTED,NOT_FOUND
2014-Q1,A_REPORTED,A_REPORTED,A_REPORTED,A_REPORTED,DERIVED_PRIMARY,B_REPORTED,A_REPORTED,A_REPORTED,NOT_FOUND
2014-Q2,A_REPORTED,DERIVED_PRIMARY,DERIVED_PRIMARY,DERIVED_PRIMARY,DERIVED_PRIMARY,A_REPORTED,A_REPORTED,A_REPORTED,NOT_FOUND
2014-Q3,A_REPORTED,A_REPORTED,DERIVED_PRIMARY,DERIVED_PRIMARY,A_REPORTED,B_REPORTED,A_REPORTED,A_REPORTED,NOT_FOUND
2014-Q4,DERIVED_PRIMARY,A_REPORTED,DERIVED_PRIMARY,DERIVED_PRIMARY,DERIVED_PRIMARY,B_REPORTED,A_REPORTED,A_REPORTED,NOT_FOUND
2015-Q1,A_REPORTED,A_REPORTED,A_REPORTED,A_REPORTED,DERIVED_PRIMARY,B_REPORTED,A_REPORTED,A_REPORTED,NOT_FOUND
2015-Q2,A_REPORTED,DERIVED_PRIMARY,DERIVED_PRIMARY,DERIVED_PRIMARY,DERIVED_PRIMARY,B_REPORTED,A_REPORTED,A_REPORTED,NOT_FOUND
2015-Q3,A_REPORTED,A_REPORTED,DERIVED_PRIMARY,DERIVED_PRIMARY,A_REPORTED,B_REPORTED,A_REPORTED,A_REPORTED,NOT_FOUND
2015-Q4,DERIVED_PRIMARY,A_REPORTED,DERIVED_PRIMARY,DERIVED_PRIMARY,DERIVED_PRIMARY,B_REPORTED,A_REPORTED,A_REPORTED,NOT_FOUND
2016-Q1,A_REPORTED,A_REPORTED,A_REPORTED,A_REPORTED,DERIVED_PRIMARY,B_REPORTED,A_REPORTED,A_REPORTED,NOT_FOUND
2016-Q2,A_REPORTED,DERIVED_PRIMARY,DERIVED_PRIMARY,DERIVED_PRIMARY,DERIVED_PRIMARY,B_REPORTED,A_REPORTED,A_REPORTED,NOT_FOUND
2016-Q3,A_REPORTED,A_REPORTED,DERIVED_PRIMARY,DERIVED_PRIMARY,A_REPORTED,B_REPORTED,A_REPORTED,A_REPORTED,NOT_FOUND
2016-Q4,DERIVED_PRIMARY,A_REPORTED,DERIVED_PRIMARY,DERIVED_PRIMARY,DERIVED_PRIMARY,B_REPORTED,A_REPORTED,A_REPORTED,NOT_FOUND
2017-Q1,A_REPORTED,A_REPORTED,A_REPORTED,A_REPORTED,DERIVED_PRIMARY,DEFINITION_BREAK,A_REPORTED,A_REPORTED,NOT_FOUND
2017-Q2,A_REPORTED,DERIVED_PRIMARY,DERIVED_PRIMARY,DERIVED_PRIMARY,DERIVED_PRIMARY,DEFINITION_BREAK,A_REPORTED,A_REPORTED,NOT_FOUND
2017-Q3,A_REPORTED,A_REPORTED,DERIVED_PRIMARY,DERIVED_PRIMARY,A_REPORTED,DEFINITION_BREAK,A_REPORTED,A_REPORTED,NOT_FOUND
2017-Q4,DERIVED_PRIMARY,A_REPORTED,DERIVED_PRIMARY,DERIVED_PRIMARY,DERIVED_PRIMARY,DEFINITION_BREAK,A_REPORTED,A_REPORTED,NOT_FOUND
2018-Q1,DERIVED_PRIMARY,A_REPORTED,A_REPORTED,A_REPORTED,DERIVED_PRIMARY,DEFINITION_BREAK,A_REPORTED,A_REPORTED,NOT_FOUND
2018-Q2,DERIVED_PRIMARY,DERIVED_PRIMARY,DERIVED_PRIMARY,DERIVED_PRIMARY,DERIVED_PRIMARY,DERIVED_PRIMARY,A_REPORTED,A_REPORTED,NOT_FOUND
2018-Q3,DERIVED_PRIMARY,A_REPORTED,DERIVED_PRIMARY,DERIVED_PRIMARY,A_REPORTED,B_REPORTED,A_REPORTED,A_REPORTED,NOT_FOUND
2018-Q4,DERIVED_PRIMARY,A_REPORTED,DERIVED_PRIMARY,DERIVED_PRIMARY,DERIVED_PRIMARY,B_REPORTED,A_REPORTED,A_REPORTED,NOT_FOUND
2019-Q1,DERIVED_PRIMARY,A_REPORTED,A_REPORTED,A_REPORTED,DERIVED_PRIMARY,B_REPORTED,A_REPORTED,A_REPORTED,NOT_FOUND
2019-Q2,DERIVED_PRIMARY,DERIVED_PRIMARY,DERIVED_PRIMARY,DERIVED_PRIMARY,DERIVED_PRIMARY,B_REPORTED,A_REPORTED,A_REPORTED,NOT_FOUND
2019-Q3,DERIVED_PRIMARY,A_REPORTED,DERIVED_PRIMARY,DERIVED_PRIMARY,A_REPORTED,B_REPORTED,A_REPORTED,A_REPORTED,NOT_FOUND
2019-Q4,DERIVED_PRIMARY,A_REPORTED,DERIVED_PRIMARY,DERIVED_PRIMARY,DERIVED_PRIMARY,B_REPORTED,A_REPORTED,A_REPORTED,NOT_FOUND
2020-Q1,DERIVED_PRIMARY,A_REPORTED,A_REPORTED,A_REPORTED,DERIVED_PRIMARY,B_REPORTED,A_REPORTED,A_REPORTED,NOT_FOUND
2020-Q2,DERIVED_PRIMARY,DERIVED_PRIMARY,DERIVED_PRIMARY,DERIVED_PRIMARY,DERIVED_PRIMARY,B_REPORTED,A_REPORTED,A_REPORTED,NOT_FOUND
2020-Q3,DERIVED_PRIMARY,A_REPORTED,DERIVED_PRIMARY,DERIVED_PRIMARY,A_REPORTED,B_REPORTED,A_REPORTED,A_REPORTED,NOT_FOUND
2020-Q4,DERIVED_PRIMARY,A_REPORTED,DERIVED_PRIMARY,DERIVED_PRIMARY,DERIVED_PRIMARY,B_REPORTED,A_REPORTED,A_REPORTED,NOT_FOUND
2021-Q1,DERIVED_PRIMARY,A_REPORTED,A_REPORTED,A_REPORTED,DERIVED_PRIMARY,B_REPORTED,A_REPORTED,A_REPORTED,NOT_FOUND
2021-Q2,DERIVED_PRIMARY,DERIVED_PRIMARY,DERIVED_PRIMARY,DERIVED_PRIMARY,DERIVED_PRIMARY,B_REPORTED,A_REPORTED,A_REPORTED,NOT_FOUND
2021-Q3,DERIVED_PRIMARY,A_REPORTED,DERIVED_PRIMARY,DERIVED_PRIMARY,A_REPORTED,B_REPORTED,A_REPORTED,A_REPORTED,NOT_FOUND
2021-Q4,DERIVED_PRIMARY,A_REPORTED,DERIVED_PRIMARY,DERIVED_PRIMARY,DERIVED_PRIMARY,B_REPORTED,A_REPORTED,A_REPORTED,NOT_FOUND
2022-Q1,DERIVED_PRIMARY,A_REPORTED,A_REPORTED,A_REPORTED,DERIVED_PRIMARY,B_REPORTED,A_REPORTED,A_REPORTED,NOT_FOUND
2022-Q2,DERIVED_PRIMARY,DERIVED_PRIMARY,DERIVED_PRIMARY,DERIVED_PRIMARY,DERIVED_PRIMARY,B_REPORTED,A_REPORTED,A_REPORTED,NOT_FOUND
2022-Q3,DERIVED_PRIMARY,A_REPORTED,DERIVED_PRIMARY,DERIVED_PRIMARY,A_REPORTED,B_REPORTED,A_REPORTED,A_REPORTED,NOT_FOUND
2022-Q4,DERIVED_PRIMARY,A_REPORTED,DERIVED_PRIMARY,DERIVED_PRIMARY,DERIVED_PRIMARY,B_REPORTED,A_REPORTED,A_REPORTED,NOT_FOUND
2023-Q1,DERIVED_PRIMARY,A_REPORTED,A_REPORTED,A_REPORTED,DERIVED_PRIMARY,B_REPORTED,A_REPORTED,A_REPORTED,NOT_FOUND
2023-Q2,DERIVED_PRIMARY,DERIVED_PRIMARY,DERIVED_PRIMARY,DERIVED_PRIMARY,DERIVED_PRIMARY,B_REPORTED,A_REPORTED,A_REPORTED,NOT_FOUND
2023-Q3,DERIVED_PRIMARY,A_REPORTED,DERIVED_PRIMARY,DERIVED_PRIMARY,A_REPORTED,B_REPORTED,A_REPORTED,A_REPORTED,NOT_FOUND
2023-Q4,DERIVED_PRIMARY,A_REPORTED,DERIVED_PRIMARY,DERIVED_PRIMARY,DERIVED_PRIMARY,B_REPORTED,A_REPORTED,A_REPORTED,NOT_FOUND
2024-Q1,DERIVED_PRIMARY,A_REPORTED,A_REPORTED,A_REPORTED,DERIVED_PRIMARY,B_REPORTED,A_REPORTED,A_REPORTED,NOT_FOUND
2024-Q2,DERIVED_PRIMARY,DERIVED_PRIMARY,DERIVED_PRIMARY,DERIVED_PRIMARY,DERIVED_PRIMARY,B_REPORTED,A_REPORTED,A_REPORTED,NOT_FOUND
2024-Q3,DERIVED_PRIMARY,A_REPORTED,DERIVED_PRIMARY,DERIVED_PRIMARY,A_REPORTED,B_REPORTED,A_REPORTED,A_REPORTED,NOT_FOUND
2024-Q4,DERIVED_PRIMARY,A_REPORTED,DERIVED_PRIMARY,DERIVED_PRIMARY,DERIVED_PRIMARY,B_REPORTED,A_REPORTED,A_REPORTED,NOT_FOUND
2025-Q1,DERIVED_PRIMARY,A_REPORTED,A_REPORTED,A_REPORTED,DERIVED_PRIMARY,B_REPORTED,A_REPORTED,A_REPORTED,NOT_FOUND
2025-Q2,DERIVED_PRIMARY,DERIVED_PRIMARY,DERIVED_PRIMARY,DERIVED_PRIMARY,DERIVED_PRIMARY,B_REPORTED,A_REPORTED,A_REPORTED,NOT_FOUND
2025-Q3,DERIVED_PRIMARY,A_REPORTED,DERIVED_PRIMARY,DERIVED_PRIMARY,A_REPORTED,B_REPORTED,A_REPORTED,A_REPORTED,NOT_FOUND
2025-Q4,DERIVED_PRIMARY,A_REPORTED,DERIVED_PRIMARY,DERIVED_PRIMARY,DERIVED_PRIMARY,B_REPORTED,A_REPORTED,A_REPORTED,NOT_FOUND
2026-Q1,DERIVED_PRIMARY,A_REPORTED,A_REPORTED,A_REPORTED,DERIVED_PRIMARY,B_REPORTED,A_REPORTED,A_REPORTED,NOT_FOUND
2026-Q2,DERIVED_PRIMARY,DERIVED_PRIMARY,DERIVED_PRIMARY,DERIVED_PRIMARY,DERIVED_PRIMARY,A_REPORTED,A_REPORTED,A_REPORTED,NOT_FOUND
