company,effective_from,effective_to,company_reported_capex_definition,cash_capex_definition,lease_treatment,other_inclusions,other_exclusions,source_id,source_url,definition_break_flag,comparison_warning,notes
Amazon,2009-04-01,2015-12-31,"""Purchases of fixed assets, including internal-use software and website development"" (to 2012), then ""Purchases of property and equipment, including internal-use software and website development"" (2013-2015); Amazon calls it cash capital expenditures","Same single line; incentives not shown separately (the 2016 label adds "", net"" to the same figures)","Capital-lease and build-to-suit additions are non-cash supplemental items, excluded",Capitalised internal-use software and website development,Acquisitions; leases,SRC-IQ16-AMAZON-0001193125-09-154174,https://www.sec.gov/Archives/edgar/data/1018724/000119312509154174/d10q.htm,FALSE,Net of property and equipment incentives (amount not disclosed before 2017),Label change only in 2013 (fixed assets -> property and equipment); same line.
Amazon,2016-01-01,2017-12-31,"""Purchases of property and equipment, including internal-use software and website development, net"" - net of property and equipment incentives",Gross purchases first shown for 2017 quarters as comparatives in the FY2017 10-K and 2018 10-Qs,As above,As above,As above,SRC-IQ16-AMAZON-0001018724-16-000227,https://www.sec.gov/Archives/edgar/data/1018724/000101872416000227/amzn-20160331x10q.htm,FALSE,,"Same figures as before; "", net"" added to the label."
Amazon,2017-01-01,2026-06-30,"Purchases of property and equipment, net of proceeds from property and equipment sales and incentives (Amazon's free-cash-flow capex; = gross line minus proceeds line)","""Purchases of property and equipment"" (gross) and ""Proceeds from property and equipment sales and incentives"" on separate lines from the FY2017 10-K (2017 re-presented)",Finance leases (capital leases before 2019) and financing obligations are non-cash additions and principal repayments in financing; all excluded from both series,Internal-use software,Acquisitions; finance-lease additions and principal,SRC-IQ16-AMAZON-0001018724-18-000005,https://www.sec.gov/Archives/edgar/data/1018724/000101872418000005/amzn-20171231x10k.htm,TRUE,Series B (gross) exists only from 2017 Q1; series A (net) is continuous from 2009,"Check: for 2017 Q1-Q3 gross minus proceeds equals the net figure first printed (1,861; 2,501; 2,659 $m)."
Microsoft,2009-04-01,2026-06-30,"NOT FOUND in SEC filings: Microsoft quotes ""capital expenditures including finance leases"" only on earnings calls / investor materials","""Additions to property and equipment"" (cash, investing activities)","Finance leases are excluded from the cash line; Microsoft's quoted capex includes them (call, 29 Jul 2026: ""Finance leases are included in capital expenditures while operating leases are not"")",,Finance leases; acquisitions,SRC-IQ16-MICROSOFT-0001193125-26-323660,https://www.sec.gov/Archives/edgar/data/789019/000119312526323660/msft-20260630.htm,FALSE,Company-quoted capex (with finance leases) is materially larger than the cash line in 2024-2026; not built in stage 1,Fiscal year ends 30 June.
Alphabet,2009-04-01,2026-06-30,"""Capital expenditures"" = purchases of property and equipment (free cash flow is ""net cash provided by operating activities less capital expenditures"")","""Purchases of property and equipment"" (cash, investing activities)","Finance-lease principal is a financing outflow, excluded",,Acquisitions; finance leases,SRC-IQ16-ALPHABET-0001652044-17-000024,https://www.sec.gov/Archives/edgar/data/1652044/000165204417000024/googexhibit991q22017.htm,FALSE,,"Google Inc. until 2 Oct 2015, then Alphabet Inc. (same economic entity)."
Meta,2012-04-01,2018-12-31,"""Capital expenditures"" = purchases of property and equipment (releases)","""Purchases of property and equipment"" (cash)",Capital-lease equipment shown separately in 2012-2013 releases; excluded,,Acquisitions,SRC-IQ16-META-0001193125-12-316895,https://www.sec.gov/Archives/edgar/data/1326801/000119312512316895/d385430dex991.htm,FALSE,,"Facebook, Inc. until 28 Oct 2021, then Meta Platforms, Inc."
Meta,2019-01-01,2026-06-30,"""Capital expenditures, including principal payments on finance leases"" (releases); from 2022 purchases are net of proceeds relating to property and equipment","""Purchases of property and equipment"" as printed in the cash-flow statement; printed ""net"" of proceeds from the 2024 filings (2023 re-presented)",Company capex adds finance-lease principal; the cash series excludes it,,Acquisitions,SRC-IQ16-META-0001326801-19-000035,https://www.sec.gov/Archives/edgar/data/1326801/000132680119000035/fb-03312019xex991.htm,TRUE,Series A changes definition in Q1 2019 (ASC 842); series B label/definition changes with the 2024 filings (net of proceeds; differences of 0-2%),Release capex printed to $10m from 2016.
Oracle,2009-04-01,2026-05-31,"""Capital expenditures"" as printed in the cash-flow statement and releases",Same line (cash purchases of property and equipment),"Finance leases not included; Oracle also publishes a different ""net cash outlay for capital expenditures"" (capex less financing flows and customer prepayments) - not used",,Acquisitions,SRC-IQ16-ORACLE-0001193125-26-277521,https://www.sec.gov/Archives/edgar/data/1341439/000119312526277521/orcl-20260531.htm,FALSE,"Fiscal year ends 31 May; quarters end Aug, Nov, Feb, May","""Net cash outlay for capital expenditures"" must never stand in for capex."
Baidu,2009-04-01,2026-06-30,"""Capital expenditures"" (releases; narrative to 2014, then the free-cash-flow reconciliation ""Less: Capital expenditures"")","Same figure: Baidu's annual capex equals ""acquisition of fixed assets"" in the 20-F cash-flow statement in every year checked (e.g. 2014 RMB4,827m; 2023 RMB11,190m)",Not stated,,Intangible assets (separate cash-flow line),SRC-BAIDU-074,https://www.sec.gov/Archives/edgar/data/1329099/,FALSE,"Consolidated Baidu figure used (not Baidu Core or iQIYI); Original RMB, converted quarter by quarter","Units: RMB thousands to Q1 2017, millions after. 2009-2014 and Q1-Q2 2018 printed rounded in text; exact later prints used where they agree."
Alibaba,2013-04-01,2016-12-31,"""Capital expenditures"" incl. cash outflow for acquisition of land use rights and construction in progress (corporate campuses)","Same figure (cash, investing activities)",Not stated,Land use rights; construction in progress,Investments and acquisitions,SRC-BABA-003,https://www.sec.gov/Archives/edgar/data/1577552/,FALSE,Land use rights are leases of land in China; the US companies buy land as property,Fiscal year ends 31 March.
Alibaba,2017-01-01,2018-06-30,"""Capital expenditures and (acquisition of) intangible assets"" (Mar 2017 - Mar 2018) and ""... and licensed copyrights"" (Jun 2018)",Not separately printed per quarter in the releases read,Not stated,Intangible assets; licensed copyrights (Jun 2018),,SRC-BABA-029,https://data.alibabagroup.com/,TRUE,Broader scope: the six quarters Jan 2017 - Jun 2018 are DEFINITION_BREAK and are not spliced into the series,A bridge would need the quarterly split of intangibles and copyrights (not found).
Alibaba,2018-07-01,2026-06-30,"""Capital expenditures"" (from the Sep 2018 release): property and equipment incl. land use rights and construction in progress relating to office campuses; intangibles and licensed copyrights excluded",Same figure (cash),From 1 Apr 2019 land use rights are right-of-use assets (ASC 842); still in the capex wording,Campus land and construction in progress,Licensed copyrights (operating cash flow from 1 Apr 2020); intangibles,SRC-BABA-039,https://data.alibabagroup.com/,TRUE,Same scope as before 2017; the free-cash-flow deduction (which excludes campus land/CIP) is NOT capex and is not used,Releases fetched from Alibaba's IR site (grade B); the same results are furnished to the SEC on Form 6-K.
Tencent,2011-01-01,2026-06-30,"""Capital expenditures"" = ADDITIONS (accrual, excluding business combinations) to property, plant and equipment, construction in progress, land use rights and intangible assets excluding content/game licences; investment properties added from Q3 2017; wording rewritten for FY2024 and from Q1 2025 (""IT infrastructure ..., data centres, land use rights, office premises and intellectual properties"")",Cash purchases of PP&E printed only in half-year and annual cash-flow statements (not quarterly) - not built in stage 1,Not stated,"Intangible assets (software, IP), land use rights, investment properties",Content and game licences; business combinations,SRC-TENC-024,https://www.hkexnews.hk/,TRUE,"Accrual additions incl. intangibles, not cash purchases: NOT strictly comparable with the other companies. No printed value was restated across the wording changes.",2011 quarters exist only as comparatives in 2012 announcements; 2009 Q2 - 2010 Q4 NOT FOUND.
