company,scope,group_definition,forecast_year,period_as_stated,forecaster,forecaster_type,forecast_date,measure,form,low,high,single,currency,value_unit,direction_text,verification,source_grade,source,url,verbatim_quote,superseded_by,notes
Amazon,COMPANY,,2026,Calendar 2026 (data calendarized by the source),FactSet consensus,CONSENSUS,2025-08-31,"Capex, calendar years, US$bn, FactSet consensus as reproduced in Exhibit 13 (definition and lease treatment not stated in the source)",NUMBER,,,127.7,USD,billion,,VERIFIED,C,SRC-IQ16D-MSIM-2026-09-17,https://www.morganstanley.com/content/dam/im/assets/publication/thought-leadership/consilient-observer/article_tofreeornottofree_ltr.pdf,Amazon Estimates As of 8/31/25 Calendar Yrs; $BB 2026 2027 2028 2029 2030 Capex 127.7 130.6 136.4 150.7 164.0,FactSet consensus 2026-08-31,"Superseded vintage. Exhibit 13, p.21 of Morgan Stanley Investment Management, Counterpoint Global, 'To Free or Not to Free (Cash Flow)', 17 Sep 2026 (Mauboussin and Callahan); read in an Internet Archive copy of the official PDF (DEC-318). The publisher is not the forecaster. Source note: 'Data calendarized; Estimates are FactSet consensus.'"
Amazon,COMPANY,,2027,Calendar 2027 (data calendarized by the source),FactSet consensus,CONSENSUS,2025-08-31,"Capex, calendar years, US$bn, FactSet consensus as reproduced in Exhibit 13 (definition and lease treatment not stated in the source)",NUMBER,,,130.6,USD,billion,,VERIFIED,C,SRC-IQ16D-MSIM-2026-09-17,https://www.morganstanley.com/content/dam/im/assets/publication/thought-leadership/consilient-observer/article_tofreeornottofree_ltr.pdf,Amazon Estimates As of 8/31/25 Calendar Yrs; $BB 2026 2027 2028 2029 2030 Capex 127.7 130.6 136.4 150.7 164.0,FactSet consensus 2026-08-31,"Superseded vintage. Exhibit 13, p.21 of Morgan Stanley Investment Management, Counterpoint Global, 'To Free or Not to Free (Cash Flow)', 17 Sep 2026 (Mauboussin and Callahan); read in an Internet Archive copy of the official PDF (DEC-318). The publisher is not the forecaster. Source note: 'Data calendarized; Estimates are FactSet consensus.'"
Amazon,COMPANY,,2028,Calendar 2028 (data calendarized by the source),FactSet consensus,CONSENSUS,2025-08-31,"Capex, calendar years, US$bn, FactSet consensus as reproduced in Exhibit 13 (definition and lease treatment not stated in the source)",NUMBER,,,136.4,USD,billion,,VERIFIED,C,SRC-IQ16D-MSIM-2026-09-17,https://www.morganstanley.com/content/dam/im/assets/publication/thought-leadership/consilient-observer/article_tofreeornottofree_ltr.pdf,Amazon Estimates As of 8/31/25 Calendar Yrs; $BB 2026 2027 2028 2029 2030 Capex 127.7 130.6 136.4 150.7 164.0,FactSet consensus 2026-08-31,"Superseded vintage. Exhibit 13, p.21 of Morgan Stanley Investment Management, Counterpoint Global, 'To Free or Not to Free (Cash Flow)', 17 Sep 2026 (Mauboussin and Callahan); read in an Internet Archive copy of the official PDF (DEC-318). The publisher is not the forecaster. Source note: 'Data calendarized; Estimates are FactSet consensus.'"
Amazon,COMPANY,,2029,Calendar 2029 (data calendarized by the source),FactSet consensus,CONSENSUS,2025-08-31,"Capex, calendar years, US$bn, FactSet consensus as reproduced in Exhibit 13 (definition and lease treatment not stated in the source)",NUMBER,,,150.7,USD,billion,,VERIFIED,C,SRC-IQ16D-MSIM-2026-09-17,https://www.morganstanley.com/content/dam/im/assets/publication/thought-leadership/consilient-observer/article_tofreeornottofree_ltr.pdf,Amazon Estimates As of 8/31/25 Calendar Yrs; $BB 2026 2027 2028 2029 2030 Capex 127.7 130.6 136.4 150.7 164.0,FactSet consensus 2026-08-31,"Superseded vintage. Exhibit 13, p.21 of Morgan Stanley Investment Management, Counterpoint Global, 'To Free or Not to Free (Cash Flow)', 17 Sep 2026 (Mauboussin and Callahan); read in an Internet Archive copy of the official PDF (DEC-318). The publisher is not the forecaster. Source note: 'Data calendarized; Estimates are FactSet consensus.'"
Amazon,COMPANY,,2030,Calendar 2030 (data calendarized by the source),FactSet consensus,CONSENSUS,2025-08-31,"Capex, calendar years, US$bn, FactSet consensus as reproduced in Exhibit 13 (definition and lease treatment not stated in the source)",NUMBER,,,164.0,USD,billion,,VERIFIED,C,SRC-IQ16D-MSIM-2026-09-17,https://www.morganstanley.com/content/dam/im/assets/publication/thought-leadership/consilient-observer/article_tofreeornottofree_ltr.pdf,Amazon Estimates As of 8/31/25 Calendar Yrs; $BB 2026 2027 2028 2029 2030 Capex 127.7 130.6 136.4 150.7 164.0,FactSet consensus 2026-08-31,"Superseded vintage. Exhibit 13, p.21 of Morgan Stanley Investment Management, Counterpoint Global, 'To Free or Not to Free (Cash Flow)', 17 Sep 2026 (Mauboussin and Callahan); read in an Internet Archive copy of the official PDF (DEC-318). The publisher is not the forecaster. Source note: 'Data calendarized; Estimates are FactSet consensus.'"
Amazon,COMPANY,,2026,Calendar 2026 (data calendarized by the source),FactSet consensus,CONSENSUS,2026-08-31,"Capex, calendar years, US$bn, FactSet consensus as reproduced in Exhibit 13 (definition and lease treatment not stated in the source)",NUMBER,,,218.0,USD,billion,,VERIFIED,C,SRC-IQ16D-MSIM-2026-09-17,https://www.morganstanley.com/content/dam/im/assets/publication/thought-leadership/consilient-observer/article_tofreeornottofree_ltr.pdf,Amazon Estimates As of 8/31/26 Calendar Yrs; $BB 2026 2027 2028 2029 2030 Capex 218.0 272.9 295.8 310.6 313.0,,"Exhibit 13, p.21 of Morgan Stanley Investment Management, Counterpoint Global, 'To Free or Not to Free (Cash Flow)', 17 Sep 2026 (Mauboussin and Callahan); read in an Internet Archive copy of the official PDF (DEC-318). The publisher is not the forecaster. Source note: 'Data calendarized; Estimates are FactSet consensus.'"
Amazon,COMPANY,,2027,Calendar 2027 (data calendarized by the source),FactSet consensus,CONSENSUS,2026-08-31,"Capex, calendar years, US$bn, FactSet consensus as reproduced in Exhibit 13 (definition and lease treatment not stated in the source)",NUMBER,,,272.9,USD,billion,,VERIFIED,C,SRC-IQ16D-MSIM-2026-09-17,https://www.morganstanley.com/content/dam/im/assets/publication/thought-leadership/consilient-observer/article_tofreeornottofree_ltr.pdf,Amazon Estimates As of 8/31/26 Calendar Yrs; $BB 2026 2027 2028 2029 2030 Capex 218.0 272.9 295.8 310.6 313.0,,"Exhibit 13, p.21 of Morgan Stanley Investment Management, Counterpoint Global, 'To Free or Not to Free (Cash Flow)', 17 Sep 2026 (Mauboussin and Callahan); read in an Internet Archive copy of the official PDF (DEC-318). The publisher is not the forecaster. Source note: 'Data calendarized; Estimates are FactSet consensus.'"
Amazon,COMPANY,,2028,Calendar 2028 (data calendarized by the source),FactSet consensus,CONSENSUS,2026-08-31,"Capex, calendar years, US$bn, FactSet consensus as reproduced in Exhibit 13 (definition and lease treatment not stated in the source)",NUMBER,,,295.8,USD,billion,,VERIFIED,C,SRC-IQ16D-MSIM-2026-09-17,https://www.morganstanley.com/content/dam/im/assets/publication/thought-leadership/consilient-observer/article_tofreeornottofree_ltr.pdf,Amazon Estimates As of 8/31/26 Calendar Yrs; $BB 2026 2027 2028 2029 2030 Capex 218.0 272.9 295.8 310.6 313.0,,"Exhibit 13, p.21 of Morgan Stanley Investment Management, Counterpoint Global, 'To Free or Not to Free (Cash Flow)', 17 Sep 2026 (Mauboussin and Callahan); read in an Internet Archive copy of the official PDF (DEC-318). The publisher is not the forecaster. Source note: 'Data calendarized; Estimates are FactSet consensus.'"
Amazon,COMPANY,,2029,Calendar 2029 (data calendarized by the source),FactSet consensus,CONSENSUS,2026-08-31,"Capex, calendar years, US$bn, FactSet consensus as reproduced in Exhibit 13 (definition and lease treatment not stated in the source)",NUMBER,,,310.6,USD,billion,,VERIFIED,C,SRC-IQ16D-MSIM-2026-09-17,https://www.morganstanley.com/content/dam/im/assets/publication/thought-leadership/consilient-observer/article_tofreeornottofree_ltr.pdf,Amazon Estimates As of 8/31/26 Calendar Yrs; $BB 2026 2027 2028 2029 2030 Capex 218.0 272.9 295.8 310.6 313.0,,"Exhibit 13, p.21 of Morgan Stanley Investment Management, Counterpoint Global, 'To Free or Not to Free (Cash Flow)', 17 Sep 2026 (Mauboussin and Callahan); read in an Internet Archive copy of the official PDF (DEC-318). The publisher is not the forecaster. Source note: 'Data calendarized; Estimates are FactSet consensus.'"
Amazon,COMPANY,,2030,Calendar 2030 (data calendarized by the source),FactSet consensus,CONSENSUS,2026-08-31,"Capex, calendar years, US$bn, FactSet consensus as reproduced in Exhibit 13 (definition and lease treatment not stated in the source)",NUMBER,,,313.0,USD,billion,,VERIFIED,C,SRC-IQ16D-MSIM-2026-09-17,https://www.morganstanley.com/content/dam/im/assets/publication/thought-leadership/consilient-observer/article_tofreeornottofree_ltr.pdf,Amazon Estimates As of 8/31/26 Calendar Yrs; $BB 2026 2027 2028 2029 2030 Capex 218.0 272.9 295.8 310.6 313.0,,"Exhibit 13, p.21 of Morgan Stanley Investment Management, Counterpoint Global, 'To Free or Not to Free (Cash Flow)', 17 Sep 2026 (Mauboussin and Callahan); read in an Internet Archive copy of the official PDF (DEC-318). The publisher is not the forecaster. Source note: 'Data calendarized; Estimates are FactSet consensus.'"
Alphabet,COMPANY,,2026,Calendar 2026 (data calendarized by the source),FactSet consensus,CONSENSUS,2025-08-31,"Capex, calendar years, US$bn, FactSet consensus as reproduced in Exhibit 13 (definition and lease treatment not stated in the source)",NUMBER,,,89.8,USD,billion,,VERIFIED,C,SRC-IQ16D-MSIM-2026-09-17,https://www.morganstanley.com/content/dam/im/assets/publication/thought-leadership/consilient-observer/article_tofreeornottofree_ltr.pdf,Alphabet Estimates As of 8/31/25 Calendar Yrs; $BB 2026 2027 2028 2029 2030 Capex 89.8 94.2 105.0 111.3 117.3,FactSet consensus 2026-08-31,"Superseded vintage. Exhibit 13, p.21 of Morgan Stanley Investment Management, Counterpoint Global, 'To Free or Not to Free (Cash Flow)', 17 Sep 2026 (Mauboussin and Callahan); read in an Internet Archive copy of the official PDF (DEC-318). The publisher is not the forecaster. Source note: 'Data calendarized; Estimates are FactSet consensus.'"
Alphabet,COMPANY,,2027,Calendar 2027 (data calendarized by the source),FactSet consensus,CONSENSUS,2025-08-31,"Capex, calendar years, US$bn, FactSet consensus as reproduced in Exhibit 13 (definition and lease treatment not stated in the source)",NUMBER,,,94.2,USD,billion,,VERIFIED,C,SRC-IQ16D-MSIM-2026-09-17,https://www.morganstanley.com/content/dam/im/assets/publication/thought-leadership/consilient-observer/article_tofreeornottofree_ltr.pdf,Alphabet Estimates As of 8/31/25 Calendar Yrs; $BB 2026 2027 2028 2029 2030 Capex 89.8 94.2 105.0 111.3 117.3,FactSet consensus 2026-08-31,"Superseded vintage. Exhibit 13, p.21 of Morgan Stanley Investment Management, Counterpoint Global, 'To Free or Not to Free (Cash Flow)', 17 Sep 2026 (Mauboussin and Callahan); read in an Internet Archive copy of the official PDF (DEC-318). The publisher is not the forecaster. Source note: 'Data calendarized; Estimates are FactSet consensus.'"
Alphabet,COMPANY,,2028,Calendar 2028 (data calendarized by the source),FactSet consensus,CONSENSUS,2025-08-31,"Capex, calendar years, US$bn, FactSet consensus as reproduced in Exhibit 13 (definition and lease treatment not stated in the source)",NUMBER,,,105.0,USD,billion,,VERIFIED,C,SRC-IQ16D-MSIM-2026-09-17,https://www.morganstanley.com/content/dam/im/assets/publication/thought-leadership/consilient-observer/article_tofreeornottofree_ltr.pdf,Alphabet Estimates As of 8/31/25 Calendar Yrs; $BB 2026 2027 2028 2029 2030 Capex 89.8 94.2 105.0 111.3 117.3,FactSet consensus 2026-08-31,"Superseded vintage. Exhibit 13, p.21 of Morgan Stanley Investment Management, Counterpoint Global, 'To Free or Not to Free (Cash Flow)', 17 Sep 2026 (Mauboussin and Callahan); read in an Internet Archive copy of the official PDF (DEC-318). The publisher is not the forecaster. Source note: 'Data calendarized; Estimates are FactSet consensus.'"
Alphabet,COMPANY,,2029,Calendar 2029 (data calendarized by the source),FactSet consensus,CONSENSUS,2025-08-31,"Capex, calendar years, US$bn, FactSet consensus as reproduced in Exhibit 13 (definition and lease treatment not stated in the source)",NUMBER,,,111.3,USD,billion,,VERIFIED,C,SRC-IQ16D-MSIM-2026-09-17,https://www.morganstanley.com/content/dam/im/assets/publication/thought-leadership/consilient-observer/article_tofreeornottofree_ltr.pdf,Alphabet Estimates As of 8/31/25 Calendar Yrs; $BB 2026 2027 2028 2029 2030 Capex 89.8 94.2 105.0 111.3 117.3,FactSet consensus 2026-08-31,"Superseded vintage. Exhibit 13, p.21 of Morgan Stanley Investment Management, Counterpoint Global, 'To Free or Not to Free (Cash Flow)', 17 Sep 2026 (Mauboussin and Callahan); read in an Internet Archive copy of the official PDF (DEC-318). The publisher is not the forecaster. Source note: 'Data calendarized; Estimates are FactSet consensus.'"
Alphabet,COMPANY,,2030,Calendar 2030 (data calendarized by the source),FactSet consensus,CONSENSUS,2025-08-31,"Capex, calendar years, US$bn, FactSet consensus as reproduced in Exhibit 13 (definition and lease treatment not stated in the source)",NUMBER,,,117.3,USD,billion,,VERIFIED,C,SRC-IQ16D-MSIM-2026-09-17,https://www.morganstanley.com/content/dam/im/assets/publication/thought-leadership/consilient-observer/article_tofreeornottofree_ltr.pdf,Alphabet Estimates As of 8/31/25 Calendar Yrs; $BB 2026 2027 2028 2029 2030 Capex 89.8 94.2 105.0 111.3 117.3,FactSet consensus 2026-08-31,"Superseded vintage. Exhibit 13, p.21 of Morgan Stanley Investment Management, Counterpoint Global, 'To Free or Not to Free (Cash Flow)', 17 Sep 2026 (Mauboussin and Callahan); read in an Internet Archive copy of the official PDF (DEC-318). The publisher is not the forecaster. Source note: 'Data calendarized; Estimates are FactSet consensus.'"
Alphabet,COMPANY,,2026,Calendar 2026 (data calendarized by the source),FactSet consensus,CONSENSUS,2026-08-31,"Capex, calendar years, US$bn, FactSet consensus as reproduced in Exhibit 13 (definition and lease treatment not stated in the source)",NUMBER,,,201.5,USD,billion,,VERIFIED,C,SRC-IQ16D-MSIM-2026-09-17,https://www.morganstanley.com/content/dam/im/assets/publication/thought-leadership/consilient-observer/article_tofreeornottofree_ltr.pdf,Alphabet Estimates As of 8/31/26 Calendar Yrs; $BB 2026 2027 2028 2029 2030 Capex 201.5 304.0 343.3 354.5 371.5,,"Exhibit 13, p.21 of Morgan Stanley Investment Management, Counterpoint Global, 'To Free or Not to Free (Cash Flow)', 17 Sep 2026 (Mauboussin and Callahan); read in an Internet Archive copy of the official PDF (DEC-318). The publisher is not the forecaster. Source note: 'Data calendarized; Estimates are FactSet consensus.'"
Alphabet,COMPANY,,2027,Calendar 2027 (data calendarized by the source),FactSet consensus,CONSENSUS,2026-08-31,"Capex, calendar years, US$bn, FactSet consensus as reproduced in Exhibit 13 (definition and lease treatment not stated in the source)",NUMBER,,,304.0,USD,billion,,VERIFIED,C,SRC-IQ16D-MSIM-2026-09-17,https://www.morganstanley.com/content/dam/im/assets/publication/thought-leadership/consilient-observer/article_tofreeornottofree_ltr.pdf,Alphabet Estimates As of 8/31/26 Calendar Yrs; $BB 2026 2027 2028 2029 2030 Capex 201.5 304.0 343.3 354.5 371.5,,"Exhibit 13, p.21 of Morgan Stanley Investment Management, Counterpoint Global, 'To Free or Not to Free (Cash Flow)', 17 Sep 2026 (Mauboussin and Callahan); read in an Internet Archive copy of the official PDF (DEC-318). The publisher is not the forecaster. Source note: 'Data calendarized; Estimates are FactSet consensus.'"
Alphabet,COMPANY,,2028,Calendar 2028 (data calendarized by the source),FactSet consensus,CONSENSUS,2026-08-31,"Capex, calendar years, US$bn, FactSet consensus as reproduced in Exhibit 13 (definition and lease treatment not stated in the source)",NUMBER,,,343.3,USD,billion,,VERIFIED,C,SRC-IQ16D-MSIM-2026-09-17,https://www.morganstanley.com/content/dam/im/assets/publication/thought-leadership/consilient-observer/article_tofreeornottofree_ltr.pdf,Alphabet Estimates As of 8/31/26 Calendar Yrs; $BB 2026 2027 2028 2029 2030 Capex 201.5 304.0 343.3 354.5 371.5,,"Exhibit 13, p.21 of Morgan Stanley Investment Management, Counterpoint Global, 'To Free or Not to Free (Cash Flow)', 17 Sep 2026 (Mauboussin and Callahan); read in an Internet Archive copy of the official PDF (DEC-318). The publisher is not the forecaster. Source note: 'Data calendarized; Estimates are FactSet consensus.'"
Alphabet,COMPANY,,2029,Calendar 2029 (data calendarized by the source),FactSet consensus,CONSENSUS,2026-08-31,"Capex, calendar years, US$bn, FactSet consensus as reproduced in Exhibit 13 (definition and lease treatment not stated in the source)",NUMBER,,,354.5,USD,billion,,VERIFIED,C,SRC-IQ16D-MSIM-2026-09-17,https://www.morganstanley.com/content/dam/im/assets/publication/thought-leadership/consilient-observer/article_tofreeornottofree_ltr.pdf,Alphabet Estimates As of 8/31/26 Calendar Yrs; $BB 2026 2027 2028 2029 2030 Capex 201.5 304.0 343.3 354.5 371.5,,"Exhibit 13, p.21 of Morgan Stanley Investment Management, Counterpoint Global, 'To Free or Not to Free (Cash Flow)', 17 Sep 2026 (Mauboussin and Callahan); read in an Internet Archive copy of the official PDF (DEC-318). The publisher is not the forecaster. Source note: 'Data calendarized; Estimates are FactSet consensus.'"
Alphabet,COMPANY,,2030,Calendar 2030 (data calendarized by the source),FactSet consensus,CONSENSUS,2026-08-31,"Capex, calendar years, US$bn, FactSet consensus as reproduced in Exhibit 13 (definition and lease treatment not stated in the source)",NUMBER,,,371.5,USD,billion,,VERIFIED,C,SRC-IQ16D-MSIM-2026-09-17,https://www.morganstanley.com/content/dam/im/assets/publication/thought-leadership/consilient-observer/article_tofreeornottofree_ltr.pdf,Alphabet Estimates As of 8/31/26 Calendar Yrs; $BB 2026 2027 2028 2029 2030 Capex 201.5 304.0 343.3 354.5 371.5,,"Exhibit 13, p.21 of Morgan Stanley Investment Management, Counterpoint Global, 'To Free or Not to Free (Cash Flow)', 17 Sep 2026 (Mauboussin and Callahan); read in an Internet Archive copy of the official PDF (DEC-318). The publisher is not the forecaster. Source note: 'Data calendarized; Estimates are FactSet consensus.'"
Microsoft,COMPANY,,2026,Calendar 2026 (data calendarized by the source),FactSet consensus,CONSENSUS,2025-08-31,"Capex, calendar years, US$bn, FactSet consensus as reproduced in Exhibit 13 (definition and lease treatment not stated in the source)",NUMBER,,,89.6,USD,billion,,VERIFIED,C,SRC-IQ16D-MSIM-2026-09-17,https://www.morganstanley.com/content/dam/im/assets/publication/thought-leadership/consilient-observer/article_tofreeornottofree_ltr.pdf,Microsoft Estimates As of 8/31/25 Calendar Yrs; $BB 2026 2027 2028 2029 2030 Capex 89.6 92.6 96.6 105.1 N/A,FactSet consensus 2026-08-31,"Superseded vintage. Exhibit 13, p.21 of Morgan Stanley Investment Management, Counterpoint Global, 'To Free or Not to Free (Cash Flow)', 17 Sep 2026 (Mauboussin and Callahan); read in an Internet Archive copy of the official PDF (DEC-318). The publisher is not the forecaster. Source note: 'Data calendarized; Estimates are FactSet consensus.'"
Microsoft,COMPANY,,2027,Calendar 2027 (data calendarized by the source),FactSet consensus,CONSENSUS,2025-08-31,"Capex, calendar years, US$bn, FactSet consensus as reproduced in Exhibit 13 (definition and lease treatment not stated in the source)",NUMBER,,,92.6,USD,billion,,VERIFIED,C,SRC-IQ16D-MSIM-2026-09-17,https://www.morganstanley.com/content/dam/im/assets/publication/thought-leadership/consilient-observer/article_tofreeornottofree_ltr.pdf,Microsoft Estimates As of 8/31/25 Calendar Yrs; $BB 2026 2027 2028 2029 2030 Capex 89.6 92.6 96.6 105.1 N/A,FactSet consensus 2026-08-31,"Superseded vintage. Exhibit 13, p.21 of Morgan Stanley Investment Management, Counterpoint Global, 'To Free or Not to Free (Cash Flow)', 17 Sep 2026 (Mauboussin and Callahan); read in an Internet Archive copy of the official PDF (DEC-318). The publisher is not the forecaster. Source note: 'Data calendarized; Estimates are FactSet consensus.'"
Microsoft,COMPANY,,2028,Calendar 2028 (data calendarized by the source),FactSet consensus,CONSENSUS,2025-08-31,"Capex, calendar years, US$bn, FactSet consensus as reproduced in Exhibit 13 (definition and lease treatment not stated in the source)",NUMBER,,,96.6,USD,billion,,VERIFIED,C,SRC-IQ16D-MSIM-2026-09-17,https://www.morganstanley.com/content/dam/im/assets/publication/thought-leadership/consilient-observer/article_tofreeornottofree_ltr.pdf,Microsoft Estimates As of 8/31/25 Calendar Yrs; $BB 2026 2027 2028 2029 2030 Capex 89.6 92.6 96.6 105.1 N/A,FactSet consensus 2026-08-31,"Superseded vintage. Exhibit 13, p.21 of Morgan Stanley Investment Management, Counterpoint Global, 'To Free or Not to Free (Cash Flow)', 17 Sep 2026 (Mauboussin and Callahan); read in an Internet Archive copy of the official PDF (DEC-318). The publisher is not the forecaster. Source note: 'Data calendarized; Estimates are FactSet consensus.'"
Microsoft,COMPANY,,2029,Calendar 2029 (data calendarized by the source),FactSet consensus,CONSENSUS,2025-08-31,"Capex, calendar years, US$bn, FactSet consensus as reproduced in Exhibit 13 (definition and lease treatment not stated in the source)",NUMBER,,,105.1,USD,billion,,VERIFIED,C,SRC-IQ16D-MSIM-2026-09-17,https://www.morganstanley.com/content/dam/im/assets/publication/thought-leadership/consilient-observer/article_tofreeornottofree_ltr.pdf,Microsoft Estimates As of 8/31/25 Calendar Yrs; $BB 2026 2027 2028 2029 2030 Capex 89.6 92.6 96.6 105.1 N/A,FactSet consensus 2026-08-31,"Superseded vintage. Exhibit 13, p.21 of Morgan Stanley Investment Management, Counterpoint Global, 'To Free or Not to Free (Cash Flow)', 17 Sep 2026 (Mauboussin and Callahan); read in an Internet Archive copy of the official PDF (DEC-318). The publisher is not the forecaster. Source note: 'Data calendarized; Estimates are FactSet consensus.'"
Microsoft,COMPANY,,2026,Calendar 2026 (data calendarized by the source),FactSet consensus,CONSENSUS,2026-08-31,"Capex, calendar years, US$bn, FactSet consensus as reproduced in Exhibit 13 (definition and lease treatment not stated in the source)",NUMBER,,,157.7,USD,billion,,VERIFIED,C,SRC-IQ16D-MSIM-2026-09-17,https://www.morganstanley.com/content/dam/im/assets/publication/thought-leadership/consilient-observer/article_tofreeornottofree_ltr.pdf,Microsoft Estimates As of 8/31/26 Calendar Yrs; $BB 2026 2027 2028 2029 2030 Capex 157.7 208.5 224.2 239.4 312.0,,"Exhibit 13, p.21 of Morgan Stanley Investment Management, Counterpoint Global, 'To Free or Not to Free (Cash Flow)', 17 Sep 2026 (Mauboussin and Callahan); read in an Internet Archive copy of the official PDF (DEC-318). The publisher is not the forecaster. Source note: 'Data calendarized; Estimates are FactSet consensus.'"
Microsoft,COMPANY,,2027,Calendar 2027 (data calendarized by the source),FactSet consensus,CONSENSUS,2026-08-31,"Capex, calendar years, US$bn, FactSet consensus as reproduced in Exhibit 13 (definition and lease treatment not stated in the source)",NUMBER,,,208.5,USD,billion,,VERIFIED,C,SRC-IQ16D-MSIM-2026-09-17,https://www.morganstanley.com/content/dam/im/assets/publication/thought-leadership/consilient-observer/article_tofreeornottofree_ltr.pdf,Microsoft Estimates As of 8/31/26 Calendar Yrs; $BB 2026 2027 2028 2029 2030 Capex 157.7 208.5 224.2 239.4 312.0,,"Exhibit 13, p.21 of Morgan Stanley Investment Management, Counterpoint Global, 'To Free or Not to Free (Cash Flow)', 17 Sep 2026 (Mauboussin and Callahan); read in an Internet Archive copy of the official PDF (DEC-318). The publisher is not the forecaster. Source note: 'Data calendarized; Estimates are FactSet consensus.'"
Microsoft,COMPANY,,2028,Calendar 2028 (data calendarized by the source),FactSet consensus,CONSENSUS,2026-08-31,"Capex, calendar years, US$bn, FactSet consensus as reproduced in Exhibit 13 (definition and lease treatment not stated in the source)",NUMBER,,,224.2,USD,billion,,VERIFIED,C,SRC-IQ16D-MSIM-2026-09-17,https://www.morganstanley.com/content/dam/im/assets/publication/thought-leadership/consilient-observer/article_tofreeornottofree_ltr.pdf,Microsoft Estimates As of 8/31/26 Calendar Yrs; $BB 2026 2027 2028 2029 2030 Capex 157.7 208.5 224.2 239.4 312.0,,"Exhibit 13, p.21 of Morgan Stanley Investment Management, Counterpoint Global, 'To Free or Not to Free (Cash Flow)', 17 Sep 2026 (Mauboussin and Callahan); read in an Internet Archive copy of the official PDF (DEC-318). The publisher is not the forecaster. Source note: 'Data calendarized; Estimates are FactSet consensus.'"
Microsoft,COMPANY,,2029,Calendar 2029 (data calendarized by the source),FactSet consensus,CONSENSUS,2026-08-31,"Capex, calendar years, US$bn, FactSet consensus as reproduced in Exhibit 13 (definition and lease treatment not stated in the source)",NUMBER,,,239.4,USD,billion,,VERIFIED,C,SRC-IQ16D-MSIM-2026-09-17,https://www.morganstanley.com/content/dam/im/assets/publication/thought-leadership/consilient-observer/article_tofreeornottofree_ltr.pdf,Microsoft Estimates As of 8/31/26 Calendar Yrs; $BB 2026 2027 2028 2029 2030 Capex 157.7 208.5 224.2 239.4 312.0,,"Exhibit 13, p.21 of Morgan Stanley Investment Management, Counterpoint Global, 'To Free or Not to Free (Cash Flow)', 17 Sep 2026 (Mauboussin and Callahan); read in an Internet Archive copy of the official PDF (DEC-318). The publisher is not the forecaster. Source note: 'Data calendarized; Estimates are FactSet consensus.'"
Microsoft,COMPANY,,2030,Calendar 2030 (data calendarized by the source),FactSet consensus,CONSENSUS,2026-08-31,"Capex, calendar years, US$bn, FactSet consensus as reproduced in Exhibit 13 (definition and lease treatment not stated in the source)",NUMBER,,,312.0,USD,billion,,VERIFIED,C,SRC-IQ16D-MSIM-2026-09-17,https://www.morganstanley.com/content/dam/im/assets/publication/thought-leadership/consilient-observer/article_tofreeornottofree_ltr.pdf,Microsoft Estimates As of 8/31/26 Calendar Yrs; $BB 2026 2027 2028 2029 2030 Capex 157.7 208.5 224.2 239.4 312.0,,"Exhibit 13, p.21 of Morgan Stanley Investment Management, Counterpoint Global, 'To Free or Not to Free (Cash Flow)', 17 Sep 2026 (Mauboussin and Callahan); read in an Internet Archive copy of the official PDF (DEC-318). The publisher is not the forecaster. Source note: 'Data calendarized; Estimates are FactSet consensus.'"
Meta,COMPANY,,2026,Calendar 2026 (data calendarized by the source),FactSet consensus,CONSENSUS,2025-08-31,"Capex, calendar years, US$bn, FactSet consensus as reproduced in Exhibit 13 (definition and lease treatment not stated in the source)",NUMBER,,,94.7,USD,billion,,VERIFIED,C,SRC-IQ16D-MSIM-2026-09-17,https://www.morganstanley.com/content/dam/im/assets/publication/thought-leadership/consilient-observer/article_tofreeornottofree_ltr.pdf,Meta Platforms Estimates As of 8/31/25 Calendar Yrs; $BB 2026 2027 2028 2029 2030 Capex 94.7 102.8 116.6 114.3 116.3,FactSet consensus 2026-08-31,"Superseded vintage. Exhibit 13, p.21 of Morgan Stanley Investment Management, Counterpoint Global, 'To Free or Not to Free (Cash Flow)', 17 Sep 2026 (Mauboussin and Callahan); read in an Internet Archive copy of the official PDF (DEC-318). The publisher is not the forecaster. Source note: 'Data calendarized; Estimates are FactSet consensus.'"
Meta,COMPANY,,2027,Calendar 2027 (data calendarized by the source),FactSet consensus,CONSENSUS,2025-08-31,"Capex, calendar years, US$bn, FactSet consensus as reproduced in Exhibit 13 (definition and lease treatment not stated in the source)",NUMBER,,,102.8,USD,billion,,VERIFIED,C,SRC-IQ16D-MSIM-2026-09-17,https://www.morganstanley.com/content/dam/im/assets/publication/thought-leadership/consilient-observer/article_tofreeornottofree_ltr.pdf,Meta Platforms Estimates As of 8/31/25 Calendar Yrs; $BB 2026 2027 2028 2029 2030 Capex 94.7 102.8 116.6 114.3 116.3,FactSet consensus 2026-08-31,"Superseded vintage. Exhibit 13, p.21 of Morgan Stanley Investment Management, Counterpoint Global, 'To Free or Not to Free (Cash Flow)', 17 Sep 2026 (Mauboussin and Callahan); read in an Internet Archive copy of the official PDF (DEC-318). The publisher is not the forecaster. Source note: 'Data calendarized; Estimates are FactSet consensus.'"
Meta,COMPANY,,2028,Calendar 2028 (data calendarized by the source),FactSet consensus,CONSENSUS,2025-08-31,"Capex, calendar years, US$bn, FactSet consensus as reproduced in Exhibit 13 (definition and lease treatment not stated in the source)",NUMBER,,,116.6,USD,billion,,VERIFIED,C,SRC-IQ16D-MSIM-2026-09-17,https://www.morganstanley.com/content/dam/im/assets/publication/thought-leadership/consilient-observer/article_tofreeornottofree_ltr.pdf,Meta Platforms Estimates As of 8/31/25 Calendar Yrs; $BB 2026 2027 2028 2029 2030 Capex 94.7 102.8 116.6 114.3 116.3,FactSet consensus 2026-08-31,"Superseded vintage. Exhibit 13, p.21 of Morgan Stanley Investment Management, Counterpoint Global, 'To Free or Not to Free (Cash Flow)', 17 Sep 2026 (Mauboussin and Callahan); read in an Internet Archive copy of the official PDF (DEC-318). The publisher is not the forecaster. Source note: 'Data calendarized; Estimates are FactSet consensus.'"
Meta,COMPANY,,2029,Calendar 2029 (data calendarized by the source),FactSet consensus,CONSENSUS,2025-08-31,"Capex, calendar years, US$bn, FactSet consensus as reproduced in Exhibit 13 (definition and lease treatment not stated in the source)",NUMBER,,,114.3,USD,billion,,VERIFIED,C,SRC-IQ16D-MSIM-2026-09-17,https://www.morganstanley.com/content/dam/im/assets/publication/thought-leadership/consilient-observer/article_tofreeornottofree_ltr.pdf,Meta Platforms Estimates As of 8/31/25 Calendar Yrs; $BB 2026 2027 2028 2029 2030 Capex 94.7 102.8 116.6 114.3 116.3,FactSet consensus 2026-08-31,"Superseded vintage. Exhibit 13, p.21 of Morgan Stanley Investment Management, Counterpoint Global, 'To Free or Not to Free (Cash Flow)', 17 Sep 2026 (Mauboussin and Callahan); read in an Internet Archive copy of the official PDF (DEC-318). The publisher is not the forecaster. Source note: 'Data calendarized; Estimates are FactSet consensus.'"
Meta,COMPANY,,2030,Calendar 2030 (data calendarized by the source),FactSet consensus,CONSENSUS,2025-08-31,"Capex, calendar years, US$bn, FactSet consensus as reproduced in Exhibit 13 (definition and lease treatment not stated in the source)",NUMBER,,,116.3,USD,billion,,VERIFIED,C,SRC-IQ16D-MSIM-2026-09-17,https://www.morganstanley.com/content/dam/im/assets/publication/thought-leadership/consilient-observer/article_tofreeornottofree_ltr.pdf,Meta Platforms Estimates As of 8/31/25 Calendar Yrs; $BB 2026 2027 2028 2029 2030 Capex 94.7 102.8 116.6 114.3 116.3,FactSet consensus 2026-08-31,"Superseded vintage. Exhibit 13, p.21 of Morgan Stanley Investment Management, Counterpoint Global, 'To Free or Not to Free (Cash Flow)', 17 Sep 2026 (Mauboussin and Callahan); read in an Internet Archive copy of the official PDF (DEC-318). The publisher is not the forecaster. Source note: 'Data calendarized; Estimates are FactSet consensus.'"
Meta,COMPANY,,2026,Calendar 2026 (data calendarized by the source),FactSet consensus,CONSENSUS,2026-08-31,"Capex, calendar years, US$bn, FactSet consensus as reproduced in Exhibit 13 (definition and lease treatment not stated in the source)",NUMBER,,,137.4,USD,billion,,VERIFIED,C,SRC-IQ16D-MSIM-2026-09-17,https://www.morganstanley.com/content/dam/im/assets/publication/thought-leadership/consilient-observer/article_tofreeornottofree_ltr.pdf,Meta Platforms Estimates As of 8/31/26 Calendar Yrs; $BB 2026 2027 2028 2029 2030 Capex 137.4 188.7 205.5 206.2 237.3,,"Exhibit 13, p.21 of Morgan Stanley Investment Management, Counterpoint Global, 'To Free or Not to Free (Cash Flow)', 17 Sep 2026 (Mauboussin and Callahan); read in an Internet Archive copy of the official PDF (DEC-318). The publisher is not the forecaster. Source note: 'Data calendarized; Estimates are FactSet consensus.'"
Meta,COMPANY,,2027,Calendar 2027 (data calendarized by the source),FactSet consensus,CONSENSUS,2026-08-31,"Capex, calendar years, US$bn, FactSet consensus as reproduced in Exhibit 13 (definition and lease treatment not stated in the source)",NUMBER,,,188.7,USD,billion,,VERIFIED,C,SRC-IQ16D-MSIM-2026-09-17,https://www.morganstanley.com/content/dam/im/assets/publication/thought-leadership/consilient-observer/article_tofreeornottofree_ltr.pdf,Meta Platforms Estimates As of 8/31/26 Calendar Yrs; $BB 2026 2027 2028 2029 2030 Capex 137.4 188.7 205.5 206.2 237.3,,"Exhibit 13, p.21 of Morgan Stanley Investment Management, Counterpoint Global, 'To Free or Not to Free (Cash Flow)', 17 Sep 2026 (Mauboussin and Callahan); read in an Internet Archive copy of the official PDF (DEC-318). The publisher is not the forecaster. Source note: 'Data calendarized; Estimates are FactSet consensus.'"
Meta,COMPANY,,2028,Calendar 2028 (data calendarized by the source),FactSet consensus,CONSENSUS,2026-08-31,"Capex, calendar years, US$bn, FactSet consensus as reproduced in Exhibit 13 (definition and lease treatment not stated in the source)",NUMBER,,,205.5,USD,billion,,VERIFIED,C,SRC-IQ16D-MSIM-2026-09-17,https://www.morganstanley.com/content/dam/im/assets/publication/thought-leadership/consilient-observer/article_tofreeornottofree_ltr.pdf,Meta Platforms Estimates As of 8/31/26 Calendar Yrs; $BB 2026 2027 2028 2029 2030 Capex 137.4 188.7 205.5 206.2 237.3,,"Exhibit 13, p.21 of Morgan Stanley Investment Management, Counterpoint Global, 'To Free or Not to Free (Cash Flow)', 17 Sep 2026 (Mauboussin and Callahan); read in an Internet Archive copy of the official PDF (DEC-318). The publisher is not the forecaster. Source note: 'Data calendarized; Estimates are FactSet consensus.'"
Meta,COMPANY,,2029,Calendar 2029 (data calendarized by the source),FactSet consensus,CONSENSUS,2026-08-31,"Capex, calendar years, US$bn, FactSet consensus as reproduced in Exhibit 13 (definition and lease treatment not stated in the source)",NUMBER,,,206.2,USD,billion,,VERIFIED,C,SRC-IQ16D-MSIM-2026-09-17,https://www.morganstanley.com/content/dam/im/assets/publication/thought-leadership/consilient-observer/article_tofreeornottofree_ltr.pdf,Meta Platforms Estimates As of 8/31/26 Calendar Yrs; $BB 2026 2027 2028 2029 2030 Capex 137.4 188.7 205.5 206.2 237.3,,"Exhibit 13, p.21 of Morgan Stanley Investment Management, Counterpoint Global, 'To Free or Not to Free (Cash Flow)', 17 Sep 2026 (Mauboussin and Callahan); read in an Internet Archive copy of the official PDF (DEC-318). The publisher is not the forecaster. Source note: 'Data calendarized; Estimates are FactSet consensus.'"
Meta,COMPANY,,2030,Calendar 2030 (data calendarized by the source),FactSet consensus,CONSENSUS,2026-08-31,"Capex, calendar years, US$bn, FactSet consensus as reproduced in Exhibit 13 (definition and lease treatment not stated in the source)",NUMBER,,,237.3,USD,billion,,VERIFIED,C,SRC-IQ16D-MSIM-2026-09-17,https://www.morganstanley.com/content/dam/im/assets/publication/thought-leadership/consilient-observer/article_tofreeornottofree_ltr.pdf,Meta Platforms Estimates As of 8/31/26 Calendar Yrs; $BB 2026 2027 2028 2029 2030 Capex 137.4 188.7 205.5 206.2 237.3,,"Exhibit 13, p.21 of Morgan Stanley Investment Management, Counterpoint Global, 'To Free or Not to Free (Cash Flow)', 17 Sep 2026 (Mauboussin and Callahan); read in an Internet Archive copy of the official PDF (DEC-318). The publisher is not the forecaster. Source note: 'Data calendarized; Estimates are FactSet consensus.'"
Oracle,COMPANY,,2026,Calendar 2026 (data calendarized by the source),FactSet consensus,CONSENSUS,2025-08-31,"Capex, calendar years, US$bn, FactSet consensus as reproduced in Exhibit 13 (definition and lease treatment not stated in the source)",NUMBER,,,29.0,USD,billion,,VERIFIED,C,SRC-IQ16D-MSIM-2026-09-17,https://www.morganstanley.com/content/dam/im/assets/publication/thought-leadership/consilient-observer/article_tofreeornottofree_ltr.pdf,Oracle Estimates As of 8/31/25 Calendar Yrs; $BB 2026 2027 2028 2029 2030 Capex 29.0 35.8 39.9 N/A N/A,FactSet consensus 2026-08-31,"Superseded vintage. Exhibit 13, p.21 of Morgan Stanley Investment Management, Counterpoint Global, 'To Free or Not to Free (Cash Flow)', 17 Sep 2026 (Mauboussin and Callahan); read in an Internet Archive copy of the official PDF (DEC-318). The publisher is not the forecaster. Source note: 'Data calendarized; Estimates are FactSet consensus.'"
Oracle,COMPANY,,2027,Calendar 2027 (data calendarized by the source),FactSet consensus,CONSENSUS,2025-08-31,"Capex, calendar years, US$bn, FactSet consensus as reproduced in Exhibit 13 (definition and lease treatment not stated in the source)",NUMBER,,,35.8,USD,billion,,VERIFIED,C,SRC-IQ16D-MSIM-2026-09-17,https://www.morganstanley.com/content/dam/im/assets/publication/thought-leadership/consilient-observer/article_tofreeornottofree_ltr.pdf,Oracle Estimates As of 8/31/25 Calendar Yrs; $BB 2026 2027 2028 2029 2030 Capex 29.0 35.8 39.9 N/A N/A,FactSet consensus 2026-08-31,"Superseded vintage. Exhibit 13, p.21 of Morgan Stanley Investment Management, Counterpoint Global, 'To Free or Not to Free (Cash Flow)', 17 Sep 2026 (Mauboussin and Callahan); read in an Internet Archive copy of the official PDF (DEC-318). The publisher is not the forecaster. Source note: 'Data calendarized; Estimates are FactSet consensus.'"
Oracle,COMPANY,,2028,Calendar 2028 (data calendarized by the source),FactSet consensus,CONSENSUS,2025-08-31,"Capex, calendar years, US$bn, FactSet consensus as reproduced in Exhibit 13 (definition and lease treatment not stated in the source)",NUMBER,,,39.9,USD,billion,,VERIFIED,C,SRC-IQ16D-MSIM-2026-09-17,https://www.morganstanley.com/content/dam/im/assets/publication/thought-leadership/consilient-observer/article_tofreeornottofree_ltr.pdf,Oracle Estimates As of 8/31/25 Calendar Yrs; $BB 2026 2027 2028 2029 2030 Capex 29.0 35.8 39.9 N/A N/A,FactSet consensus 2026-08-31,"Superseded vintage. Exhibit 13, p.21 of Morgan Stanley Investment Management, Counterpoint Global, 'To Free or Not to Free (Cash Flow)', 17 Sep 2026 (Mauboussin and Callahan); read in an Internet Archive copy of the official PDF (DEC-318). The publisher is not the forecaster. Source note: 'Data calendarized; Estimates are FactSet consensus.'"
Oracle,COMPANY,,2026,Calendar 2026 (data calendarized by the source),FactSet consensus,CONSENSUS,2026-08-31,"Capex, calendar years, US$bn, FactSet consensus as reproduced in Exhibit 13 (definition and lease treatment not stated in the source)",NUMBER,,,77.0,USD,billion,,VERIFIED,C,SRC-IQ16D-MSIM-2026-09-17,https://www.morganstanley.com/content/dam/im/assets/publication/thought-leadership/consilient-observer/article_tofreeornottofree_ltr.pdf,Oracle Estimates As of 8/31/26 Calendar Yrs; $BB 2026 2027 2028 2029 2030 Capex 77.0 92.1 90.2 78.6 71.3,,"Exhibit 13, p.21 of Morgan Stanley Investment Management, Counterpoint Global, 'To Free or Not to Free (Cash Flow)', 17 Sep 2026 (Mauboussin and Callahan); read in an Internet Archive copy of the official PDF (DEC-318). The publisher is not the forecaster. Source note: 'Data calendarized; Estimates are FactSet consensus.'"
Oracle,COMPANY,,2027,Calendar 2027 (data calendarized by the source),FactSet consensus,CONSENSUS,2026-08-31,"Capex, calendar years, US$bn, FactSet consensus as reproduced in Exhibit 13 (definition and lease treatment not stated in the source)",NUMBER,,,92.1,USD,billion,,VERIFIED,C,SRC-IQ16D-MSIM-2026-09-17,https://www.morganstanley.com/content/dam/im/assets/publication/thought-leadership/consilient-observer/article_tofreeornottofree_ltr.pdf,Oracle Estimates As of 8/31/26 Calendar Yrs; $BB 2026 2027 2028 2029 2030 Capex 77.0 92.1 90.2 78.6 71.3,,"Exhibit 13, p.21 of Morgan Stanley Investment Management, Counterpoint Global, 'To Free or Not to Free (Cash Flow)', 17 Sep 2026 (Mauboussin and Callahan); read in an Internet Archive copy of the official PDF (DEC-318). The publisher is not the forecaster. Source note: 'Data calendarized; Estimates are FactSet consensus.'"
Oracle,COMPANY,,2028,Calendar 2028 (data calendarized by the source),FactSet consensus,CONSENSUS,2026-08-31,"Capex, calendar years, US$bn, FactSet consensus as reproduced in Exhibit 13 (definition and lease treatment not stated in the source)",NUMBER,,,90.2,USD,billion,,VERIFIED,C,SRC-IQ16D-MSIM-2026-09-17,https://www.morganstanley.com/content/dam/im/assets/publication/thought-leadership/consilient-observer/article_tofreeornottofree_ltr.pdf,Oracle Estimates As of 8/31/26 Calendar Yrs; $BB 2026 2027 2028 2029 2030 Capex 77.0 92.1 90.2 78.6 71.3,,"Exhibit 13, p.21 of Morgan Stanley Investment Management, Counterpoint Global, 'To Free or Not to Free (Cash Flow)', 17 Sep 2026 (Mauboussin and Callahan); read in an Internet Archive copy of the official PDF (DEC-318). The publisher is not the forecaster. Source note: 'Data calendarized; Estimates are FactSet consensus.'"
Oracle,COMPANY,,2029,Calendar 2029 (data calendarized by the source),FactSet consensus,CONSENSUS,2026-08-31,"Capex, calendar years, US$bn, FactSet consensus as reproduced in Exhibit 13 (definition and lease treatment not stated in the source)",NUMBER,,,78.6,USD,billion,,VERIFIED,C,SRC-IQ16D-MSIM-2026-09-17,https://www.morganstanley.com/content/dam/im/assets/publication/thought-leadership/consilient-observer/article_tofreeornottofree_ltr.pdf,Oracle Estimates As of 8/31/26 Calendar Yrs; $BB 2026 2027 2028 2029 2030 Capex 77.0 92.1 90.2 78.6 71.3,,"Exhibit 13, p.21 of Morgan Stanley Investment Management, Counterpoint Global, 'To Free or Not to Free (Cash Flow)', 17 Sep 2026 (Mauboussin and Callahan); read in an Internet Archive copy of the official PDF (DEC-318). The publisher is not the forecaster. Source note: 'Data calendarized; Estimates are FactSet consensus.'"
Oracle,COMPANY,,2030,Calendar 2030 (data calendarized by the source),FactSet consensus,CONSENSUS,2026-08-31,"Capex, calendar years, US$bn, FactSet consensus as reproduced in Exhibit 13 (definition and lease treatment not stated in the source)",NUMBER,,,71.3,USD,billion,,VERIFIED,C,SRC-IQ16D-MSIM-2026-09-17,https://www.morganstanley.com/content/dam/im/assets/publication/thought-leadership/consilient-observer/article_tofreeornottofree_ltr.pdf,Oracle Estimates As of 8/31/26 Calendar Yrs; $BB 2026 2027 2028 2029 2030 Capex 77.0 92.1 90.2 78.6 71.3,,"Exhibit 13, p.21 of Morgan Stanley Investment Management, Counterpoint Global, 'To Free or Not to Free (Cash Flow)', 17 Sep 2026 (Mauboussin and Callahan); read in an Internet Archive copy of the official PDF (DEC-318). The publisher is not the forecaster. Source note: 'Data calendarized; Estimates are FactSet consensus.'"
Amazon,COMPANY,,2026,CY 2026E,Visible Alpha consensus,CONSENSUS,2026-07-22,"Purchases of property and equipment ($M), calendar year, Visible Alpha consensus (S&P Global Market Intelligence chart ""CapEx and OpEx overview"")",NUMBER,,,203623,USD,million,,VERIFIED,C,SRC-IQ16D-SPGMI-VA-CHARTS-2026-07-23,https://www.capitaliq.spglobal.com/Articles/434502205.png,"Purchases of property and equipment ($M) ... CY 2026E 203,623 CY 2027E 238,651",,"Chart cells read by eye by Claude Code (IQ-16d) from the chart image at source; they equal ChatGPT's independent transcription. ""Data compiled July 22, 2026"", before the Q2 2026 results. Gross purchases: our Amazon bars are net of incentives (2-3% lower)."
Amazon,COMPANY,,2027,CY 2027E,Visible Alpha consensus,CONSENSUS,2026-07-22,"Purchases of property and equipment ($M), calendar year, Visible Alpha consensus (S&P Global Market Intelligence chart ""CapEx and OpEx overview"")",NUMBER,,,238651,USD,million,,VERIFIED,C,SRC-IQ16D-SPGMI-VA-CHARTS-2026-07-23,https://www.capitaliq.spglobal.com/Articles/434502205.png,"Purchases of property and equipment ($M) ... CY 2026E 203,623 CY 2027E 238,651",,"Chart cells read by eye by Claude Code (IQ-16d) from the chart image at source; they equal ChatGPT's independent transcription. ""Data compiled July 22, 2026"", before the Q2 2026 results. Gross purchases: our Amazon bars are net of incentives (2-3% lower)."
Alphabet,COMPANY,,2026,CY 2026E,Visible Alpha consensus,CONSENSUS,2026-07-22,"Purchases of property and equipment ($M), calendar year, Visible Alpha consensus (S&P Global Market Intelligence chart ""CapEx and OpEx overview"")",NUMBER,,,187786,USD,million,,VERIFIED,C,SRC-IQ16D-SPGMI-VA-CHARTS-2026-07-23,https://www.capitaliq.spglobal.com/Articles/434502205.png,"Purchases of property and equipment ($M) ... CY 2026E 187,786 CY 2027E 265,836",,"Chart cells read by eye by Claude Code (IQ-16d) from the chart image at source; they equal ChatGPT's independent transcription. ""Data compiled July 22, 2026"", before the Q2 2026 results."
Alphabet,COMPANY,,2027,CY 2027E,Visible Alpha consensus,CONSENSUS,2026-07-22,"Purchases of property and equipment ($M), calendar year, Visible Alpha consensus (S&P Global Market Intelligence chart ""CapEx and OpEx overview"")",NUMBER,,,265836,USD,million,,VERIFIED,C,SRC-IQ16D-SPGMI-VA-CHARTS-2026-07-23,https://www.capitaliq.spglobal.com/Articles/434502205.png,"Purchases of property and equipment ($M) ... CY 2026E 187,786 CY 2027E 265,836",,"Chart cells read by eye by Claude Code (IQ-16d) from the chart image at source; they equal ChatGPT's independent transcription. ""Data compiled July 22, 2026"", before the Q2 2026 results."
Microsoft,COMPANY,,2026,CY 2026E,Visible Alpha consensus,CONSENSUS,2026-07-22,"Additions to property and equipment ($M), calendar year, Visible Alpha consensus (S&P Global Market Intelligence chart ""CapEx and OpEx overview"")",NUMBER,,,153736,USD,million,,VERIFIED,C,SRC-IQ16D-SPGMI-VA-CHARTS-2026-07-23,https://www.capitaliq.spglobal.com/Articles/434502205.png,"Additions to property and equipment ($M) ... CY 2026E 153,736 CY 2027E 200,931",,"Chart cells read by eye by Claude Code (IQ-16d) from the chart image at source; they equal ChatGPT's independent transcription. ""Data compiled July 22, 2026"", before the Q2 2026 results. Visible Alpha calendarises Microsoft by averaging two June fiscal years (its CY2022-2024 history equals (FY + next FY)/2 of our figures to the million; DEC-317)."
Microsoft,COMPANY,,2027,CY 2027E,Visible Alpha consensus,CONSENSUS,2026-07-22,"Additions to property and equipment ($M), calendar year, Visible Alpha consensus (S&P Global Market Intelligence chart ""CapEx and OpEx overview"")",NUMBER,,,200931,USD,million,,VERIFIED,C,SRC-IQ16D-SPGMI-VA-CHARTS-2026-07-23,https://www.capitaliq.spglobal.com/Articles/434502205.png,"Additions to property and equipment ($M) ... CY 2026E 153,736 CY 2027E 200,931",,"Chart cells read by eye by Claude Code (IQ-16d) from the chart image at source; they equal ChatGPT's independent transcription. ""Data compiled July 22, 2026"", before the Q2 2026 results. Visible Alpha calendarises Microsoft by averaging two June fiscal years (its CY2022-2024 history equals (FY + next FY)/2 of our figures to the million; DEC-317)."
"Group: Meta, Alphabet, Amazon, Microsoft (Visible Alpha)",GROUP,"Meta Platforms, Alphabet, Amazon.com, Microsoft",2026,CY 2026E,Visible Alpha consensus,CONSENSUS,2026-07-22,"Aggregate CapEx ($M), calendar year, as printed in the chart",NUMBER,,,681867,USD,million,,VERIFIED,C,SRC-IQ16D-SPGMI-VA-CHARTS-2026-07-23,https://www.capitaliq.spglobal.com/Articles/434502205.png,"Aggregate CapEx ... CY 2026E 681,867 CY 2027E 879,941",,"Printed total, not summed by Claude. Chart read by eye."
"Group: Meta, Alphabet, Amazon, Microsoft (Visible Alpha)",GROUP,"Meta Platforms, Alphabet, Amazon.com, Microsoft",2027,CY 2027E,Visible Alpha consensus,CONSENSUS,2026-07-22,"Aggregate CapEx ($M), calendar year, as printed in the chart",NUMBER,,,879941,USD,million,,VERIFIED,C,SRC-IQ16D-SPGMI-VA-CHARTS-2026-07-23,https://www.capitaliq.spglobal.com/Articles/434502205.png,"Aggregate CapEx ... CY 2026E 681,867 CY 2027E 879,941",,"Printed total, not summed by Claude. Chart read by eye. The article text is said to give $878bn (UNVERIFIED: the article page refuses runners)."
Meta,COMPANY,,2026,FY 2026e (fiscal year = calendar year),Visible Alpha consensus,CONSENSUS,2026-07-22,"Purchases of property, plant and equipment, net ($M), Visible Alpha consensus (S&P Global Market Intelligence chart ""Meta Platforms revisions"")",NUMBER,,,136723,USD,million,,VERIFIED,C,SRC-IQ16D-SPGMI-VA-CHARTS-2026-07-23,https://www.capitaliq.spglobal.com/Articles/434502326.png,"Purchases of property, plant and equipment, net ($M) Current ... FY 2026e 136,723 FY 2027e 174,523 FY 2028e 189,094",,Chart read by eye by Claude Code (IQ-16d); equals ChatGPT's transcription. The chart's actual quarters 2025-Q1 2026 equal our Meta series exactly. The CY overview chart repeats the current 2026-2027 values.
Meta,COMPANY,,2027,FY 2027e (fiscal year = calendar year),Visible Alpha consensus,CONSENSUS,2026-07-22,"Purchases of property, plant and equipment, net ($M), Visible Alpha consensus (S&P Global Market Intelligence chart ""Meta Platforms revisions"")",NUMBER,,,174523,USD,million,,VERIFIED,C,SRC-IQ16D-SPGMI-VA-CHARTS-2026-07-23,https://www.capitaliq.spglobal.com/Articles/434502326.png,"Purchases of property, plant and equipment, net ($M) Current ... FY 2026e 136,723 FY 2027e 174,523 FY 2028e 189,094",,Chart read by eye by Claude Code (IQ-16d); equals ChatGPT's transcription. The chart's actual quarters 2025-Q1 2026 equal our Meta series exactly. The CY overview chart repeats the current 2026-2027 values.
Meta,COMPANY,,2028,FY 2028e (fiscal year = calendar year),Visible Alpha consensus,CONSENSUS,2026-07-22,"Purchases of property, plant and equipment, net ($M), Visible Alpha consensus (S&P Global Market Intelligence chart ""Meta Platforms revisions"")",NUMBER,,,189094,USD,million,,VERIFIED,C,SRC-IQ16D-SPGMI-VA-CHARTS-2026-07-23,https://www.capitaliq.spglobal.com/Articles/434502326.png,"Purchases of property, plant and equipment, net ($M) Current ... FY 2026e 136,723 FY 2027e 174,523 FY 2028e 189,094",,Chart read by eye by Claude Code (IQ-16d); equals ChatGPT's transcription. The chart's actual quarters 2025-Q1 2026 equal our Meta series exactly. The CY overview chart repeats the current 2026-2027 values.
Meta,COMPANY,,2026,FY 2026e (fiscal year = calendar year),Visible Alpha consensus,CONSENSUS,2026-04-29,"Purchases of property, plant and equipment, net ($M), Visible Alpha consensus (S&P Global Market Intelligence chart ""Meta Platforms revisions"")",NUMBER,,,125262,USD,million,,VERIFIED,C,SRC-IQ16D-SPGMI-VA-CHARTS-2026-07-23,https://www.capitaliq.spglobal.com/Articles/434502326.png,"Purchases of property, plant and equipment, net ($M) Apr. 29, 2026 ... FY 2026e 125,262 FY 2027e 141,371 FY 2028e 150,517",Visible Alpha consensus 2026-07-22,Superseded vintage. Chart read by eye by Claude Code (IQ-16d); equals ChatGPT's transcription. The chart's actual quarters 2025-Q1 2026 equal our Meta series exactly. The CY overview chart repeats the current 2026-2027 values.
Meta,COMPANY,,2027,FY 2027e (fiscal year = calendar year),Visible Alpha consensus,CONSENSUS,2026-04-29,"Purchases of property, plant and equipment, net ($M), Visible Alpha consensus (S&P Global Market Intelligence chart ""Meta Platforms revisions"")",NUMBER,,,141371,USD,million,,VERIFIED,C,SRC-IQ16D-SPGMI-VA-CHARTS-2026-07-23,https://www.capitaliq.spglobal.com/Articles/434502326.png,"Purchases of property, plant and equipment, net ($M) Apr. 29, 2026 ... FY 2026e 125,262 FY 2027e 141,371 FY 2028e 150,517",Visible Alpha consensus 2026-07-22,Superseded vintage. Chart read by eye by Claude Code (IQ-16d); equals ChatGPT's transcription. The chart's actual quarters 2025-Q1 2026 equal our Meta series exactly. The CY overview chart repeats the current 2026-2027 values.
Meta,COMPANY,,2028,FY 2028e (fiscal year = calendar year),Visible Alpha consensus,CONSENSUS,2026-04-29,"Purchases of property, plant and equipment, net ($M), Visible Alpha consensus (S&P Global Market Intelligence chart ""Meta Platforms revisions"")",NUMBER,,,150517,USD,million,,VERIFIED,C,SRC-IQ16D-SPGMI-VA-CHARTS-2026-07-23,https://www.capitaliq.spglobal.com/Articles/434502326.png,"Purchases of property, plant and equipment, net ($M) Apr. 29, 2026 ... FY 2026e 125,262 FY 2027e 141,371 FY 2028e 150,517",Visible Alpha consensus 2026-07-22,Superseded vintage. Chart read by eye by Claude Code (IQ-16d); equals ChatGPT's transcription. The chart's actual quarters 2025-Q1 2026 equal our Meta series exactly. The CY overview chart repeats the current 2026-2027 values.
Meta,COMPANY,,2026,FY 2026e (fiscal year = calendar year),Visible Alpha consensus,CONSENSUS,2026-01-28,"Purchases of property, plant and equipment, net ($M), Visible Alpha consensus (S&P Global Market Intelligence chart ""Meta Platforms revisions"")",NUMBER,,,124151,USD,million,,VERIFIED,C,SRC-IQ16D-SPGMI-VA-CHARTS-2026-07-23,https://www.capitaliq.spglobal.com/Articles/434502326.png,"Purchases of property, plant and equipment, net ($M) Jan. 28, 2026 ... FY 2026e 124,151 FY 2027e 142,854 FY 2028e 135,240",Visible Alpha consensus 2026-07-22,Superseded vintage. Chart read by eye by Claude Code (IQ-16d); equals ChatGPT's transcription. The chart's actual quarters 2025-Q1 2026 equal our Meta series exactly. The CY overview chart repeats the current 2026-2027 values.
Meta,COMPANY,,2027,FY 2027e (fiscal year = calendar year),Visible Alpha consensus,CONSENSUS,2026-01-28,"Purchases of property, plant and equipment, net ($M), Visible Alpha consensus (S&P Global Market Intelligence chart ""Meta Platforms revisions"")",NUMBER,,,142854,USD,million,,VERIFIED,C,SRC-IQ16D-SPGMI-VA-CHARTS-2026-07-23,https://www.capitaliq.spglobal.com/Articles/434502326.png,"Purchases of property, plant and equipment, net ($M) Jan. 28, 2026 ... FY 2026e 124,151 FY 2027e 142,854 FY 2028e 135,240",Visible Alpha consensus 2026-07-22,Superseded vintage. Chart read by eye by Claude Code (IQ-16d); equals ChatGPT's transcription. The chart's actual quarters 2025-Q1 2026 equal our Meta series exactly. The CY overview chart repeats the current 2026-2027 values.
Meta,COMPANY,,2028,FY 2028e (fiscal year = calendar year),Visible Alpha consensus,CONSENSUS,2026-01-28,"Purchases of property, plant and equipment, net ($M), Visible Alpha consensus (S&P Global Market Intelligence chart ""Meta Platforms revisions"")",NUMBER,,,135240,USD,million,,VERIFIED,C,SRC-IQ16D-SPGMI-VA-CHARTS-2026-07-23,https://www.capitaliq.spglobal.com/Articles/434502326.png,"Purchases of property, plant and equipment, net ($M) Jan. 28, 2026 ... FY 2026e 124,151 FY 2027e 142,854 FY 2028e 135,240",Visible Alpha consensus 2026-07-22,Superseded vintage. Chart read by eye by Claude Code (IQ-16d); equals ChatGPT's transcription. The chart's actual quarters 2025-Q1 2026 equal our Meta series exactly. The CY overview chart repeats the current 2026-2027 values.
Meta,COMPANY,,2026,FY 2026e (fiscal year = calendar year),Visible Alpha consensus,CONSENSUS,2025-01-01,"Purchases of property, plant and equipment, net ($M), Visible Alpha consensus (S&P Global Market Intelligence chart ""Meta Platforms revisions"")",NUMBER,,,55611,USD,million,,VERIFIED,C,SRC-IQ16D-SPGMI-VA-CHARTS-2026-07-23,https://www.capitaliq.spglobal.com/Articles/434502326.png,"Purchases of property, plant and equipment, net ($M) Jan. 1, 2025 ... FY 2026e 55,611 FY 2027e 57,623 FY 2028e 59,934",Visible Alpha consensus 2026-07-22,Superseded vintage. Chart read by eye by Claude Code (IQ-16d); equals ChatGPT's transcription. The chart's actual quarters 2025-Q1 2026 equal our Meta series exactly. The CY overview chart repeats the current 2026-2027 values.
Meta,COMPANY,,2027,FY 2027e (fiscal year = calendar year),Visible Alpha consensus,CONSENSUS,2025-01-01,"Purchases of property, plant and equipment, net ($M), Visible Alpha consensus (S&P Global Market Intelligence chart ""Meta Platforms revisions"")",NUMBER,,,57623,USD,million,,VERIFIED,C,SRC-IQ16D-SPGMI-VA-CHARTS-2026-07-23,https://www.capitaliq.spglobal.com/Articles/434502326.png,"Purchases of property, plant and equipment, net ($M) Jan. 1, 2025 ... FY 2026e 55,611 FY 2027e 57,623 FY 2028e 59,934",Visible Alpha consensus 2026-07-22,Superseded vintage. Chart read by eye by Claude Code (IQ-16d); equals ChatGPT's transcription. The chart's actual quarters 2025-Q1 2026 equal our Meta series exactly. The CY overview chart repeats the current 2026-2027 values.
Meta,COMPANY,,2028,FY 2028e (fiscal year = calendar year),Visible Alpha consensus,CONSENSUS,2025-01-01,"Purchases of property, plant and equipment, net ($M), Visible Alpha consensus (S&P Global Market Intelligence chart ""Meta Platforms revisions"")",NUMBER,,,59934,USD,million,,VERIFIED,C,SRC-IQ16D-SPGMI-VA-CHARTS-2026-07-23,https://www.capitaliq.spglobal.com/Articles/434502326.png,"Purchases of property, plant and equipment, net ($M) Jan. 1, 2025 ... FY 2026e 55,611 FY 2027e 57,623 FY 2028e 59,934",Visible Alpha consensus 2026-07-22,Superseded vintage. Chart read by eye by Claude Code (IQ-16d); equals ChatGPT's transcription. The chart's actual quarters 2025-Q1 2026 equal our Meta series exactly. The CY overview chart repeats the current 2026-2027 values.
Alibaba,COMPANY,,2026,FY2027 (Apr 2026 - Mar 2027),Citi,ANALYST,2026-09-23,"Alibaba capital expenditure, fiscal year to March, Citi estimate (analysts incl. Alicia Yap), as reported by Sina Finance; Citi assumes capex shared with partners",NUMBER,,,2580,CNY,亿元,,VERIFIED,D,SRC-IQ16D-SINA-CITI-BABA-2026-09-23,https://finance.sina.com.cn/stock/usstock/c/2026-09-23/doc-inisunsf6248502.shtml,花旗将2027年至2029年的资本支出预期分别上调至2580亿元、2830亿元和2820亿元人民币,,"Citi's note date is not stated; publication date used. Fiscal-year labels confirmed by Webull/Zhitong ('fiscal year 2027 to 2029'), which also states Citi's assumption of a 50/50 sharing with partners at US$30bn per gigawatt. Placed in the frame year holding most of the fiscal year's months (DEC-314). Whether Citi's 'capex' matches Alibaba's cash capex in our race is not stated."
Alibaba,COMPANY,,2027,FY2028 (Apr 2027 - Mar 2028),Citi,ANALYST,2026-09-23,"Alibaba capital expenditure, fiscal year to March, Citi estimate (analysts incl. Alicia Yap), as reported by Sina Finance; Citi assumes capex shared with partners",NUMBER,,,2830,CNY,亿元,,VERIFIED,D,SRC-IQ16D-SINA-CITI-BABA-2026-09-23,https://finance.sina.com.cn/stock/usstock/c/2026-09-23/doc-inisunsf6248502.shtml,花旗将2027年至2029年的资本支出预期分别上调至2580亿元、2830亿元和2820亿元人民币,,"Citi's note date is not stated; publication date used. Fiscal-year labels confirmed by Webull/Zhitong ('fiscal year 2027 to 2029'), which also states Citi's assumption of a 50/50 sharing with partners at US$30bn per gigawatt. Placed in the frame year holding most of the fiscal year's months (DEC-314). Whether Citi's 'capex' matches Alibaba's cash capex in our race is not stated."
Alibaba,COMPANY,,2028,FY2029 (Apr 2028 - Mar 2029),Citi,ANALYST,2026-09-23,"Alibaba capital expenditure, fiscal year to March, Citi estimate (analysts incl. Alicia Yap), as reported by Sina Finance; Citi assumes capex shared with partners",NUMBER,,,2820,CNY,亿元,,VERIFIED,D,SRC-IQ16D-SINA-CITI-BABA-2026-09-23,https://finance.sina.com.cn/stock/usstock/c/2026-09-23/doc-inisunsf6248502.shtml,花旗将2027年至2029年的资本支出预期分别上调至2580亿元、2830亿元和2820亿元人民币,,"Citi's note date is not stated; publication date used. Fiscal-year labels confirmed by Webull/Zhitong ('fiscal year 2027 to 2029'), which also states Citi's assumption of a 50/50 sharing with partners at US$30bn per gigawatt. Placed in the frame year holding most of the fiscal year's months (DEC-314). Whether Citi's 'capex' matches Alibaba's cash capex in our race is not stated."
Five largest US technology companies (Morgan Stanley Research),GROUP,five largest U.S. technology companies (members not named on the page),2026,2026,Morgan Stanley Research,ANALYST,2026-07-28,Capital expenditures,NUMBER,,,800,USD,billion,,VERIFIED,C,SRC-IQ16D-MS-RESEARCH-2026-07-28,https://www.morganstanley.com/insights/articles/ai-infrastructure-stocks-opportunity,"Capital expenditures by the five largest U.S. technology companies alone will increase from nearly $800 billion this year to approximately $1.2 trillion in 2027 and $1.4 trillion in 2028, according to Morgan Stanley Research.",,"""Nearly"". Morgan Stanley article ""Buying the AI infrastructure dip"", 28 Jul 2026. The page does not name the five companies; a press report said to include SpaceX is UNVERIFIED."
Five largest US technology companies (Morgan Stanley Research),GROUP,five largest U.S. technology companies (members not named on the page),2027,2027,Morgan Stanley Research,ANALYST,2026-07-28,Capital expenditures,NUMBER,,,1.2,USD,trillion,,VERIFIED,C,SRC-IQ16D-MS-RESEARCH-2026-07-28,https://www.morganstanley.com/insights/articles/ai-infrastructure-stocks-opportunity,"Capital expenditures by the five largest U.S. technology companies alone will increase from nearly $800 billion this year to approximately $1.2 trillion in 2027 and $1.4 trillion in 2028, according to Morgan Stanley Research.",,"""Approximately"". Morgan Stanley article ""Buying the AI infrastructure dip"", 28 Jul 2026. The page does not name the five companies; a press report said to include SpaceX is UNVERIFIED."
Five largest US technology companies (Morgan Stanley Research),GROUP,five largest U.S. technology companies (members not named on the page),2028,2028,Morgan Stanley Research,ANALYST,2026-07-28,Capital expenditures,NUMBER,,,1.4,USD,trillion,,VERIFIED,C,SRC-IQ16D-MS-RESEARCH-2026-07-28,https://www.morganstanley.com/insights/articles/ai-infrastructure-stocks-opportunity,"Capital expenditures by the five largest U.S. technology companies alone will increase from nearly $800 billion this year to approximately $1.2 trillion in 2027 and $1.4 trillion in 2028, according to Morgan Stanley Research.",,"Morgan Stanley article ""Buying the AI infrastructure dip"", 28 Jul 2026. The page does not name the five companies; a press report said to include SpaceX is UNVERIFIED."
"Group: Microsoft, Alphabet, Amazon, Meta, Oracle (Bain)",GROUP,"Microsoft, Google, Amazon, Meta and Oracle",2026,2026,Bain & Company,RESEARCH_FIRM,2026-09-29,"Capital expenditures (scenario: ""could reach"")",NUMBER,,,780,USD,billion,,VERIFIED,C,SRC-IQ16D-BAIN-2026-09-29,https://www.bain.com/insights/new-innovation-is-required-to-fund-ais-6-trillion-buildout-technology-report-2026/,"The arms race among hyperscalers (Microsoft, Google, Amazon, Meta, and Oracle) is accelerating: Their capital expenditures could reach $780 billion in 2026, nearly five times the level of just three years earlier.",,Bain Technology Report 2026.
Global AI infrastructure spending (Bain),GROUP,"all providers: new data-centre infrastructure and compute, plus upgrades to installed GPUs, memory and networking",2031,"2031 (""by 2031"")",Bain & Company,RESEARCH_FIRM,2026-09-29,"Annual spending on AI infrastructure (scenario: ""could reach""); not company capex",NUMBER,,,1.5,USD,trillion,,VERIFIED,C,SRC-IQ16D-BAIN-2026-09-29,https://www.bain.com/insights/new-innovation-is-required-to-fund-ais-6-trillion-buildout-technology-report-2026/,"By 2031, annual spending on AI infrastructure could reach $1.5 trillion, including new data center infrastructure and compute capacity as well as ongoing upgrades to the installed base of GPUs, memory, and networking equipment.",,"Industry-wide, not the race companies. Bain's headline $6 trillion is AI revenue, not capex."
Worldwide data-centre capex (Dell'Oro),GROUP,worldwide data centres (all owners),2030,"2030 (""by 2030"")",Dell'Oro Group,RESEARCH_FIRM,2026-08-18,"Worldwide data center capex (lower bound: ""surpass"")",NUMBER,,,3,USD,trillion,,VERIFIED,C,SRC-IQ16D-DELLORO-2026-08-18,https://www.delloro.com/news/ai-buildout-maintains-momentum-as-data-center-capex-surpasses-3-trillion-by-2030/,"According to a recently published report from Dell’Oro Group, the trusted source for market information about the telecommunications, networks, and data center industries, worldwide data center capital capex is forecast to maintain growth momentum and surpass $3 trillion by 2030.",,"July 2026 forecast, announced 18 Aug 2026. Industry-wide, not the race companies."
Worldwide data-centre capex (Dell'Oro),GROUP,worldwide data centres (all owners),2030,"2030 (""by 2030"")",Dell'Oro Group,RESEARCH_FIRM,2026-02-11,Data center capex,NUMBER,,,1.7,USD,trillion,,VERIFIED,C,SRC-IQ16D-DELLORO-2026-02-11,https://www.delloro.com/news/ai-boom-drives-data-center-capex-to-1-7-trillion-by-2030/,AI Boom Drives Data Center Capex to $1.7 Trillion by 2030,Dell'Oro Group 2026-08-18,"Superseded vintage (January forecast, announced 11 Feb 2026)."
Worldwide data-centre capex (Dell'Oro),GROUP,worldwide data centres (all owners),2026,2026,Dell'Oro Group,RESEARCH_FIRM,2026-02-11,"Global data center capex (""approach"")",NUMBER,,,1,USD,trillion,,VERIFIED,C,SRC-IQ16D-DELLORO-2026-02-11,https://www.delloro.com/news/ai-boom-drives-data-center-capex-to-1-7-trillion-by-2030/,"As a result, global data center capex is expected to approach $1 Trillion in 2026, reaching a major industry milestone sooner than anticipated,” Fung added.",,January forecast; the July forecast's 2026 figure is not published in its release.
Five largest US technology spenders (Allianz),GROUP,five largest US technology spenders (membership can change by year),2026,2026,Allianz Research,RESEARCH_FIRM,2026-03-25,Capital expenditure,NUMBER,,,600,USD,billion,,VERIFIED,C,SRC-IQ16D-ALLIANZ-2026-03-25,https://www.allianz-trade.com/en_global/news-insights/economic-insights/AI-capex-cycle-war-proof-now.html,"The five largest US technology spenders are on course to commit over USD600bn in capital expenditure in 2026 alone – part of an estimated USD2.1trn deployment across 2026–2028 – driving capex intensity to 34% of revenue, more than double the 15% peak seen at the height of the 1990s internet buildout.",,"Lower bound (""over""). Read in an Internet Archive copy of the official page (gzip, decompressed). Allianz's later outlook (28 Sep 2026: AI capex peaking at about USD1trn in 2028) is UNVERIFIED (page refuses runners and the archive)."
Five largest US technology spenders (Allianz),GROUP,five largest US technology spenders (membership can change by year),2028,2026-2028 cumulative,Allianz Research,RESEARCH_FIRM,2026-03-25,"Capital deployment, cumulative 2026-2028",CUMULATIVE,,,2.1,USD,trillion,,VERIFIED,C,SRC-IQ16D-ALLIANZ-2026-03-25,https://www.allianz-trade.com/en_global/news-insights/economic-insights/AI-capex-cycle-war-proof-now.html,"The five largest US technology spenders are on course to commit over USD600bn in capital expenditure in 2026 alone – part of an estimated USD2.1trn deployment across 2026–2028 – driving capex intensity to 34% of revenue, more than double the 15% peak seen at the height of the 1990s internet buildout.",,"Cumulative 2026-2028; never a year's figure. Read in an Internet Archive copy of the official page (gzip, decompressed). Allianz's later outlook (28 Sep 2026: AI capex peaking at about USD1trn in 2028) is UNVERIFIED (page refuses runners and the archive)."
Five largest US technology spenders (Allianz),GROUP,five largest US technology spenders,2028,"growth 2026, 2027, 2028",Allianz Research,RESEARCH_FIRM,2026-03-25,Growth in capital spending (per cent),GROWTH_RATES,,,,USD,billion,growth slows from 51% (2026) to 13% (2027) and roughly 5% (2028); spending still rises,VERIFIED,C,SRC-IQ16D-ALLIANZ-2026-03-25,https://www.allianz-trade.com/en_global/news-insights/economic-insights/AI-capex-cycle-war-proof-now.html,"Growth in capital spending will decelerate – from 51% in 2026 to 13% in 2027 and roughly 5% in 2028 – but that deceleration reflects the natural digestion of an extraordinary base, not a change of conviction.",,"Growth rates, not amounts; never converted into figures."
Hyperscalers (DBS),GROUP,hyperscalers (not listed),2027,FY27F,DBS Chief Investment Office,ANALYST,2026-07-15,Capex growth (conditional view),DIRECTION_ONLY,,,,USD,billion,could slow capex growth in FY27 (if open-weight models are widely adopted),VERIFIED,C,SRC-IQ16D-DBS-2026-07-15,https://www.dbs.id/id/treasures-private-client/aics/templatedata/article/generic/data/en/CIO/072026/260715CIOP.xml,"Given that their models consume much lower computing power per token than frontier AI models, wider adoption could slow hyperscalers’ FY27F capex growth, leading to a FCF beat.",,"A scenario, not a forecast of falling spending."
