company,forecast_period,forecast_type,metric_definition,low_usd_bn,high_usd_bn,midpoint_usd_bn,single_estimate_usd_bn,previous_guidance_low,previous_guidance_high,revision_date,source_grade,source,publication_date,url,notes
Meta,FY2026,GUIDANCE,"Meta capital expenditures, including principal payments on finance leases",115,135,125,,,,2026-01-28,B,SRC-META-003,2026-01-28,https://www.sec.gov/Archives/edgar/data/1326801/000162828026003832/meta-12312025xexhibit991.htm,"SUPERSEDED by the 29 Apr 2026 range. VERIFIED (SEC 8-K exhibit 99.1). Verbatim: ""We anticipate 2026 capital expenditures, including principal payments on finance leases, to be in the range of $115-135 billion, with year-over-year growth driven by increased investment to support our Meta Superintelligence Labs efforts and core business."""
Meta,FY2026,GUIDANCE,"Meta capital expenditures, including principal payments on finance leases",125,145,135,,115,135,2026-04-29,B,SRC-IQ16-META-0001628280-26-028364,2026-04-29,https://www.sec.gov/Archives/edgar/data/1326801/000162828026028364/meta-03312026xexhibit991.htm,"SUPERSEDED by the 29 Jul 2026 range. VERIFIED (SEC 8-K exhibit 99.1). Verbatim: ""We anticipate 2026 capital expenditures, including principal payments on finance leases, to be in the range of $125-145 billion, increased from our prior range of $115-135 billion."""
Meta,FY2026,GUIDANCE,"Meta capital expenditures, including principal payments on finance leases",130,145,137.5,,125,145,2026-07-29,B,SRC-IQ16-META-0001628280-26-050596,2026-07-29,https://www.sec.gov/Archives/edgar/data/1326801/000162828026050596/meta-06302026xexhibit991.htm,"Latest company guidance at the 7 Oct 2026 cutoff. VERIFIED (SEC 8-K exhibit 99.1); also checked at source by Cowork in Luke's Chrome on 8 Oct 2026 (no file hash) (investor.atmeta.com) and re-read on a GitHub runner (IQ-16c). Includes finance-lease principal: not the canonical cash basis. Verbatim: ""We anticipate 2026 capital expenditures, including principal payments on finance leases, to be in the range of $130-145 billion, narrowed from our prior outlook of $125-145 billion."""
Microsoft,CY2026,GUIDANCE,"Microsoft capital expenditures including finance leases, calendar year",,,,190,,,2026-04-29,B,SRC-MSFT-005,2026-04-29,https://www.microsoft.com/en-us/investor/events/fy-2026/earnings-fy-2026-q3,"SUPERSEDED (accounting effect) by the 29 Jul 2026 expectation. ""Roughly""; includes ~$25bn from higher component pricing. VERIFIED (earnings call transcript on microsoft.com, fetched on a GitHub runner). Verbatim: ""For calendar year 2026, we expect to invest roughly $190 billion in capital expenditures which includes approximately $25 billion from the impact of higher component pricing."""
Microsoft,CY2026,GUIDANCE,"Microsoft capital expenditures including finance leases, calendar year",,,,175,190,190,2026-07-29,B,SRC-MSFT-006,2026-07-29,https://www.microsoft.com/en-us/investor/events/fy-2026/earnings-fy-2026-q4,"Latest. DISPLAY NOTE: Lower than April's roughly $190bn only because of a lease-accounting change (more data-centre leases now operating leases, outside capex); Microsoft says its plans are unchanged. Never show as a cut. VERIFIED (call transcript); also checked at source by Cowork in Luke's Chrome on 8 Oct 2026 (no file hash) and re-read on a GitHub runner (IQ-16c). Microsoft: ""Outside of this useful life impact, our calendar year 2026 CapEx investment expectations remain unchanged."" Verbatim: ""However, the shift from finance to operating leases adjusts our expectation to approximately $175 billion."""
Alphabet,FY2026,GUIDANCE,Alphabet capital expenditures (purchases of property and equipment),175,185,180,,,,2026-02-04,B,SRC-IQ16-ALPHABET-0001652044-26-000012,2026-02-04,https://www.sec.gov/Archives/edgar/data/1652044/000165204426000012/googexhibit991q42025.htm,"SUPERSEDED by the 29 Apr 2026 range (Q1 call). VERIFIED (SEC 8-K exhibit 99.1). Verbatim: ""To meet customer demand and capitalize on the growing opportunities we have ahead of us, our 2026 CapEx investments are anticipated to be in the range of $175 to $185 billion.”"""
Alphabet,FY2026,GUIDANCE_AS_REPORTED_BY_THIRD_PARTY,Alphabet capital expenditures,180,190,185,,175,185,2026-05-06,C,SRC-TF-001,2026-05-06,https://www.trendforce.com/presscenter/news/20260506-13033.html,"SUPERSEDED. CONFIRMED: Cowork read the same range at Alphabet's own source (Q1 2026 call, next rows). TrendForce stays a lead only, never on screen. Not used in 2026E until checked. Verbatim: ""Similarly, Google has raised its guidance from $175–185 billion to $180–190 billion, with growth exceeding 100%."""
Amazon,CY2026,GUIDANCE,Amazon capital expenditures across the whole company (definition not stated in the release),,,,200,,,2026-02-05,B,SRC-IQ16-AMAZON-0001018724-26-000002,2026-02-05,https://www.sec.gov/Archives/edgar/data/1018724/000101872426000002/amzn-20251231xex991.htm,"SUPERSEDED by the 30 Jul 2026 figure (US$220bn, Reuters report of the CEO; DEC-311). ""About $200 billion""; whole of Amazon, not AWS. VERIFIED (SEC 8-K exhibit 99.1). Verbatim: ""“With such strong demand for our existing offerings and seminal opportunities like AI, chips, robotics, and low earth orbit satellites, we expect to invest about $200 billion in capital expenditures across Amazon in 2026, and anticipate strong long-term return on invested capital.”"""
Amazon,CY2026,AWS_ESTIMATE,AWS capital expenditure as estimated by TrendForce (Amazon does not disclose AWS capex),,,,230,,,2026-05-06,C,SRC-TF-001,2026-05-06,https://www.trendforce.com/presscenter/news/20260506-13033.html,"ESTIMATE by TrendForce, a lower bound (""exceed""); labelled AWS by the provider. Never to be shown as Amazon guidance. Not in 2026E. Verbatim: ""Lastly, AWS is expected to exceed $230 billion in CapEx this year, with growth of over 50% driven by demand for AI cloud services."""
Oracle,FY2026 (Jun 2025 - May 2026),GUIDANCE,"Oracle capital expenditures, fiscal year",,,,50,,,2026-03-10,B,SRC-IQ16-ORACLE-0001193125-26-100148,2026-03-10,https://www.sec.gov/Archives/edgar/data/1341439/000119312526100148/orcl-ex99_1.htm,"Fiscal year now complete: the reported actual is in D/E. No calendar-2026 or FY2027 capex guidance was found in the sources checked. Verbatim: ""For fiscal year 2026, we expect revenue of $67 billion and capital expenditures of $50 billion."""
Top nine CSPs (TrendForce),CY2026,ESTIMATE,"Combined capex of Google, AWS, Meta, Microsoft, Oracle, ByteDance, Tencent, Alibaba and Baidu (TrendForce definition)",,,,830,,,2026-05-06,C,SRC-TF-001,2026-05-06,https://www.trendforce.com/presscenter/news/20260506-13033.html,"ESTIMATE by TrendForce (""approximately""); its company set differs from the race (AWS rather than Amazon; includes ByteDance). Not in 2026E. Verbatim: ""As a result, TrendForce has revised its forecast for the combined CapEx of the world’s top nine CSPs—Google, AWS, Meta, Microsoft, Oracle, ByteDance, Tencent, Alibaba, and Baidu—up to approximately US$830 billion in 2026, with the annual growth rate raised from 61% to 79%."""
ByteDance,CY2026,ESTIMATE,"ByteDance planned capital expenditure (press report; scope ""AI infrastructure"" per the article)",,,,30,,,2026-05-09,D,SRC-BYTE-003,2026-05-09,https://www.scmp.com/tech/article/3352906/bytedance-raises-2026-capex-least-25-amid-ai-boom-rising-memory-costs-sources-say?module=top_story&pgtype=homepage,"VERIFIED that the article says this: SCMP page read at source (fetched on a GitHub runner, SHA-256 7556bdd7fa812becca249cb67c310d62327db9c2f1609abc7ca409429e42b585); the claim itself rests on unnamed sources. Lower bound: ""more than 200 billion yuan (US$30 billion)"", US$ as converted by SCMP. Not company guidance. On screen only greyed, as a press report (DEC-296). Verbatim: ""TikTok owner ByteDance is ramping up its spending on artificial intelligence infrastructure, boosting its planned capital expenditure this year to more than 200 billion yuan (US$30 billion), according to two people familiar with the matter."""
ByteDance,CY2026,ESTIMATE,AI infrastructure spending plan (press report),,,,23,,,2025-12-23,D,SRC-BYTE-002,2025-12-23,https://www.reuters.com/world/asia-pacific/bytedance-plans-spend-23-billion-towards-ai-infrastructure-2026-ft-reports-2025-12-23/,"UNVERIFIED: Reuters (citing the FT) reports a $23bn 2026 AI-infrastructure plan; the page refuses this container and GitHub runners (HTTP 401). Recorded, not used."
Alphabet,FY2026,GUIDANCE,Alphabet capital expenditures (purchases of property and equipment),180,190,185,,175,185,2026-04-29,B,SRC-IQ16-COW-GOOG-Q1-2026-CALL,2026-04-29,https://abc.xyz/investor/events/event-details/2026/2026-Q1-Earnings-Call-2026-nW8kCrBAKS/default.aspx,"SUPERSEDED by the 22 Jul 2026 range. Checked at source by Cowork in Luke's Chrome on 8 Oct 2026 (call page; no file hash). Includes investment related to the Intersect acquisition. Verbatim: ""Moving to investment, we are updating our full year 2026 CapEx guidance range to $180 to $190 billion, up from our previous estimate of $175 to $185 billion, to now include investment related to the acquisition of Intersect, which closed in March."""
Alphabet,FY2026,GUIDANCE,Alphabet capital expenditures (purchases of property and equipment),195,205,200,,180,190,2026-07-22,B,SRC-IQ16-COW-GOOG-Q2-2026-CALL,2026-07-22,https://abc.xyz/investor/events/event-details/2026/2026-Q2-Earnings-Call-2026-GgTAq7Is0z/default.aspx,"Latest company guidance at the cutoff. Checked at source by Cowork in Luke's Chrome on 8 Oct 2026 (call page; no file hash). Verbatim: ""Moving to investments, we are updating our full year 2026 CapEx guidance range to $195‑205 billion, up from our previous estimate of $180‑190 billion."""
Alphabet,FY2027,GUIDANCE_DIRECTION_ONLY,Alphabet capital expenditures,,,,,,,2026-07-22,B,SRC-IQ16-COW-GOOG-Q2-2026-CALL,2026-07-22,https://abc.xyz/investor/events/event-details/2026/2026-Q2-Earnings-Call-2026-GgTAq7Is0z/default.aspx,"DIRECTION ONLY: ""increase significantly"" in 2027 (first said on the 29 Apr 2026 call: ""As a result, we expect our 2027 CapEx to significantly increase compared to 2026.""). Checked at source by Cowork in Luke's Chrome on 8 Oct 2026 (call page; no file hash). Verbatim: ""As we previously shared, we continue to expect our CapEx to increase significantly in 2027, and we'll provide more details at a later date."""
Microsoft,FY2027 (Jul 2026 - Jun 2027),GUIDANCE_DIRECTION_ONLY,"Microsoft capital expenditures including finance leases, fiscal year to June",,,,,,,2026-07-29,B,SRC-MSFT-006,2026-07-29,https://www.microsoft.com/en-us/investor/events/fy-2026/earnings-fy-2026-q4,"DIRECTION ONLY: grow year-over-year. Microsoft's fiscal year (to June 2027), not a calendar year. VERIFIED (call transcript fetched on a GitHub runner; re-read IQ-16c); also checked at source by Cowork in Luke's Chrome on 8 Oct 2026 (no file hash). Verbatim: ""And we expect FY27 capital expenditures will grow year-over-year given demand signals across our portfolio."""
Microsoft,FY2027 Q1 (Jul - Sep 2026),GUIDANCE,"Microsoft capital expenditures including finance leases, one quarter",,,,50,,,2026-07-29,B,SRC-MSFT-006,2026-07-29,https://www.microsoft.com/en-us/investor/events/fy-2026/earnings-fy-2026-q4,"Lower bound (""over""), one quarter; context only, not in any frame. VERIFIED (call transcript). Verbatim: ""We expect CapEx spend will be over $50 billion including the lease reclassification impact from the useful life update."""
Amazon,CY2026,GUIDANCE,"Amazon capital expenditures, whole company (definition not stated)",,,,200,,,2026-04-09,B,SRC-IQ16C-AMZN-LETTER-2026-04-09,2026-04-09,https://www.aboutamazon.com/news/company-news/amazon-ceo-andy-jassy-2025-letter-to-shareholders,"SUPERSEDED by the 30 Jul 2026 figure. Repeats the 5 Feb 2026 figure (""approximately""). VERIFIED (read in the document fetched on a GitHub runner, IQ-16c). Verbatim: ""We’re not investing approximately $200 billion in capex in 2026 on a hunch."""
Amazon,CY2026,GUIDANCE_REPORTED_BY_PRESS,Amazon capital spending forecast for 2026 as reported by Reuters from the CEO (whole company; definition not stated),,,,220,200,200,2026-07-30,D,SRC-IQ16C-COW-AMZN-REUTERS-2026-07-30,2026-07-30,https://www.reuters.com/business/retail-consumer/amazon-beats-estimates-quarterly-cloud-revenue-growth-2026-07-30/,"Latest. DISPLAY NOTE: Amazon's 2026 figure as reported by Reuters from CEO Andy Jassy on the 30 Jul 2026 call (Amazon publishes call audio only); whole of Amazon, not AWS or AI-only. Checked at source by Cowork in Luke's Chrome on 8 Oct 2026 (no file hash); DEC-310, DEC-311. Verbatim: ""Amazon CEO Andy Jassy said demand remained so strong that the company still lacked enough computing capacity to serve customers despite raising its capital spending forecast by 10% to $220 billion."""
Oracle,FY2027 (Jun 2026 - May 2027),GUIDANCE_REPORTED_BY_PRESS,"Oracle annual spending target, fiscal year to May 2027, as reported by Reuters (gross capex or net cash outlay not stated)",90,95,92.5,,,,2026-09-10,D,SRC-IQ16C-COW-ORCL-REUTERS-2026-09-10;SRC-IQ16C-ORACLE-0001193125-26-387905,2026-09-10,https://www.reuters.com/technology/oracles-quarterly-revenue-beats-estimates-ai-boom-drives-cloud-demand-2026-09-10/,"Latest. DISPLAY NOTE: Oracle's annual spending target as reported by Reuters (10 Sep 2026); Oracle's fiscal year June 2026 - May 2027. Checked at source by Cowork in Luke's Chrome on 8 Oct 2026 (no file hash); DEC-310, DEC-312. Oracle's own results releases of 10 Jun and 10 Sep 2026 print no fiscal 2027 capex figure (read on sec.gov); Oracle also reports a 'net cash outlay for capital expenditures' (capex less short-term financing and customer prepayments), and the report does not say which measure the target uses. Verbatim: ""Oracle said that most of the newly contracted revenue will not require large cash outlays for chips, helping it maintain its annual spending target of $90 billion to $95 billion."""
Oracle,FY2027 (Jun 2026 - May 2027),GUIDANCE_REPORTED_BY_PRESS,"Oracle capital expenditures, fiscal year to May 2027, as reported by Reuters on 10 Jun 2026",,95,,,,,2026-06-10,D,SRC-IQ16C-ORACLE-0001193125-26-265848,2026-06-10,https://www.sec.gov/Archives/edgar/data/1341439/000119312526265848/orcl-ex99_1.htm,"UNVERIFIED: a Reuters report of 10 Jun 2026 (reached only through investing.com and ft.com, which refuse this container and GitHub runners) is said to give fiscal 2027 capex of up to $95bn, of which about $70bn funded by Oracle itself. Oracle's own release of that day (sec.gov) prints no fiscal 2027 capex figure. Listed for Cowork; not used."
CoreWeave,CY2026,GUIDANCE,"CoreWeave capital expenditures, calendar 2026 (definition not stated in the guidance)",30,35,32.5,,,,2026-02-26,B,SRC-IQ16C-CRWV-Q4-2025-CALL,2026-02-26,https://s205.q4cdn.com/133937190/files/doc_financials/2025/q4/CORRECTED-TRANSCRIPT-CoreWeave-Inc-CRWV-US-Q4-2025-Earnings-Call-26-February-2026-5-00-PM-ET.pdf,"SUPERSEDED by the 7 May 2026 range. On the same call the CEO said ""In 2026, we expect our CapEx will be at least $30 billion, more than 2x the CapEx in 2025."" VERIFIED (read in the document fetched on a GitHub runner, IQ-16c) (company-published transcript). Verbatim (CFO): ""We expect 2026 CapEx of $30 billion to $35 billion, which is more than double our 2025 investment."""
CoreWeave,CY2026,GUIDANCE,"CoreWeave capital expenditures, calendar 2026 (definition not stated in the guidance)",31,35,33,,30,35,2026-05-07,B,SRC-IQ16C-CRWV-Q1-2026-CALL,2026-05-07,https://s205.q4cdn.com/133937190/files/doc_financials/2026/q1/CoreWeave-Inc-CRWV-US-Q1-2026-Earnings-Call-7-May-2026-5_00-PM-ET.pdf,"SUPERSEDED by the 11 Aug 2026 range. VERIFIED (read in the document fetched on a GitHub runner, IQ-16c) (company-published transcript). The 2027 figure CoreWeave gives on this call is revenue (annualised run rate), not capex. Verbatim: ""For the full year, we now expect CapEx of $31 billion to $35 billion."""
CoreWeave,CY2026,GUIDANCE,"CoreWeave capital expenditures, calendar 2026 (definition not stated in the guidance)",35,39,37,,31,35,2026-08-11,B,SRC-IQ16C-CRWV-Q2-2026-CALL,2026-08-11,https://s205.q4cdn.com/133937190/files/doc_financials/2026/q2/CRWV-US-CORRECTED-TRANSCRIPT-CoreWeave-Q2-2026-Earnings-Call-11August2026.pdf,"Latest company guidance at the cutoff. VERIFIED (read in the document fetched on a GitHub runner, IQ-16c) (company-published transcript); CoreWeave's Q2 2026 release on sec.gov gives no capex guidance. Verbatim: ""As a result of our increased expectations around capacity to be delivered to customers this year, as well as some of our significant recent wins, we now expect 2026 CapEx in the range of $35 billion to $39 billion."""
Meta,FY2027,NO_OUTLOOK_GIVEN,"Meta capital expenditures, including principal payments on finance leases",,,,,,,2026-07-29,B,SRC-IQ16C-META-Q2-2026-CALL,2026-07-29,https://s21.q4cdn.com/399680738/files/doc_financials/2026/q2/META-Q2-2026-Earnings-Call-Transcript.pdf,"NO OUTLOOK: no specific 2027 capex outlook given (29 Jul 2026 call). VERIFIED (read in the document fetched on a GitHub runner, IQ-16c) (company-published transcript). Verbatim: ""Brian, on your second question, we aren’t providing a specific outlook for 2027 CapEx at this time."""
Alphabet,FY2026,GUIDANCE,Alphabet capital expenditures (purchases of property and equipment),180,190,185,,175,185,2026-06-03,B,SRC-IQ16C-GOOG-INVESTOR-PRES-2026-06-03,2026-06-03,https://blog.google/alphabet/investor-presentation-june-2026/,"SUPERSEDED by the 22 Jul 2026 range. Repeats the 29 Apr 2026 range in Alphabet's investor presentation of 3 Jun 2026 (the day of its equity raise, DEC-305), with: ""And looking further ahead to 2027, we expect a significant increase in our CapEx compared to 2026."" VERIFIED (read in the document fetched on a GitHub runner, IQ-16c). Verbatim: ""For the full-year 2026, we expect our CapEx to be in the range of $180B to $190B."""
Alibaba,Three years from Feb 2025 (multi-year plan; not annual),MULTI_YEAR_PLAN,"Alibaba investment in AI and cloud over three years (company plan; not annual capex guidance): at least RMB380bn, translated by Alibaba as US$53bn",,,,,,,2025-02-24,B,SRC-IQ16C-BABA-2025-02-24,2025-02-24,https://www.alibabagroup.com/en-US/document-1830678592242057216,"MULTI-YEAR PLAN: never divided into years and never shown as annual guidance (IQ-16c brief; DEC-313). Not in any frame; a story moment at most. VERIFIED (read in the document fetched on a GitHub runner, IQ-16c). Verbatim: ""Alibaba Group announced plans to invest at least RMB 380 billion ($53 billion) over the next three years to advance its cloud computing and AI infrastructure, reinforcing its commitment to long-term technological innovation."""
Alibaba,Multi-year plan (update),MULTI_YEAR_PLAN,Alibaba investment in AI and cloud over three years (company plan; not annual capex guidance): to be increased beyond RMB380bn (no new figure),,,,,,,2025-09-29,B,SRC-IQ16C-BABA-2025-09-29,2025-09-29,https://home.alibabagroup.com/en-US/document-1911884625546838016,"MULTI-YEAR PLAN: direction only, no new amount; never divided into years (DEC-313). VERIFIED (read in the document fetched on a GitHub runner, IQ-16c). Verbatim: ""At Apsara 2025, Alibaba Cloud unveiled its global AI roadmap, announcing plans to increase investment beyond its previously disclosed three-year RMB 380 billion (US$53 billion) AI infrastructure program"""
Alibaba,"Multi-year plan (restated, broader scope)",MULTI_YEAR_PLAN,"Alibaba plan restated as covering AI and cloud infrastructure, foundation models and AI-native applications, and AI integration across its businesses (not capex alone)",,,,,,,2025-11-25,B,SRC-IQ16C-BABA-2025-11-25,2025-11-25,https://www.alibabagroup.com/en-US/document-1928528945544691712,"MULTI-YEAR PLAN: the restatement names a scope wider than infrastructure; never divided into years (DEC-313). VERIFIED (read in the document fetched on a GitHub runner, IQ-16c). Verbatim: ""Earlier this year, Alibaba Group announced plans to invest at least RMB 380 billion (US $53 billion) in three core areas of its AI strategy over the next three years: infrastructure for AI and cloud computing, development of foundational models and AI-native applications, and AI integration across existing businesses."""
Alibaba,Multi-year plan (update),MULTI_YEAR_PLAN,"Alibaba capex target of RMB380bn over three years, likely to be exceeded (CEO, as reported by SCMP)",,,,,,,2026-05-13,D,SRC-IQ16C-SCMP-2026-05-14,2026-05-14,https://www.scmp.com/tech/big-tech/article/3353573/alibaba-tencent-signal-ai-spending-surge-despite-earnings-pressure-china-chips-ramp,"MULTI-YEAR PLAN: direction only; never divided into years (DEC-313). Press report of CEO Eddie Wu on the 13 May 2026 call. VERIFIED (read in the document fetched on a GitHub runner, IQ-16c) (SCMP page, truncated after this paragraph). Verbatim: ""Alibaba was likely to ""overshoot"" its original capex target of 380 billion yuan (US$56 billion) over three years, to fund the investment required for the buildout of AI data centres, CEO Eddie Wu Yongming told analysts on Wednesday."""
Alibaba,Multi-year plan (period as reported),MULTI_YEAR_PLAN,Alibaba AI investment plan of RMB380bn described by Reuters as covering 2026-29,,,,,,,2026-08-20,D,,2026-08-20,https://www.reuters.com/business/retail-consumer/alibaba-beats-quarterly-revenue-estimates-2026-08-20/,"UNVERIFIED: Reuters (20 Aug 2026) is said to describe the plan as 2026-29, which conflicts with Alibaba's own 'next three years' from February 2025; reuters.com refuses this container and GitHub runners. Listed for Cowork; not used."
Tencent,CY2026,GUIDANCE_DIRECTION_ONLY_REPORTED_BY_PRESS,"Tencent capital expenditures, calendar 2026 (direction only)",,,,,,,2026-03-18,D,,2026-03-18,https://www.investing.com/news/stock-market-news/tencent-books-13-rise-in-quarterly-revenue-on-gaming-ai-demand-4567724,"UNVERIFIED: a press report (Investing.com, 18 Mar 2026) that Tencent aims to boost capex in 2026. The SCMP page fetched on a GitHub runner is truncated before its Tencent remarks and Investing.com refuses the runner; Tencent's own 2026 results announcements (HKEXnews, read in stage 1) contain no capex outlook. Listed for Cowork; not used."
Tencent,CY2026,GUIDANCE_DIRECTION_ONLY_REPORTED_BY_PRESS,"Tencent capital expenditures, calendar 2026 (direction only)",,,,,,,2026-05-13,D,SRC-IQ16C-SCMP-2026-05-14,2026-05-13,https://www.scmp.com/tech/big-tech/article/3353573/alibaba-tencent-signal-ai-spending-surge-despite-earnings-pressure-china-chips-ramp,"UNVERIFIED: an SCMP report (14 May 2026) of Tencent's Chief Strategy Officer expecting a substantial increase. The SCMP page fetched on a GitHub runner is truncated before its Tencent remarks and Investing.com refuses the runner; Tencent's own 2026 results announcements (HKEXnews, read in stage 1) contain no capex outlook. Listed for Cowork; not used."
