company,accession,form,filed,period,url,sha256,bytes,cf_found,cf_sections
alphabet,0001193125-16-520367,10-K/A,2016-03-29,2015-12-31,https://www.sec.gov/Archives/edgar/data/1652044/000119312516520367/d133613d10ka.htm,845f61f977d66729cb0a721740430a361fbfb8769b79a1078700fd13f98d3aee,504622,no,0
alphabet,0001193125-19-028757,10-K/A,2019-02-06,2018-12-31,https://www.sec.gov/Archives/edgar/data/1652044/000119312519028757/d705307d10ka.htm,9bfa10e944359e6115dbc8b196f789be73754f7ddcdbba9113aab2cf67b4d782,76003,no,0
alphabet,0001652044-15-000005,10-Q,2015-10-29,2015-09-30,https://www.sec.gov/Archives/edgar/data/1652044/000165204415000005/alpha10-qq32015.htm,2344d99a7d82cced0720a8e48396de57df99cb3c3a3a01c746181b5f7241a4b5,2236319,yes,2
alphabet,0001652044-16-000012,10-K,2016-02-11,2015-12-31,https://www.sec.gov/Archives/edgar/data/1652044/000165204416000012/goog10-k2015.htm,1d2d3bdfe40f6b4828e9e536b9abc22c5c2152b677eef976fa2116bd991e78c9,3838946,yes,4
alphabet,0001652044-16-000021,10-Q,2016-05-03,2016-03-31,https://www.sec.gov/Archives/edgar/data/1652044/000165204416000021/goog10-qq12016.htm,760864cc6223d3fab4dd8d983add05bc7ab7458045e61ad02905d560bb739690,1624770,yes,2
alphabet,0001652044-16-000032,10-Q,2016-08-04,2016-06-30,https://www.sec.gov/Archives/edgar/data/1652044/000165204416000032/goog10-qq22016.htm,97e95b43aed9a041795c3a984a39d65f17f4f1b3e4455e8027e6b0fa7bd63cca,2104927,yes,2
alphabet,0001652044-16-000038,10-Q,2016-11-03,2016-09-30,https://www.sec.gov/Archives/edgar/data/1652044/000165204416000038/goog10-qq32016.htm,93ddc43f5db4c224987c9ab2ef115c10db14f3234df4660c397bf2f661982649,2030503,yes,2
alphabet,0001652044-17-000008,10-K,2017-02-03,2016-12-31,https://www.sec.gov/Archives/edgar/data/1652044/000165204417000008/goog10-kq42016.htm,0006a4ffa4a138b880fe6efb6f86fb6c8bd76d021eecb8384243ca5a4cf29d33,2906500,yes,2
alphabet,0001652044-17-000014,10-Q,2017-05-02,2017-03-31,https://www.sec.gov/Archives/edgar/data/1652044/000165204417000014/goog10-qq12017.htm,63920beee3e9815300464ac34564f3ce82082c88d4a49e82a183750088e4305e,1528022,yes,2
alphabet,0001652044-17-000026,10-Q,2017-07-25,2017-06-30,https://www.sec.gov/Archives/edgar/data/1652044/000165204417000026/goog10-qq22017.htm,0c5ce24c871ccaa6ca8db21eab329dc3f635f0a63103f60148fc3431fe2b65bf,1952071,yes,2
alphabet,0001652044-17-000042,10-Q,2017-10-27,2017-09-30,https://www.sec.gov/Archives/edgar/data/1652044/000165204417000042/goog10-qq32017.htm,81a0eef038c9bbba412d2486d448acd4bd661a9da1a38fa3cf0b9173951d8535,1938976,yes,2
alphabet,0001652044-18-000007,10-K,2018-02-06,2017-12-31,https://www.sec.gov/Archives/edgar/data/1652044/000165204418000007/goog10-kq42017.htm,2d6c430f110881be1f33d834baaf2dab47289e8576f90a0d2bf8a9486fcdeb83,2815639,yes,2
alphabet,0001652044-18-000016,10-Q,2018-04-24,2018-03-31,https://www.sec.gov/Archives/edgar/data/1652044/000165204418000016/goog10-qq12018.htm,3ee9a0ba3ea3931e0419c59f84365023ee6217bea933eb0e41fc402548092014,1458323,yes,4
alphabet,0001652044-18-000027,10-Q,2018-07-24,2018-06-30,https://www.sec.gov/Archives/edgar/data/1652044/000165204418000027/goog10-qq22018.htm,6c0a5ef9de322dbb15757ed4afe50cc85b36b604959f2bd5a1c8c092290a06a9,1934148,yes,2
alphabet,0001652044-18-000035,10-Q,2018-10-26,2018-09-30,https://www.sec.gov/Archives/edgar/data/1652044/000165204418000035/goog10-qq32018.htm,0cb05c60ac445123097e5fdb3ddcf35076a5db06e52df5db5385a4b61c0d994b,1959775,yes,3
alphabet,0001652044-19-000004,10-K,2019-02-05,2018-12-31,https://www.sec.gov/Archives/edgar/data/1652044/000165204419000004/goog10-kq42018.htm,29db9401831c78ab51f90f7d8fcb6684855b9d393800d0a9eb490ffbe7b8e3cd,2738486,yes,2
alphabet,0001652044-19-000015,10-Q,2019-04-30,2019-03-31,https://www.sec.gov/Archives/edgar/data/1652044/000165204419000015/goog10-qq12019.htm,77b389baab062bb31f05466f743ea9ae243d0641d716dd88bb13a4e4e7ef1c52,2052424,yes,2
alphabet,0001652044-19-000023,10-Q,2019-07-26,2019-06-30,https://www.sec.gov/Archives/edgar/data/1652044/000165204419000023/goog10-qq22019.htm,a8a3db00032677d92d1df836a9b174316e7c876ab8619d176f29c688d1b5e0fe,2821807,yes,2
alphabet,0001652044-19-000032,10-Q,2019-10-29,2019-09-30,https://www.sec.gov/Archives/edgar/data/1652044/000165204419000032/goog10-qq32019.htm,076a635ac1b0bbc34daef58ff8d556babceaaa5fa71cb5a08f2e8e41dc500335,2823914,yes,2
alphabet,0001652044-20-000008,10-K,2020-02-04,2019-12-31,https://www.sec.gov/Archives/edgar/data/1652044/000165204420000008/goog10-k2019.htm,15720d24d5456fd01eb92707bb6d2b38fb7784445755011e4c0639f1b2a504b6,3446244,yes,2
alphabet,0001652044-20-000021,10-Q,2020-04-29,2020-03-31,https://www.sec.gov/Archives/edgar/data/1652044/000165204420000021/goog-20200331.htm,bcddcc7f5e58a4e586a3d8d70877798b57327f9187dee97c93cb4919a94b71b4,2798483,yes,2
alphabet,0001652044-20-000032,10-Q,2020-07-31,2020-06-30,https://www.sec.gov/Archives/edgar/data/1652044/000165204420000032/goog-20200630.htm,b66409a6d3b6a82898599f9f8c6f61f88fa9e9123c89fde39924ea559e08ba57,3757603,yes,2
alphabet,0001652044-20-000050,10-Q,2020-10-30,2020-09-30,https://www.sec.gov/Archives/edgar/data/1652044/000165204420000050/goog-20200930.htm,76094dcc9bba389f0475b3ea1fd5ed3a4df20b72ba0edcee734a0c4bbe34eaf9,2879262,yes,2
alphabet,0001652044-21-000010,10-K,2021-02-03,2020-12-31,https://www.sec.gov/Archives/edgar/data/1652044/000165204421000010/goog-20201231.htm,5d89ffb54db67bbe44dbf290e6835ad9f9493db91e53ce8abe6ba7ceba72e58b,3194916,yes,2
alphabet,0001652044-21-000020,10-Q,2021-04-28,2021-03-31,https://www.sec.gov/Archives/edgar/data/1652044/000165204421000020/goog-20210331.htm,0ec13d26794296b43e4c07b84b9d5ffed6945b98fdcf52a459c4926ac1226a1f,1939410,yes,2
alphabet,0001652044-21-000047,10-Q,2021-07-28,2021-06-30,https://www.sec.gov/Archives/edgar/data/1652044/000165204421000047/goog-20210630.htm,2adb5a1c43c868e41512162f284bb8fd960aa5a2db7cce4803ab791a798e2ea2,2541455,yes,2
alphabet,0001652044-21-000057,10-Q,2021-10-27,2021-09-30,https://www.sec.gov/Archives/edgar/data/1652044/000165204421000057/goog-20210930.htm,cbfcc12b6f097514de96cb5de0abdf8858eaf24fa4e6286498d83ceebcbec75c,2548140,yes,2
alphabet,0001652044-22-000019,10-K,2022-02-02,2021-12-31,https://www.sec.gov/Archives/edgar/data/1652044/000165204422000019/goog-20211231.htm,60da43966aea03379671702b9b0a31690c8dced146438a9bed4e2f97fecfc725,3015491,yes,2
alphabet,0001652044-22-000029,10-Q,2022-04-27,2022-03-31,https://www.sec.gov/Archives/edgar/data/1652044/000165204422000029/goog-20220331.htm,0a9daf2bdb44490b99619d6812b051a98762419bba942d953b7408ca5b28e0ab,1970248,yes,2
alphabet,0001652044-22-000071,10-Q,2022-07-27,2022-06-30,https://www.sec.gov/Archives/edgar/data/1652044/000165204422000071/goog-20220630.htm,4a2f48b92ecf2a961064876836278b52a90af59131fd8a33c0e5b4a78aa023bd,2553405,yes,2
alphabet,0001652044-22-000090,10-Q,2022-10-26,2022-09-30,https://www.sec.gov/Archives/edgar/data/1652044/000165204422000090/goog-20220930.htm,4581ff7bac492b7a670ebe72da08be4c684bff5679a4a90b2facc98c76ad5b21,2587406,yes,2
alphabet,0001652044-23-000016,10-K,2023-02-03,2022-12-31,https://www.sec.gov/Archives/edgar/data/1652044/000165204423000016/goog-20221231.htm,4e9ed861b40cda664b1136b7d16bfa92cf3a6789cda497b8c56f6bdaabbf3da6,3038531,yes,2
alphabet,0001652044-23-000045,10-Q,2023-04-26,2023-03-31,https://www.sec.gov/Archives/edgar/data/1652044/000165204423000045/goog-20230331.htm,3bb2b8948f2616704293d142462577c672d2c740586248dd41fe7554bf02c622,2036089,yes,2
alphabet,0001652044-23-000070,10-Q,2023-07-26,2023-06-30,https://www.sec.gov/Archives/edgar/data/1652044/000165204423000070/goog-20230630.htm,b96a4b5844646848791ae61f0e9505442f659155a89630d4d2c952183cb1104a,2094623,yes,2
alphabet,0001652044-23-000094,10-Q,2023-10-25,2023-09-30,https://www.sec.gov/Archives/edgar/data/1652044/000165204423000094/goog-20230930.htm,714528d1c66c6e21d31ea798e9b7b45a46f368f9daafa66e2d511acc2150567f,2093933,yes,2
alphabet,0001652044-24-000022,10-K,2024-01-31,2023-12-31,https://www.sec.gov/Archives/edgar/data/1652044/000165204424000022/goog-20231231.htm,ebb2e66bfc4043744cb62802a6a3a17ad5aee5df3dafdd1f45a256e37b79f28d,2410521,yes,2
alphabet,0001652044-24-000053,10-Q,2024-04-26,2024-03-31,https://www.sec.gov/Archives/edgar/data/1652044/000165204424000053/goog-20240331.htm,c79f008dde9d58798748bc1cff8aafb5921bdd57d90d274e16aabbf4c181a952,1493521,yes,2
alphabet,0001652044-24-000079,10-Q,2024-07-24,2024-06-30,https://www.sec.gov/Archives/edgar/data/1652044/000165204424000079/goog-20240630.htm,2255fab267112f7b35d27c7445ccb2f67bcba34a5d1084e97dcfc9f001655619,2022896,yes,2
alphabet,0001652044-24-000118,10-Q,2024-10-30,2024-09-30,https://www.sec.gov/Archives/edgar/data/1652044/000165204424000118/goog-20240930.htm,49683192bd35ac1dabd2f623dc99df2fffccb95148f55682d5a337a487bf1551,2027388,yes,2
alphabet,0001652044-25-000014,10-K,2025-02-05,2024-12-31,https://www.sec.gov/Archives/edgar/data/1652044/000165204425000014/goog-20241231.htm,6141a8490ae30227fa28b1855216dd8fd372c26641af30bc5514ffc0f2081814,2528462,yes,2
alphabet,0001652044-25-000043,10-Q,2025-04-25,2025-03-31,https://www.sec.gov/Archives/edgar/data/1652044/000165204425000043/goog-20250331.htm,ba299c8b090c44febc1829847c6773d146846015a8cab8a7d9ba0ea18d186294,1615599,yes,2
alphabet,0001652044-25-000062,10-Q,2025-07-24,2025-06-30,https://www.sec.gov/Archives/edgar/data/1652044/000165204425000062/goog-20250630.htm,030d641f55e8373f2a1a2c741fd6fa4cf8cd99287dd90669495b9907d0fab099,2199840,yes,2
alphabet,0001652044-25-000091,10-Q,2025-10-30,2025-09-30,https://www.sec.gov/Archives/edgar/data/1652044/000165204425000091/goog-20250930.htm,31989894cdb107b90d4ca6cb3512af29bd6bba974f79621540992fdd5d9ce97f,2197108,yes,2
alphabet,0001652044-26-000018,10-K,2026-02-05,2025-12-31,https://www.sec.gov/Archives/edgar/data/1652044/000165204426000018/goog-20251231.htm,1addacf888e46a85f47e3d7e1d47b72b6aabe452f66875b8e4386d59bd922cf6,2616617,yes,2
alphabet,0001652044-26-000048,10-Q,2026-04-30,2026-03-31,https://www.sec.gov/Archives/edgar/data/1652044/000165204426000048/goog-20260331.htm,0303429fcdcc7757b008a95d11d1510ef489368ec9dc017d3cf45e32426bf2fb,1714831,yes,2
alphabet,0001652044-26-000071,10-Q,2026-07-23,2026-06-30,https://www.sec.gov/Archives/edgar/data/1652044/000165204426000071/goog-20260630.htm,c915353e94c2328923426ecd445ed8b4bfb87fbad66b2a6fc3d72f6ff88fdebb,2464251,yes,2
amazon,0001018724-14-000006,10-K,2014-01-31,2013-12-31,https://www.sec.gov/Archives/edgar/data/1018724/000101872414000006/amzn-20131231x10k.htm,2187b6562f7d6b0cc32fff96dbee6a6e8e654181f2f632a344a0003d8290984b,2167007,yes,3
amazon,0001018724-14-000014,10-Q,2014-04-25,2014-03-31,https://www.sec.gov/Archives/edgar/data/1018724/000101872414000014/amzn-20140331x10q.htm,b099b5ba3c94d85dd7d27f7cb7c235f50d435b2c3f697302978307f1315cd306,970464,yes,2
amazon,0001018724-14-000025,10-Q,2014-07-25,2014-06-30,https://www.sec.gov/Archives/edgar/data/1018724/000101872414000025/amzn-20140630x10q.htm,860f1ab6b634b3eead497813aa632e6c2e1295cba984109e96d215363c88478d,1349778,yes,2
amazon,0001018724-14-000055,10-Q,2014-10-24,2014-09-30,https://www.sec.gov/Archives/edgar/data/1018724/000101872414000055/amzn-20140930x10q.htm,a4db474581737766f594a3dfa5cfe976a803883ff99fdd87f00abb96fb2d0be9,1393123,yes,2
amazon,0001018724-15-000006,10-K,2015-01-30,2014-12-31,https://www.sec.gov/Archives/edgar/data/1018724/000101872415000006/amzn-20141231x10k.htm,e3d75834336641268230f64456883c61bcc8a37f59db663d35e76b36b36646fd,2252792,yes,2
amazon,0001018724-15-000038,10-Q,2015-04-24,2015-03-31,https://www.sec.gov/Archives/edgar/data/1018724/000101872415000038/amzn-20150331x10q.htm,d6656af867203f08d9797b739c21c28d64f03a183104e138b9415312a58e7d48,1052089,yes,2
amazon,0001018724-15-000087,10-Q,2015-07-24,2015-06-30,https://www.sec.gov/Archives/edgar/data/1018724/000101872415000087/amzn-20150630x10q.htm,1990759e51a12118313d4c0ead11582b2cd087359db5a6733b69e968fd0fd908,1422440,yes,2
amazon,0001018724-15-000126,10-Q,2015-10-23,2015-09-30,https://www.sec.gov/Archives/edgar/data/1018724/000101872415000126/amzn-20150930x10q.htm,c953873de66a2363a0a84a5f77464f76c0eeaa4f656d9e2dc1c8d0d2bad7a7e0,1434136,yes,2
amazon,0001018724-16-000172,10-K,2016-01-29,2015-12-31,https://www.sec.gov/Archives/edgar/data/1018724/000101872416000172/amzn-20151231x10k.htm,f8b210d528a6357093fb5aa8412a10dbf7b957ffeeebd228203fdc5ffdbab347,2205338,yes,2
amazon,0001018724-16-000227,10-Q,2016-04-29,2016-03-31,https://www.sec.gov/Archives/edgar/data/1018724/000101872416000227/amzn-20160331x10q.htm,9b95292e0b4a2da3d1743c62f66fb30f4f17ff61b3fc82e5fecb6e3faf0aa064,980108,yes,2
amazon,0001018724-16-000286,10-Q,2016-07-29,2016-06-30,https://www.sec.gov/Archives/edgar/data/1018724/000101872416000286/amzn-20160630x10q.htm,92fada37b6f95aba4c97314cb09bbc7e9e0e5c84a169696eebde7bfe4aea98df,1321390,yes,2
amazon,0001018724-16-000324,10-Q,2016-10-28,2016-09-30,https://www.sec.gov/Archives/edgar/data/1018724/000101872416000324/amzn-20160930x10q.htm,ed9c918a6d59f51655dc3420209dfc43dd101b0d3cd83cf00c0ad3ea120ee892,1320649,yes,2
amazon,0001018724-17-000011,10-K,2017-02-10,2016-12-31,https://www.sec.gov/Archives/edgar/data/1018724/000101872417000011/amzn-20161231x10k.htm,d45e6060fa52f9d5a46324839b68571a7da55c2c8b8ec7556ad3f8c3cf3d5f6f,2176560,yes,2
amazon,0001018724-17-000051,10-Q,2017-04-28,2017-03-31,https://www.sec.gov/Archives/edgar/data/1018724/000101872417000051/amzn-20170331x10q.htm,dfa138c6793df53ea7d4f2f38af2f546cd5161d901f6d15f90a03fbf76b741b1,922812,yes,2
amazon,0001018724-17-000100,10-Q,2017-07-28,2017-06-30,https://www.sec.gov/Archives/edgar/data/1018724/000101872417000100/amzn-20170630x10q.htm,b2b644a968be927a61239fcb124a9a362d72511a2937d714590d11c1d40f1440,1229637,yes,2
amazon,0001018724-17-000135,10-Q,2017-10-27,2017-09-30,https://www.sec.gov/Archives/edgar/data/1018724/000101872417000135/amzn-20170930x10q.htm,e42b9fb520257365fc4c48ec8dfb8984fb1d1ba4edcd0ecea0ee8c18676aaeba,1279773,yes,2
amazon,0001018724-18-000005,10-K,2018-02-02,2017-12-31,https://www.sec.gov/Archives/edgar/data/1018724/000101872418000005/amzn-20171231x10k.htm,3fc231fbcf43642449ffb62ebfc2ea351e455e3bddde009eb6db8477133f0603,2159838,yes,2
amazon,0001018724-18-000072,10-Q,2018-04-27,2018-03-31,https://www.sec.gov/Archives/edgar/data/1018724/000101872418000072/amzn-20180331x10q.htm,8d8c263772476dfdec6033c84c2b856af67c678f446865c97f436297b6705e1d,973318,yes,3
amazon,0001018724-18-000108,10-Q,2018-07-27,2018-06-30,https://www.sec.gov/Archives/edgar/data/1018724/000101872418000108/amzn-20180630x10q.htm,34ec44d27fbfe32a6b2623a7f4a84a2b24aeb23a66c999701854cb7eff193363,1300806,yes,3
amazon,0001018724-18-000159,10-Q,2018-10-26,2018-09-30,https://www.sec.gov/Archives/edgar/data/1018724/000101872418000159/amzn-20180930x10q.htm,b1512a0dce925ae350de22b7da768aa02bcb74ef7d46d297e96c5ad3222fea40,1293106,yes,3
amazon,0001018724-19-000004,10-K,2019-02-01,2018-12-31,https://www.sec.gov/Archives/edgar/data/1018724/000101872419000004/amzn-20181231x10k.htm,995e231d9ecd2106c4f6b0edc787bbb9a8eaa8079e46583065503ca5b3f0c00b,2081214,yes,2
amazon,0001018724-19-000043,10-Q,2019-04-26,2019-03-31,https://www.sec.gov/Archives/edgar/data/1018724/000101872419000043/amzn-2019331x10q.htm,96f01c1544b1caf0d1e84813f3911eb1c312e2645fbf834d56ad180b261fff1b,1012253,yes,4
amazon,0001018724-19-000071,10-Q,2019-07-26,2019-06-30,https://www.sec.gov/Archives/edgar/data/1018724/000101872419000071/amzn-2019630x10q.htm,7901ed4aa97ae8cd8b79cd94bd82bf0f0f09289b80f75dd982cb76572181ab57,1753697,yes,4
amazon,0001018724-19-000089,10-Q,2019-10-25,2019-09-30,https://www.sec.gov/Archives/edgar/data/1018724/000101872419000089/amzn-2019930x10q.htm,774dd730ee5064ccdbab396e1a37824ce5a4d4392c6eecb5709cbfbee7f5baef,1763681,yes,4
amazon,0001018724-20-000004,10-K,2020-01-31,2019-12-31,https://www.sec.gov/Archives/edgar/data/1018724/000101872420000004/amzn-20191231x10k.htm,7b6a4f97504ec22a9c678722710e0c0d2d7c4d2385a161a6fc4f192c9741e61d,2689817,yes,2
amazon,0001018724-20-000010,10-Q,2020-05-01,2020-03-31,https://www.sec.gov/Archives/edgar/data/1018724/000101872420000010/amzn-20200331x10q.htm,b7fcac94783dcaf184828952e0527c19e10e32c78fae3f635b5f4f91d8c0651f,1358288,yes,4
amazon,0001018724-20-000021,10-Q,2020-07-31,2020-06-30,https://www.sec.gov/Archives/edgar/data/1018724/000101872420000021/amzn-20200630.htm,881cd9a987dfb23dd1b3a622b5f6772c3d4dd775c0f8468145a5089835fcf3b8,2188910,yes,4
amazon,0001018724-20-000030,10-Q,2020-10-30,2020-09-30,https://www.sec.gov/Archives/edgar/data/1018724/000101872420000030/amzn-20200930.htm,cf8415e15aa8aa2856e0e1f137e5acb819f5ba1793b889fc3e123a2fa91c6a14,1680810,yes,4
amazon,0001018724-21-000004,10-K,2021-02-03,2020-12-31,https://www.sec.gov/Archives/edgar/data/1018724/000101872421000004/amzn-20201231.htm,98b1612514f749d1c18b92f3bf75c668d389aa462e379071f4c26bc0aa41b39f,2455773,yes,2
amazon,0001018724-21-000010,10-Q,2021-04-30,2021-03-31,https://www.sec.gov/Archives/edgar/data/1018724/000101872421000010/amzn-20210331.htm,5db713e195fa198c88378982fdc54324f5479b82c3ff2ad2055f602d0f4d857b,1362415,yes,4
amazon,0001018724-21-000020,10-Q,2021-07-30,2021-06-30,https://www.sec.gov/Archives/edgar/data/1018724/000101872421000020/amzn-20210630.htm,1a431142bedd43fd5e0841192ab6b73aa970c84d8f152e5fead489404a8731b5,1718876,yes,4
amazon,0001018724-21-000028,10-Q,2021-10-29,2021-09-30,https://www.sec.gov/Archives/edgar/data/1018724/000101872421000028/amzn-20210930.htm,d863fec538439a1a51a9eb2b43a27653e8ee237d17f3ff4f79898b643ea6c170,1724097,yes,4
amazon,0001018724-22-000005,10-K,2022-02-04,2021-12-31,https://www.sec.gov/Archives/edgar/data/1018724/000101872422000005/amzn-20211231.htm,b0bfd27f13de3bab13df7ec7d550d3e786a5031bb36cfc74e241143afd255691,2415739,yes,2
amazon,0001018724-22-000013,10-Q,2022-04-29,2022-03-31,https://www.sec.gov/Archives/edgar/data/1018724/000101872422000013/amzn-20220331.htm,8256500a8da1cf2825eab4aac2b7b22897dc1db7130695f5d722c9896d9241c8,1454538,yes,4
amazon,0001018724-22-000019,10-Q,2022-07-29,2022-06-30,https://www.sec.gov/Archives/edgar/data/1018724/000101872422000019/amzn-20220630.htm,60c83a721a36cb5d3ecd03ba23ae24846eae3cab591fb5bd8bd73739e6b2054f,1835036,yes,4
amazon,0001018724-22-000023,10-Q,2022-10-28,2022-09-30,https://www.sec.gov/Archives/edgar/data/1018724/000101872422000023/amzn-20220930.htm,8f702b947ef604b4f2987faa14a865fb43892cce7a40b0a7c10ac878f4da557f,1830842,yes,4
amazon,0001018724-23-000004,10-K,2023-02-03,2022-12-31,https://www.sec.gov/Archives/edgar/data/1018724/000101872423000004/amzn-20221231.htm,cd0c66b7e0592a9249dbf3ac2a51d301220e68ab443fac867a2c21181d26b3d6,2486310,yes,2
amazon,0001018724-23-000008,10-Q,2023-04-28,2023-03-31,https://www.sec.gov/Archives/edgar/data/1018724/000101872423000008/amzn-20230331.htm,10f071b3df0734d305a7e702e870c92b9db8430b4c78c765ed98b636bdcea590,1487543,yes,4
amazon,0001018724-23-000012,10-Q,2023-08-04,2023-06-30,https://www.sec.gov/Archives/edgar/data/1018724/000101872423000012/amzn-20230630.htm,4fa0e8506fc8ffe16827b835969433ee157ed7c5506fb244df04f41ef2cdc49b,1393469,yes,4
amazon,0001018724-23-000018,10-Q,2023-10-27,2023-09-30,https://www.sec.gov/Archives/edgar/data/1018724/000101872423000018/amzn-20230930.htm,f15a354932bd1dd48acdd8284098bf4ad437eaf3d4713aaaca5a1b8937a1bd35,1390374,yes,4
amazon,0001018724-24-000008,10-K,2024-02-02,2023-12-31,https://www.sec.gov/Archives/edgar/data/1018724/000101872424000008/amzn-20231231.htm,5a319843489c95944b8bcef3c5a0b4d721894379f0eede8aa41e919a1c919332,1945296,yes,2
amazon,0001018724-24-000083,10-Q,2024-05-01,2024-03-31,https://www.sec.gov/Archives/edgar/data/1018724/000101872424000083/amzn-20240331.htm,d3a9ff12b5b8bb23a81f2950010674870b8f3460d0e1dac28e9c26f32b66ac03,1141271,yes,4
amazon,0001018724-24-000130,10-Q,2024-08-02,2024-06-30,https://www.sec.gov/Archives/edgar/data/1018724/000101872424000130/amzn-20240630.htm,15cdc6d96fe8f471191108c35bd1546acced5d0228a44d39fa88c9e13b9d437d,1376687,yes,4
amazon,0001018724-24-000161,10-Q,2024-11-01,2024-09-30,https://www.sec.gov/Archives/edgar/data/1018724/000101872424000161/amzn-20240930.htm,4e58a7f04b83f7c3f44f9bf956ebeed0cd8db846006e7f63361952ca9e97cf7a,1385059,yes,4
amazon,0001018724-25-000004,10-K,2025-02-07,2024-12-31,https://www.sec.gov/Archives/edgar/data/1018724/000101872425000004/amzn-20241231.htm,50fdd3071fc3f5ec16dac825f702af748ba05cdf676ac9d4d4ceeccddb9ba009,1922473,yes,2
amazon,0001018724-25-000036,10-Q,2025-05-02,2025-03-31,https://www.sec.gov/Archives/edgar/data/1018724/000101872425000036/amzn-20250331.htm,b233df2bf411dca3769ea7a268ab17f801c2ccd7d92a1237aedf1c2689f905ee,1139655,yes,4
amazon,0001018724-25-000086,10-Q,2025-08-01,2025-06-30,https://www.sec.gov/Archives/edgar/data/1018724/000101872425000086/amzn-20250630.htm,365be3e1f242338902ee298b5d635749a28645c3b190085d37dfec89f8db90f2,1387281,yes,4
amazon,0001018724-25-000123,10-Q,2025-10-31,2025-09-30,https://www.sec.gov/Archives/edgar/data/1018724/000101872425000123/amzn-20250930.htm,18950e1d8e8f1d63e379757c5e9a74477ff5e0aace4e6e0e7a379abe89d1e933,1405997,yes,4
amazon,0001018724-26-000004,10-K,2026-02-06,2025-12-31,https://www.sec.gov/Archives/edgar/data/1018724/000101872426000004/amzn-20251231.htm,a8df4faeae12f701639df605bcea5ce453d6764a752887696912f3ffd66ad3b3,1968460,yes,2
amazon,0001018724-26-000014,10-Q,2026-04-30,2026-03-31,https://www.sec.gov/Archives/edgar/data/1018724/000101872426000014/amzn-20260331.htm,0296f3ffd2ff714ef631068e73d932fe26a71c9ccf69862747bc166952a1cd5b,1241362,yes,4
amazon,0001018724-26-000026,10-Q,2026-07-31,2026-06-30,https://www.sec.gov/Archives/edgar/data/1018724/000101872426000026/amzn-20260630.htm,949ebca82c5ee94e70a0657e6e8cc759c2c5aeafd062ffe9a287c4fd295c0ad8,1591540,yes,4
amazon,0001193125-09-085983,10-Q,2009-04-24,2009-03-31,https://www.sec.gov/Archives/edgar/data/1018724/000119312509085983/d10q.htm,0143726f529c9a392fa93abf820a57b9193118a0306a06791ecee1f9dbbb977c,612287,no,0
amazon,0001193125-09-154174,10-Q,2009-07-24,2009-06-30,https://www.sec.gov/Archives/edgar/data/1018724/000119312509154174/d10q.htm,1980665b8f6a8c228b1a3cfd5c37c225061ccb1daf2cddb6ca384c37421469ac,797326,no,0
amazon,0001193125-09-212134,10-Q,2009-10-23,2009-09-30,https://www.sec.gov/Archives/edgar/data/1018724/000119312509212134/d10q.htm,388eb8aee8f4c80ccb1a9cd866fecac937b97f66edcd80554e8f76aded614f24,846089,no,0
amazon,0001193125-10-016098,10-K,2010-01-29,2009-12-31,https://www.sec.gov/Archives/edgar/data/1018724/000119312510016098/d10k.htm,27674b760780ff96a501a5421921b9859f7b7b25c7a499af86ab4e71a61318b4,1332655,yes,2
amazon,0001193125-10-090367,10-Q,2010-04-23,2010-03-31,https://www.sec.gov/Archives/edgar/data/1018724/000119312510090367/d10q.htm,ada9d84139b780ed8b156253b8c0116a270e87566f5462e2cd9d1dc05328b718,560514,yes,2
amazon,0001193125-10-164083,10-Q,2010-07-23,2010-06-30,https://www.sec.gov/Archives/edgar/data/1018724/000119312510164083/d10q.htm,37028eeb8ae050b4733c59ef9bd6519cf198e4348209f3094a1817ed469843eb,753695,yes,2
amazon,0001193125-10-233883,10-Q,2010-10-22,2010-09-30,https://www.sec.gov/Archives/edgar/data/1018724/000119312510233883/d10q.htm,fa4a67ae9a0f5eebfe926ccc8765bc86bc2ebabaab9fd9beb6f00ab7252fbb8e,770085,yes,2
amazon,0001193125-11-016253,10-K,2011-01-28,2010-12-31,https://www.sec.gov/Archives/edgar/data/1018724/000119312511016253/d10k.htm,d97ec3113a8ce41afe218780c4e10c3d602e47ab6d2ea2135a37561e58e667ef,1251093,yes,2
amazon,0001193125-11-050136,10-K/A,2011-02-28,2010-12-31,https://www.sec.gov/Archives/edgar/data/1018724/000119312511050136/d10ka.htm,d769c380d1d2c347539f91b566985d23a616d2e1bb6b00acd9ff3cbb0f169678,31660,no,0
amazon,0001193125-11-110197,10-Q,2011-04-27,2011-03-31,https://www.sec.gov/Archives/edgar/data/1018724/000119312511110197/d10q.htm,9d558e239b3c74aeffe3cb4b53b61360b4dd27625fc2d971789a73acf2668b81,576584,yes,2
amazon,0001193125-11-197823,10-Q,2011-07-27,2011-06-30,https://www.sec.gov/Archives/edgar/data/1018724/000119312511197823/d10q.htm,063431835057cd5cbf31b307c6f58e745a14f655b362e38342baab5d95264d88,783651,yes,2
amazon,0001193125-11-280739,10-Q,2011-10-26,2011-09-30,https://www.sec.gov/Archives/edgar/data/1018724/000119312511280739/d233845d10q.htm,6ad6e372319200395f480b141449eb9717f7260aa0727d596a3216547695fe9b,817595,yes,2
amazon,0001193125-12-032846,10-K,2012-02-01,2011-12-31,https://www.sec.gov/Archives/edgar/data/1018724/000119312512032846/d269317d10k.htm,80f0d284cff59d96b38dc11a484e1f5bc1bbc94cd08f06e5b346914fd535bf80,1345884,yes,2
amazon,0001193125-12-187203,10-Q,2012-04-27,2012-03-31,https://www.sec.gov/Archives/edgar/data/1018724/000119312512187203/d316991d10q.htm,743880854a64ad7785e5e8cb73ef06170dc4f52cb6d29d8d990d1c62c1c826e6,622907,yes,2
amazon,0001193125-12-317409,10-Q,2012-07-27,2012-06-30,https://www.sec.gov/Archives/edgar/data/1018724/000119312512317409/d363661d10q.htm,55793e8b472842dad70bfd809d46b8d469eda5d84fb8fdd1819a4f6ca7b9daf4,843034,yes,2
amazon,0001193125-12-436012,10-Q,2012-10-26,2012-09-30,https://www.sec.gov/Archives/edgar/data/1018724/000119312512436012/d403488d10q.htm,cdfef77bd620580f07956ccbd3287a4e71195197eb9ef5e4aacfbac030cf91ac,875502,yes,2
amazon,0001193125-13-028520,10-K,2013-01-30,2012-12-31,https://www.sec.gov/Archives/edgar/data/1018724/000119312513028520/d445434d10k.htm,b625e4b9c9ba4154090bc8df9ac5a71c9b084309456722e08670b21c7aa5aef1,1364158,yes,2
amazon,0001193125-13-174667,10-Q,2013-04-26,2013-03-31,https://www.sec.gov/Archives/edgar/data/1018724/000119312513174667/d492540d10q.htm,933612dd96fb14d61ec417a69240eaa365baed43c9a707b69ae23700661fa814,652798,yes,2
amazon,0001193125-13-303204,10-Q,2013-07-26,2013-06-30,https://www.sec.gov/Archives/edgar/data/1018724/000119312513303204/d542614d10q.htm,37efd674da52c4bafbbea9a91a2e73fe1fa5b8ba0024f9f41c23159f59e83b09,853842,yes,2
amazon,0001445305-13-002495,10-Q,2013-10-25,2013-09-30,https://www.sec.gov/Archives/edgar/data/1018724/000144530513002495/amzn-20130930x10q.htm,6d3b6296aba926807d6451ab850ad8338676ea00f579fd74881f6734421a6513,1379707,yes,2
coreweave,0001769628-25-000014,10-Q,2025-05-15,2025-03-31,https://www.sec.gov/Archives/edgar/data/1769628/000176962825000014/crwv-20250331.htm,cd9b5f290d836a59c6a7b962989a876ef0330b5dc14ccf30cd8e130116a7109c,1695022,yes,2
coreweave,0001769628-25-000041,10-Q,2025-08-13,2025-06-30,https://www.sec.gov/Archives/edgar/data/1769628/000176962825000041/crwv-20250630.htm,cb7e9caad09660b6411668e79090c82af3acab8cd9a6d3c516ebcebf6d668721,2222971,yes,2
coreweave,0001769628-25-000062,10-Q,2025-11-13,2025-09-30,https://www.sec.gov/Archives/edgar/data/1769628/000176962825000062/crwv-20250930.htm,ff06aa942b248cec398faaf30e5daa4a33be9249078fa6901d7f67fb62310af2,2365269,yes,2
coreweave,0001769628-26-000104,10-K,2026-03-02,2025-12-31,https://www.sec.gov/Archives/edgar/data/1769628/000176962826000104/crwv-20251231.htm,30d24749b52237598a580955b6596abb049a24966e4cc3d725fccecb2480b44e,2792150,yes,2
coreweave,0001769628-26-000222,10-Q,2026-05-08,2026-03-31,https://www.sec.gov/Archives/edgar/data/1769628/000176962826000222/crwv-20260331.htm,1c062bed766c6fa0a7554123925ed170bf36b49c4ffaba9b50ff403e31f83741,1741661,yes,2
coreweave,0001769628-26-000366,10-Q,2026-08-12,2026-06-30,https://www.sec.gov/Archives/edgar/data/1769628/000176962826000366/crwv-20260630.htm,ee4276fb3b7896f0dbc5bc6802d99bbdc2747188867118e21535e14ce48df910,2197637,yes,2
google,0001193125-09-101727,10-Q,2009-05-06,2009-03-31,https://www.sec.gov/Archives/edgar/data/1288776/000119312509101727/d10q.htm,55425d569edd6fcb815e63ab8529cde31b1d34bdea16dd1fb4435e6896223d08,708343,yes,2
google,0001193125-09-163845,10-Q,2009-08-04,2009-06-30,https://www.sec.gov/Archives/edgar/data/1288776/000119312509163845/d10q.htm,88a2ecaa49fef51ce72d3d0b7515507ca33f50278e27b910616be55b4255182b,814940,yes,2
google,0001193125-09-222384,10-Q,2009-11-04,2009-09-30,https://www.sec.gov/Archives/edgar/data/1288776/000119312509222384/d10q.htm,977efe4a474d27be68169e51bbcf3cb492c738083217f73022730bcd27e35f04,833318,yes,2
google,0001193125-10-030774,10-K,2010-02-12,2009-12-31,https://www.sec.gov/Archives/edgar/data/1288776/000119312510030774/d10k.htm,47e98fdd848764a4fad8596fd400841dc569f3cec25409b39bfc513a09b325da,1388358,yes,2
google,0001193125-10-108704,10-Q,2010-05-05,2010-03-31,https://www.sec.gov/Archives/edgar/data/1288776/000119312510108704/d10q.htm,9a272bee37b76905a920a8ab1154d67f45675ece9aba29756fac456618f70b1f,734504,yes,2
google,0001193125-10-172387,10-Q,2010-07-30,2010-06-30,https://www.sec.gov/Archives/edgar/data/1288776/000119312510172387/d10q.htm,4da9597bb00e596ca7084b0d2b197c2da023bb22402b481bfd06cc584aabf1fe,879733,yes,2
google,0001193125-10-241317,10-Q,2010-10-29,2010-09-30,https://www.sec.gov/Archives/edgar/data/1288776/000119312510241317/d10q.htm,57482cdb30cf8b2e2dcb22a002250f2bbdebc335ada99a1b8e75b31a72b811aa,953390,yes,2
google,0001193125-11-032930,10-K,2011-02-11,2010-12-31,https://www.sec.gov/Archives/edgar/data/1288776/000119312511032930/d10k.htm,afca5769a42442a0899f622283ea0416fb1a7ac898fec8e4a572c606a90fa31a,1406683,yes,2
google,0001193125-11-134428,10-Q,2011-05-10,2011-03-31,https://www.sec.gov/Archives/edgar/data/1288776/000119312511134428/d10q.htm,8842c18095182d908ff926df51272c3adc8ae81448830b6d1d6716758aa390af,805556,yes,2
google,0001193125-11-199078,10-Q,2011-07-27,2011-06-30,https://www.sec.gov/Archives/edgar/data/1288776/000119312511199078/d10q.htm,e4875514ddbc65b68b009c9ba0cde4354fb8170201f4fcbfc6a693c6e1eaf1fa,962955,yes,2
google,0001193125-11-282235,10-Q,2011-10-26,2011-09-30,https://www.sec.gov/Archives/edgar/data/1288776/000119312511282235/d228523d10q.htm,d4fd2b4a112b9e6cc8bcd244a6bca0486b5014095879da06a5b7ed3616b8e180,997051,yes,2
google,0001193125-12-025336,10-K,2012-01-26,2011-12-31,https://www.sec.gov/Archives/edgar/data/1288776/000119312512025336/d260164d10k.htm,5339f57a90f0582542027e498a11e39e38d3b26c4e5891fe8eb7d6822df26829,1424898,yes,2
google,0001193125-12-174477,10-K/A,2012-04-23,2011-12-31,https://www.sec.gov/Archives/edgar/data/1288776/000119312512174477/d338088d10ka.htm,4e29855c73f7e2a0706bdf3cde1d9a2d6b0cafac28e4580bfce56d71fe9d3218,740676,no,0
google,0001193125-12-182401,10-Q,2012-04-25,2012-03-31,https://www.sec.gov/Archives/edgar/data/1288776/000119312512182401/d307179d10q.htm,d8d5d541f4977032003c36176decee3d040426b26f244a53e887a722dc58657a,850288,yes,2
google,0001193125-12-312575,10-Q,2012-07-24,2012-06-30,https://www.sec.gov/Archives/edgar/data/1288776/000119312512312575/d357361d10q.htm,d0add7f779d63fce68a18772a2490b4c1a9626f51c20b55e549129abbef748a0,1116918,yes,2
google,0001193125-12-440217,10-Q,2012-10-30,2012-09-30,https://www.sec.gov/Archives/edgar/data/1288776/000119312512440217/d400524d10q.htm,e934506914e10b2344a0cdee28250877fd0f6427f93fdf0fb95e6390b8ccce4a,1145703,yes,2
google,0001193125-13-028362,10-K,2013-01-29,2012-12-31,https://www.sec.gov/Archives/edgar/data/1288776/000119312513028362/d452134d10k.htm,7abdd4f4eae85bc47213306e557a7ff4895342ef700451f659b12484c337cfb9,1650892,yes,2
google,0001193125-16-520367,10-K/A,2016-03-29,2015-12-31,https://www.sec.gov/Archives/edgar/data/1288776/000119312516520367/d133613d10ka.htm,845f61f977d66729cb0a721740430a361fbfb8769b79a1078700fd13f98d3aee,504622,no,0
google,0001288776-13-000030,10-Q,2013-04-25,2013-03-31,https://www.sec.gov/Archives/edgar/data/1288776/000128877613000030/goog-2013331x10q.htm,2a316fc78cb7e152111283a50c7483c24c642c4535934d30f3aed4193778563a,1623528,yes,2
google,0001288776-13-000055,10-Q,2013-07-25,2013-06-30,https://www.sec.gov/Archives/edgar/data/1288776/000128877613000055/goog10-qq22013.htm,f4d92e2fc7a7d9feb0ec07b9b4d58e999ac0b61703f359a2d389ae2ce6e9bae8,2132917,yes,2
google,0001288776-13-000068,10-Q,2013-10-24,2013-09-30,https://www.sec.gov/Archives/edgar/data/1288776/000128877613000068/goog10-qq32013.htm,b71c5ea27e31c87bbe79a1c05af2341017956c7e001c1ac5f457306794337a68,2132738,yes,2
google,0001288776-14-000020,10-K,2014-02-12,2013-12-31,https://www.sec.gov/Archives/edgar/data/1288776/000128877614000020/goog2013123110-k.htm,419a36bdbb755df5f226d08481ae36ebca57fb163c950eb5cadb73fc2ecace9b,2862849,yes,2
google,0001288776-14-000040,10-Q,2014-04-24,2014-03-31,https://www.sec.gov/Archives/edgar/data/1288776/000128877614000040/goog10-qq12014.htm,50f8b7ca8f0b8465486365d512730376c15515f44449feca28d8343f2628bb4c,1674051,yes,2
google,0001288776-14-000065,10-Q,2014-07-25,2014-06-30,https://www.sec.gov/Archives/edgar/data/1288776/000128877614000065/goog10-qq22014.htm,6bd068f4bf3bfb199e85a5753e7fe784802a54ec7eab075e17ed28e9ea53b5d0,2087781,yes,2
google,0001288776-14-000075,10-Q,2014-10-23,2014-09-30,https://www.sec.gov/Archives/edgar/data/1288776/000128877614000075/goog10-qq32014.htm,7906d4d8189bec02bf26257c6261f07b7348513b9f5020d4a1164436abce12f7,2098011,yes,2
google,0001288776-15-000008,10-K,2015-02-09,2014-12-31,https://www.sec.gov/Archives/edgar/data/1288776/000128877615000008/goog2014123110-k.htm,d209517ee8e48d2efb0ba97b7663be2414cf0b8284fd1363dc07988d272d277d,2835916,yes,2
google,0001288776-15-000023,10-Q,2015-04-29,2015-03-31,https://www.sec.gov/Archives/edgar/data/1288776/000128877615000023/goog10-qq12015.htm,a9b4ea2cea3f163f4224f95cb0e648e3269a628956c9d34b0f54b779d383de83,1503089,yes,2
google,0001288776-15-000035,10-Q,2015-07-23,2015-06-30,https://www.sec.gov/Archives/edgar/data/1288776/000128877615000035/goog10-qq22015.htm,87cbdbd267d6ec5ea135099d97ef051350a225595c8f77aec9b613cb463ac727,2186631,yes,3
google,0001288776-15-000046,10-Q,2015-10-29,2015-09-30,https://www.sec.gov/Archives/edgar/data/1288776/000128877615000046/goog10-qq32015.htm,0046e36e205b6d88ec594f29fbe36b2d91c30a56e3e9a58c0da0dde4a792a6f3,2236318,yes,2
google,0001652044-16-000012,10-K,2016-02-11,2015-12-31,https://www.sec.gov/Archives/edgar/data/1288776/000165204416000012/goog10-k2015.htm,1d2d3bdfe40f6b4828e9e536b9abc22c5c2152b677eef976fa2116bd991e78c9,3838946,yes,4
meta,0001193125-12-325997,10-Q,2012-07-31,2012-06-30,https://www.sec.gov/Archives/edgar/data/1326801/000119312512325997/d371464d10q.htm,0b68a89ce67cb5c2e8a2da1cadaa8b58280513e30202fb2ffd0f6a83581d9c36,830668,yes,2
meta,0001326801-12-000006,10-Q,2012-10-24,2012-09-30,https://www.sec.gov/Archives/edgar/data/1326801/000132680112000006/fb-9302012x10q.htm,99f8b62a5a1638180914810f0c4f433789fe18ced73bbb529875e52885f5bea8,1303146,yes,2
meta,0001326801-13-000003,10-K,2013-02-01,2012-12-31,https://www.sec.gov/Archives/edgar/data/1326801/000132680113000003/fb-12312012x10k.htm,06793f9334edd53edb1b19888c1bb3bf87383473197ff696ac90b4944d2ad5bd,2559177,yes,2
meta,0001326801-13-000011,10-Q,2013-05-02,2013-03-31,https://www.sec.gov/Archives/edgar/data/1326801/000132680113000011/fb-3312013x10q.htm,c5d5bd1f22d9b6e38c0fbcc94e0321e3b471ec7b9afca5b1c0fd409e1afc6467,1029639,yes,1
meta,0001326801-13-000019,10-Q,2013-07-25,2013-06-30,https://www.sec.gov/Archives/edgar/data/1326801/000132680113000019/fb-6302013x10q.htm,c2ea07e03c3d28dfba66843604c4331cb6ad9bcef00af7be377db4b9c1c103d0,1296915,yes,2
meta,0001326801-13-000031,10-Q,2013-11-01,2013-09-30,https://www.sec.gov/Archives/edgar/data/1326801/000132680113000031/fb-9302013x10q.htm,6c963d903b67a2627ac004d98d7e0e8af3dbc28c650cd231f2386c418d7dd2b7,1303040,yes,2
meta,0001326801-14-000007,10-K,2014-01-31,2013-12-31,https://www.sec.gov/Archives/edgar/data/1326801/000132680114000007/fb-12312013x10k.htm,bc1fee1dce131e04288228f5214aa8c4e7bfea6892584dec30dd18324ba8a69f,2442518,yes,2
meta,0001326801-14-000023,10-Q,2014-04-25,2014-03-31,https://www.sec.gov/Archives/edgar/data/1326801/000132680114000023/fb-3312014x10q.htm,f87ae6adf2d9502c0cfb62e414645fcd7b0b530e8a99486ea72012d53a91abcd,979279,yes,1
meta,0001326801-14-000032,10-Q,2014-07-24,2014-06-30,https://www.sec.gov/Archives/edgar/data/1326801/000132680114000032/fb-6302014x10q.htm,61e00b2c0b7eb035e30f968eaa2b2146e75e2a69439b2ce09f74a78e64ba7141,1240953,yes,2
meta,0001326801-14-000068,10-Q,2014-10-30,2014-09-30,https://www.sec.gov/Archives/edgar/data/1326801/000132680114000068/fb-9302014x10q.htm,b3942047f4e8450820bd40a657f3ab02a110be2cfcc766157c5e7edb0a60f0ab,1372591,yes,2
meta,0001326801-15-000006,10-K,2015-01-29,2014-12-31,https://www.sec.gov/Archives/edgar/data/1326801/000132680115000006/fb-12312014x10k.htm,e957d0e8e47c26acac08d91ab2e91c043cf78571d8d38d7544a686e696453ba9,2465585,yes,3
meta,0001326801-15-000010,10-K/A,2015-02-13,2014-12-31,https://www.sec.gov/Archives/edgar/data/1326801/000132680115000010/amendment1form10-ka.htm,0bc9be5f2ef4a0c5b08bd1af6742c805618e79d8713dd870ceebaf6a71185c3b,162777,no,0
meta,0001326801-15-000015,10-Q,2015-04-23,2015-03-31,https://www.sec.gov/Archives/edgar/data/1326801/000132680115000015/fb-3312015x10q.htm,b1bb5908c846c01f4a0da9b5b0013d64ba0810a637b368ab83fef102bedbce74,1026800,yes,1
meta,0001326801-15-000028,10-Q,2015-07-31,2015-06-30,https://www.sec.gov/Archives/edgar/data/1326801/000132680115000028/fb-6302015x10q.htm,0c9e22fd92461683dc75283c8e479a3eeddd055351e74c40afa755daaff39cfe,1290938,yes,2
meta,0001326801-15-000032,10-Q,2015-11-05,2015-09-30,https://www.sec.gov/Archives/edgar/data/1326801/000132680115000032/fb-9302015x10q.htm,4c18531f87dfd5ce7d96f66f6cc2522dfff22898a77170c7beea4e21e36bf022,1299753,yes,2
meta,0001326801-16-000043,10-K,2016-01-28,2015-12-31,https://www.sec.gov/Archives/edgar/data/1326801/000132680116000043/fb-12312015x10k.htm,50a3f57be12c63b3a014b3986795186ec808ff84e07085fdbb28ab5c9aaff7a5,2390589,yes,3
meta,0001326801-16-000063,10-K/A,2016-04-27,2015-12-31,https://www.sec.gov/Archives/edgar/data/1326801/000132680116000063/a1231201510-ka.htm,5a0c5d37b84b9f5c4194c73bb905f3621568e1749d5d9fb38aa0ced65e7e065d,835988,no,0
meta,0001326801-16-000067,10-Q,2016-04-28,2016-03-31,https://www.sec.gov/Archives/edgar/data/1326801/000132680116000067/fb-3312016x10q.htm,37d9a7e9183c8ba6756a6875e750018117421b643dd1537da5712d3b2ad9c6ce,1059530,yes,2
meta,0001326801-16-000082,10-Q,2016-07-28,2016-06-30,https://www.sec.gov/Archives/edgar/data/1326801/000132680116000082/fb-6302016x10q.htm,d7a0c0943d49af06b5f7daed1ea53b9ea4d716c2450e1f0892835e1c2e19c3cf,1340472,yes,2
meta,0001326801-16-000087,10-Q,2016-11-03,2016-09-30,https://www.sec.gov/Archives/edgar/data/1326801/000132680116000087/fb-9302016x10q.htm,6d3482bef1d2a591f8a7148c8b60c0ab71f071bd8ad29acd201f08b3edb2e16f,1328666,yes,2
meta,0001326801-17-000007,10-K,2017-02-03,2016-12-31,https://www.sec.gov/Archives/edgar/data/1326801/000132680117000007/fb-12312016x10k.htm,a464b9a36789bf7901f82a0d2a8a87f9d8e52f01114cfe5a9858e1eeb820b724,2452522,yes,3
meta,0001326801-17-000024,10-Q,2017-05-04,2017-03-31,https://www.sec.gov/Archives/edgar/data/1326801/000132680117000024/fb-03312017x10q.htm,04035b7292f2a094aa3d5d5342537653cc4f8c6fe1a7bd251b018584fb811159,1071092,yes,2
meta,0001326801-17-000038,10-Q,2017-07-27,2017-06-30,https://www.sec.gov/Archives/edgar/data/1326801/000132680117000038/fb-06302017x10q.htm,e76d8f01f87ee6f64bf03a5e2c5048d0299be2a74a047bfb33cf608cadee060e,1318986,yes,2
meta,0001326801-17-000053,10-Q,2017-11-02,2017-09-30,https://www.sec.gov/Archives/edgar/data/1326801/000132680117000053/fb-09302017x10q.htm,c7305dfbfcbbef58f1ab7a3a7ddae470f5469bc3a46af40baf5346689dff5e27,1311675,yes,2
meta,0001326801-18-000009,10-K,2018-02-01,2017-12-31,https://www.sec.gov/Archives/edgar/data/1326801/000132680118000009/fb-12312017x10k.htm,1ee99d077db4745a92bcc1b731666c7965b8b9999ef037dbd27980f4f78a0fcc,2325206,yes,3
meta,0001326801-18-000032,10-Q,2018-04-26,2018-03-31,https://www.sec.gov/Archives/edgar/data/1326801/000132680118000032/fb-03312018x10q.htm,1a3c33d828e15d65ec53e2fa8b0a3251e055cd6d1565cbf0a4161b494220fc02,1155714,yes,2
meta,0001326801-18-000057,10-Q,2018-07-26,2018-06-30,https://www.sec.gov/Archives/edgar/data/1326801/000132680118000057/fb-06302018x10q.htm,f60002d09e1e02a5f3052c6b47af02ee4793cd2452f26b4fcbc04c7ead50cf6a,1415213,yes,2
meta,0001326801-18-000067,10-Q,2018-10-31,2018-09-30,https://www.sec.gov/Archives/edgar/data/1326801/000132680118000067/fb-09302018x10q.htm,1fda18ccee981a5de07b60ae0a06e99eb168917a4c7e128fdd4324e3cd7c7369,1595023,yes,2
meta,0001326801-19-000009,10-K,2019-01-31,2018-12-31,https://www.sec.gov/Archives/edgar/data/1326801/000132680119000009/fb-12312018x10k.htm,9be782f1bfb37645f16d0d7aec59e27ad6a8f65f1158083c99952c6bc0bbfcec,2319496,yes,3
meta,0001326801-19-000037,10-Q,2019-04-25,2019-03-31,https://www.sec.gov/Archives/edgar/data/1326801/000132680119000037/fb-03312019x10q.htm,dfc82960c4b8e5e47c2b47033ead863dff57d317dbcc2adb299a6fa0bf6f5b08,1262449,yes,2
meta,0001326801-19-000055,10-Q,2019-07-25,2019-06-30,https://www.sec.gov/Archives/edgar/data/1326801/000132680119000055/fb-06302019x10q.htm,65604dabb493ef54c3e20e7f0b8fa9370ce9e2cfe80617b51a385d3314eccb4a,2010703,yes,2
meta,0001326801-19-000069,10-Q,2019-10-31,2019-09-30,https://www.sec.gov/Archives/edgar/data/1326801/000132680119000069/fb-09302019x10q.htm,0b45f645952c5c9cbcf5e416832808f1b92cb1fccc5a5f44a900242af1efab31,2034419,yes,2
meta,0001326801-20-000013,10-K,2020-01-30,2019-12-31,https://www.sec.gov/Archives/edgar/data/1326801/000132680120000013/fb-12312019x10k.htm,a9ffc34f1a1d6bc2c67bdac05f9f1223a02e18ab5880804c40fe02010983a0dc,3015340,yes,4
meta,0001326801-20-000048,10-Q,2020-04-30,2020-03-31,https://www.sec.gov/Archives/edgar/data/1326801/000132680120000048/fb-03312020x10q.htm,73cdc5fcc7fa0857e11eacd0a4e7a142a5efa620b2221cde1fc25472b2c4f2c7,1710568,yes,2
meta,0001326801-20-000076,10-Q,2020-07-31,2020-06-30,https://www.sec.gov/Archives/edgar/data/1326801/000132680120000076/fb-06302020x10q.htm,ca89f91a5255d9c3f381277e1d1a68f6a00b5d295f054b0242f11a831776b5e0,2097857,yes,2
meta,0001326801-20-000084,10-Q,2020-10-30,2020-09-30,https://www.sec.gov/Archives/edgar/data/1326801/000132680120000084/fb-09302020x10q.htm,cfaaf0073b897e6246108c94a85fb9fda9affba31528a9750ea50b9aac99c202,2136613,yes,2
meta,0001326801-21-000014,10-K,2021-01-28,2020-12-31,https://www.sec.gov/Archives/edgar/data/1326801/000132680121000014/fb-20201231.htm,951b17ef3f2278a9303f3c25d0d06153431622b6d17ac5f4e59a2a3764ed76f6,2768708,yes,3
meta,0001326801-21-000033,10-Q,2021-04-29,2021-03-31,https://www.sec.gov/Archives/edgar/data/1326801/000132680121000033/fb-20210331.htm,8616d4dd166a505f79522cedec615870e6efa0a9554d0e48b6f4fcdf4931061e,1575000,yes,2
meta,0001326801-21-000049,10-Q,2021-07-29,2021-06-30,https://www.sec.gov/Archives/edgar/data/1326801/000132680121000049/fb-20210630.htm,2a5945c928248caba30001eb0e8e018fa20220c9b5053327353d3d77c7538776,1926546,yes,2
meta,0001326801-21-000065,10-Q,2021-10-26,2021-09-30,https://www.sec.gov/Archives/edgar/data/1326801/000132680121000065/fb-20210930.htm,ff6c1c2ace4822c3c06c29d141af4c090f9fa2cfdf1096f385e26d244abe7692,1947099,yes,2
meta,0001326801-22-000018,10-K,2022-02-03,2021-12-31,https://www.sec.gov/Archives/edgar/data/1326801/000132680122000018/fb-20211231.htm,70628eb73b3a48b72823e3ebcbc43a4a2855cc43480d444b8681a321cd58d106,2583259,yes,2
meta,0001326801-22-000057,10-Q,2022-04-28,2022-03-31,https://www.sec.gov/Archives/edgar/data/1326801/000132680122000057/meta-20220331.htm,5644459fa02f7ed20df67c98c824f1c5cb0ef28ac9927190061b93d244db980c,1834679,yes,2
meta,0001326801-22-000082,10-Q,2022-07-28,2022-06-30,https://www.sec.gov/Archives/edgar/data/1326801/000132680122000082/meta-20220630.htm,7b3e809d6eec01340ea104d30feaa26366326d912555062272bd9f8e47632a67,2236505,yes,2
meta,0001326801-22-000108,10-Q,2022-10-27,2022-09-30,https://www.sec.gov/Archives/edgar/data/1326801/000132680122000108/meta-20220930.htm,aeae22c173beec52555906baade7e93820174d73f8b862fd1826a902b52631a0,2306261,yes,2
meta,0001326801-23-000013,10-K,2023-02-02,2022-12-31,https://www.sec.gov/Archives/edgar/data/1326801/000132680123000013/meta-20221231.htm,fea4f03a88ff4f6d464fedaa4e5bcedf4fd85dfa6e27dc028813b9fdd70ace7c,2881113,yes,2
meta,0001326801-23-000067,10-Q,2023-04-27,2023-03-31,https://www.sec.gov/Archives/edgar/data/1326801/000132680123000067/meta-20230331.htm,0f74a73708c5bf94336b5c9669e75427cacee38dd0cc123425bd8d294cd43b94,2120093,yes,2
meta,0001326801-23-000093,10-Q,2023-07-27,2023-06-30,https://www.sec.gov/Archives/edgar/data/1326801/000132680123000093/meta-20230630.htm,8e1c2e5b517f09a242d5549d3d295359364d997248fbdfd322e93fc933ed51b7,2040355,yes,2
meta,0001326801-23-000103,10-Q,2023-10-26,2023-09-30,https://www.sec.gov/Archives/edgar/data/1326801/000132680123000103/meta-20230930.htm,67447d5e9d94b2991f8d81199cc0836631d616039c24209354b536813f6c0fc9,2050468,yes,2
meta,0001326801-24-000012,10-K,2024-02-02,2023-12-31,https://www.sec.gov/Archives/edgar/data/1326801/000132680124000012/meta-20231231.htm,ab2620cb3aa0266f249f09ec0231fab5fff9f35a2aa8288913b4b4c88aee8b2e,2465779,yes,2
meta,0001326801-24-000049,10-Q,2024-04-25,2024-03-31,https://www.sec.gov/Archives/edgar/data/1326801/000132680124000049/meta-20240331.htm,d399835ae24b9bbaeffade4d338abddb8a1ee2b3c16bbc11eda7ee3340772dfd,1554376,yes,2
meta,0001326801-24-000069,10-Q,2024-08-01,2024-06-30,https://www.sec.gov/Archives/edgar/data/1326801/000132680124000069/meta-20240630.htm,e601511ca37c1dd3d214499dac69d2e2a4f9c5f40e740d1a7deb954713093ced,1839153,yes,2
meta,0001326801-24-000081,10-Q,2024-10-31,2024-09-30,https://www.sec.gov/Archives/edgar/data/1326801/000132680124000081/meta-20240930.htm,f775aac1355fd048e9bc9831bdc7d5de4e4c25cb9ef9fd294d911399f68d538a,1884958,yes,2
meta,0001326801-25-000017,10-K,2025-01-30,2024-12-31,https://www.sec.gov/Archives/edgar/data/1326801/000132680125000017/meta-20241231.htm,334db679d9aef945779ab9415c1013a796cf599e902ec2bb1db6a098ad22a6b0,2369887,yes,2
meta,0001326801-25-000054,10-Q,2025-05-01,2025-03-31,https://www.sec.gov/Archives/edgar/data/1326801/000132680125000054/meta-20250331.htm,a8eb706c5d5752c003aaa8ead2f34fcef72005f649ceab6503d0b5ad6dfee416,1489034,yes,2
meta,0001628280-25-036791,10-Q,2025-07-31,2025-06-30,https://www.sec.gov/Archives/edgar/data/1326801/000162828025036791/meta-20250630.htm,8e4b94ee38c7bd3a82e834a9b3aac1007ff02a4f695b9ce1590eb528138d5d75,1717287,yes,2
meta,0001628280-25-047240,10-Q,2025-10-30,2025-09-30,https://www.sec.gov/Archives/edgar/data/1326801/000162828025047240/meta-20250930.htm,e3b6fe89b8cd466cdb7103f18bcda18305b09881251d58f5e2b35064a99a94d2,1798567,yes,2
meta,0001628280-26-003942,10-K,2026-01-29,2025-12-31,https://www.sec.gov/Archives/edgar/data/1326801/000162828026003942/meta-20251231.htm,82b2c6cbf8f75b8eca7fc202628e41d2b29bf1eef6c2a0781c0a16420339be8e,2371868,yes,2
meta,0001628280-26-028526,10-Q,2026-04-30,2026-03-31,https://www.sec.gov/Archives/edgar/data/1326801/000162828026028526/meta-20260331.htm,1ff6864127e3ab4b544afb9867149cc94c83013fec76050d09555f0cec39ead6,1486024,yes,2
meta,0001628280-26-050705,10-Q,2026-07-30,2026-06-30,https://www.sec.gov/Archives/edgar/data/1326801/000162828026050705/meta-20260630.htm,c0b0c2996587818eac790651768fd5e1058f95269ee9ef08aecad230df540034,1784012,yes,2
microsoft,0000950170-23-014423,10-Q,2023-04-25,2023-03-31,https://www.sec.gov/Archives/edgar/data/789019/000095017023014423/msft-20230331.htm,8d164cebdef461188281a371166cbf25e7031fcc977a1575ffdf50f3f52d3ca5,8205849,yes,2
microsoft,0000950170-23-035122,10-K,2023-07-27,2023-06-30,https://www.sec.gov/Archives/edgar/data/789019/000095017023035122/msft-20230630.htm,f23ab1616337f8df96856258ae58afca0b65c91064c266b268aa45b811219d6b,9963709,yes,1
microsoft,0000950170-23-054855,10-Q,2023-10-24,2023-09-30,https://www.sec.gov/Archives/edgar/data/789019/000095017023054855/msft-20230930.htm,c7c1af452af22d2c0dcbc4a9a3b5db8b81c539f4cea6487ce1a75393f89a4b2b,4966869,yes,2
microsoft,0000950170-24-008814,10-Q,2024-01-30,2023-12-31,https://www.sec.gov/Archives/edgar/data/789019/000095017024008814/msft-20231231.htm,334fc71a8be0995c076b3c2421374932a4a1673aeeebfe6e14e3d5320b197d3d,5673418,yes,2
microsoft,0000950170-24-048288,10-Q,2024-04-25,2024-03-31,https://www.sec.gov/Archives/edgar/data/789019/000095017024048288/msft-20240331.htm,a5a1f57dc83e346e6329bfeb29d90bd20bbe858b9cbd1981d6bdca5aa2e2481f,5698667,yes,2
microsoft,0000950170-24-087843,10-K,2024-07-30,2024-06-30,https://www.sec.gov/Archives/edgar/data/789019/000095017024087843/msft-20240630.htm,d04475381ffc04b9f61a5da860a970b66631ef6e351b7fbd64b6f991ce412732,6861029,yes,1
microsoft,0000950170-24-118967,10-Q,2024-10-30,2024-09-30,https://www.sec.gov/Archives/edgar/data/789019/000095017024118967/msft-20240930.htm,4bd2a959b6b3a3ad3dc216e2decb2c16f1eb69d718780fd06a1d8fed591ce9ff,4284077,yes,2
microsoft,0000950170-25-010491,10-Q,2025-01-29,2024-12-31,https://www.sec.gov/Archives/edgar/data/789019/000095017025010491/msft-20241231.htm,e3ecdccd89895e67dd0963d1afc8880217b042a29907092c2820688a649fba12,6297531,yes,2
microsoft,0000950170-25-061046,10-Q,2025-04-30,2025-03-31,https://www.sec.gov/Archives/edgar/data/789019/000095017025061046/msft-20250331.htm,2279dff4c56676e54047b60c7ca80c68c21cbbb1278def7b2f3ff9730c566b7a,6995560,yes,2
microsoft,0000950170-25-100235,10-K,2025-07-30,2025-06-30,https://www.sec.gov/Archives/edgar/data/789019/000095017025100235/msft-20250630.htm,6419e75eab69088232a74ab274b96a88f817add29ca1f10606714458d1c6c0cf,8158185,yes,1
microsoft,0001193125-09-085779,10-Q,2009-04-23,2009-03-31,https://www.sec.gov/Archives/edgar/data/789019/000119312509085779/d10q.htm,8808f6c57376a642762e3b8f691b4140e1ce8481f61ea1ce5909692e105c83f4,759837,yes,2
microsoft,0001193125-09-158735,10-K,2009-07-30,2009-06-30,https://www.sec.gov/Archives/edgar/data/789019/000119312509158735/d10k.htm,b0ee407c92e1c06f259d04c1caf2d1adea2d4966de556e995304ee4d87379c14,1301402,yes,1
microsoft,0001193125-09-212454,10-Q,2009-10-23,2009-09-30,https://www.sec.gov/Archives/edgar/data/789019/000119312509212454/d10q.htm,b35c60984bd86eaf989c4145d8941c0bf291dd1418ebab93078d6ad1805a7109,876386,yes,2
microsoft,0001193125-10-015598,10-Q,2010-01-28,2009-12-31,https://www.sec.gov/Archives/edgar/data/789019/000119312510015598/d10q.htm,5939816fcc85dd1175c874a87929b1cbef4f3f4ac977aa6ad605f6502999ad82,1140646,yes,2
microsoft,0001193125-10-090116,10-Q,2010-04-22,2010-03-31,https://www.sec.gov/Archives/edgar/data/789019/000119312510090116/d10q.htm,014a2f08ee9646b5dbcb980f04991eb43ddab90e4ad5f01dc08801fdc463f137,1220846,yes,2
microsoft,0001193125-10-171791,10-K,2010-07-30,2010-06-30,https://www.sec.gov/Archives/edgar/data/789019/000119312510171791/d10k.htm,171f4276365fe7f2ec9d69231f0da72d274eaff68709ae594767226cb3428414,1668374,yes,1
microsoft,0001193125-10-239825,10-Q,2010-10-28,2010-09-30,https://www.sec.gov/Archives/edgar/data/789019/000119312510239825/d10q.htm,46f4edee312b60b17dfe46ef23078fbfcca48e13e54e7ab0b45e9390885d6959,936117,yes,2
microsoft,0001193125-11-015947,10-Q,2011-01-27,2010-12-31,https://www.sec.gov/Archives/edgar/data/789019/000119312511015947/d10q.htm,fca8b97578afdaff213057b976da89c25c49a303a105831a0fc7744ca0c89045,1173044,yes,2
microsoft,0001193125-11-115186,10-Q,2011-04-28,2011-03-31,https://www.sec.gov/Archives/edgar/data/789019/000119312511115186/d10q.htm,6c0df6dab7ad5ea2df776af6edff10ce1fa700ea52d2f04ff6559494efa00549,1281112,yes,2
microsoft,0001193125-11-200680,10-K,2011-07-28,2011-06-30,https://www.sec.gov/Archives/edgar/data/789019/000119312511200680/d10k.htm,72b85a96b779e0eaf9bc603768cbbc9aa12537c65f971cbcb556265972250740,1850003,yes,1
microsoft,0001193125-11-276022,10-Q,2011-10-20,2011-09-30,https://www.sec.gov/Archives/edgar/data/789019/000119312511276022/d230161d10q.htm,2f839be4e32815e7b5bbb2dc713bd67f46a325856080f417d46209c48a0fd9fc,1092923,yes,2
microsoft,0001193125-12-017029,10-Q,2012-01-19,2011-12-31,https://www.sec.gov/Archives/edgar/data/789019/000119312512017029/d266753d10q.htm,d6acb937eba9379d683e223462b7f2d7a2b7185427a15e4a7862a52e2001d7f1,1334443,yes,2
microsoft,0001193125-12-026864,10-Q/A,2012-01-27,2011-12-31,https://www.sec.gov/Archives/edgar/data/789019/000119312512026864/d266753d10qa.htm,d45f6ef33d23c3b775de865c31e7ebcee7f2104b7c2565bace1edc8edc5d79d2,20702,no,0
microsoft,0001193125-12-170665,10-Q,2012-04-19,2012-03-31,https://www.sec.gov/Archives/edgar/data/789019/000119312512170665/d313493d10q.htm,607b1edd1936f65543c0dda94efded30cc6c241db268f30f7371ba95748d2387,1364891,yes,2
microsoft,0001193125-12-316848,10-K,2012-07-26,2012-06-30,https://www.sec.gov/Archives/edgar/data/789019/000119312512316848/d347676d10k.htm,fd09f8ece4dd5df767e2bc9e4da174bd148dec8369becf506640f45d6abd6e7c,1799617,yes,1
microsoft,0001193125-12-427209,10-Q,2012-10-18,2012-09-30,https://www.sec.gov/Archives/edgar/data/789019/000119312512427209/d406056d10q.htm,624fe526ad8dc89fb3f12b53645cc772fc5b6a5533d27663d79526a2d825f590,1037430,yes,2
microsoft,0001193125-13-022207,10-Q,2013-01-24,2012-12-31,https://www.sec.gov/Archives/edgar/data/789019/000119312513022207/d453668d10q.htm,d163931db2472a38e35402387fd909c229522ac5bdbfd772cff2272e7bc53c93,1289404,yes,2
microsoft,0001193125-13-160748,10-Q,2013-04-18,2013-03-31,https://www.sec.gov/Archives/edgar/data/789019/000119312513160748/d497226d10q.htm,835e8a1ee0c11d474d96f4548392e3abbe9cdcf8b33896e8853ed03f0faff909,1303823,yes,2
microsoft,0001193125-13-310206,10-K,2013-07-30,2013-06-30,https://www.sec.gov/Archives/edgar/data/789019/000119312513310206/d527745d10k.htm,edeaa3ba3d01f0687b113625327189ad9757d01f15479cba50bdb0a31965892f,1777065,yes,1
microsoft,0001193125-13-409855,10-Q,2013-10-24,2013-09-30,https://www.sec.gov/Archives/edgar/data/789019/000119312513409855/d594455d10q.htm,3684d64f2a3cfe1bba58ac9b9275e4fe6fef32ec4f8e55c88ba1f302ad7a84a5,1088559,yes,2
microsoft,0001193125-14-018634,10-Q,2014-01-23,2013-12-31,https://www.sec.gov/Archives/edgar/data/789019/000119312514018634/d635047d10q.htm,466c1305d83fb3f6b093b5038927778613682fd82f3be6b3e41e7acfeb5ec24b,1417797,yes,2
microsoft,0001193125-14-157088,10-Q,2014-04-24,2014-03-31,https://www.sec.gov/Archives/edgar/data/789019/000119312514157088/d695543d10q.htm,98af136948ea63854fe7ed495d9fa8dcd849168ac7fc382bd22b99b786c59d33,1398522,yes,2
microsoft,0001193125-14-289961,10-K,2014-07-31,2014-06-30,https://www.sec.gov/Archives/edgar/data/789019/000119312514289961/d722626d10k.htm,b611077a9536927f3b8800555b662994c995db25822add56542b6ca4d02d6336,1914688,yes,1
microsoft,0001193125-14-380252,10-Q,2014-10-23,2014-09-30,https://www.sec.gov/Archives/edgar/data/789019/000119312514380252/d770268d10q.htm,ab5d952d4a0979c050811ef75041b81ac85dc04334bba08a7a33d74bb1c82197,1160740,yes,2
microsoft,0001193125-15-020351,10-Q,2015-01-26,2014-12-31,https://www.sec.gov/Archives/edgar/data/789019/000119312515020351/d827041d10q.htm,39117518ae7052018f49eb2ea79e3095333ca13adb29b390e825ce977469e603,1443598,yes,2
microsoft,0001193125-15-144151,10-Q,2015-04-23,2015-03-31,https://www.sec.gov/Archives/edgar/data/789019/000119312515144151/d860721d10q.htm,f0a5fbff619b399ca50f6fac245bcdd99f0b61deb630d8a35679b94dfe515ea6,1424297,yes,2
microsoft,0001193125-15-272806,10-K,2015-07-31,2015-06-30,https://www.sec.gov/Archives/edgar/data/789019/000119312515272806/d918813d10k.htm,0f06e36e249875687adc03e5794092dbc7f9782788b774593ca91e3594bd5735,1919611,yes,1
microsoft,0001193125-15-350718,10-Q,2015-10-22,2015-09-30,https://www.sec.gov/Archives/edgar/data/789019/000119312515350718/d83804d10q.htm,f5479e79f10c0dc20bc1b1c53ca44cab7836a73cbd8bfceb69513538bce5834a,1054435,yes,2
microsoft,0001193125-16-441821,10-Q,2016-01-28,2015-12-31,https://www.sec.gov/Archives/edgar/data/789019/000119312516441821/d15167d10q.htm,50f0c8bbba80f76330f0dfd6a3c4ad7a583b03705ba03e917fd36ec9bbd257b3,1278313,yes,2
microsoft,0001193125-16-550254,10-Q,2016-04-21,2016-03-31,https://www.sec.gov/Archives/edgar/data/789019/000119312516550254/d256147d10q.htm,3b812e328e4d50788b6292dc3818eb5c25db17a1f6a833cea9c7effc35b8118d,1312945,yes,2
microsoft,0001193125-16-662209,10-K,2016-07-28,2016-06-30,https://www.sec.gov/Archives/edgar/data/789019/000119312516662209/d187868d10k.htm,a6718ae1666dae4df9d1c4230efde78701074b8bd7af391f8562b7703ec55c15,1854202,yes,1
microsoft,0001193125-16-742796,10-Q,2016-10-20,2016-09-30,https://www.sec.gov/Archives/edgar/data/789019/000119312516742796/d245252d10q.htm,7c16a5a694423dd0be9fe37a34faac5c9676129d46d3525cff40c7f2f80ce2e5,1065464,yes,2
microsoft,0001193125-25-256321,10-Q,2025-10-29,2025-09-30,https://www.sec.gov/Archives/edgar/data/789019/000119312525256321/msft-20250930.htm,c698b4c7325df870f2c6be3960faea2d745f60f51955758ec897cc985fde859e,5597579,yes,2
microsoft,0001193125-26-027207,10-Q,2026-01-28,2025-12-31,https://www.sec.gov/Archives/edgar/data/789019/000119312526027207/msft-20251231.htm,c380db4704be87637453ca1c027b3a012bea569b19020e5adbeb18f10cc7b699,7483396,yes,2
microsoft,0001193125-26-191507,10-Q,2026-04-29,2026-03-31,https://www.sec.gov/Archives/edgar/data/789019/000119312526191507/msft-20260331.htm,69f2795f928bf937beb7cdf5b37c65c8ddc2d3ce6ce3382d3bd86539d5a7717e,7732066,yes,2
microsoft,0001193125-26-323660,10-K,2026-07-29,2026-06-30,https://www.sec.gov/Archives/edgar/data/789019/000119312526323660/msft-20260630.htm,0f8737c771e2d7b74a3c155b3f762dcf5437f27d7745f243c7c2517c5d7fc8e0,8585619,yes,1
microsoft,0001564590-17-000654,10-Q,2017-01-26,2016-12-31,https://www.sec.gov/Archives/edgar/data/789019/000156459017000654/msft-10q_20161231.htm,746c440a0065b7c9eb591b5feaa05742f7453bbd9b8bb8796159a6a20b12cc80,4284673,yes,2
microsoft,0001564590-17-007547,10-Q,2017-04-27,2017-03-31,https://www.sec.gov/Archives/edgar/data/789019/000156459017007547/msft-10q_20170331.htm,1d8f91c23a977e46ab2578dbb804b4a7166ac275d17ebe13bc8cb2c809b692c1,4405578,yes,2
microsoft,0001564590-17-014900,10-K,2017-08-02,2017-06-30,https://www.sec.gov/Archives/edgar/data/789019/000156459017014900/msft-10k_20170630.htm,5844932ba14e595c97022dd612f39994b2a58389d5350898c64f9245443dc3b5,5670327,yes,1
microsoft,0001564590-17-020171,10-Q,2017-10-26,2017-09-30,https://www.sec.gov/Archives/edgar/data/789019/000156459017020171/msft-10q_20170930.htm,96354c94f0cf1e7ff3963f06064b7637ef9ef1a1fc1023c5355cd8aaa32692c1,3800178,yes,2
microsoft,0001564590-18-001129,10-Q,2018-01-31,2017-12-31,https://www.sec.gov/Archives/edgar/data/789019/000156459018001129/msft-10q_20171231.htm,b5a6a6b0820d969c5a7e7fc155758f64934f9e99c6c63a949b757a7fddb3e08d,4945997,yes,2
microsoft,0001564590-18-009307,10-Q,2018-04-26,2018-03-31,https://www.sec.gov/Archives/edgar/data/789019/000156459018009307/msft-10q_20180331.htm,50498ee1b9cf03e5987dd69b2a4a447fdf7e32c4a05a30010183d0d56de612b4,5063287,yes,2
microsoft,0001564590-18-019062,10-K,2018-08-03,2018-06-30,https://www.sec.gov/Archives/edgar/data/789019/000156459018019062/msft-10k_20180630.htm,c665b27dc1a8af08c788b3882b55b25df0a981c1646a506b889a3deb37098c01,6343686,yes,1
microsoft,0001564590-18-024893,10-Q,2018-10-24,2018-09-30,https://www.sec.gov/Archives/edgar/data/789019/000156459018024893/msft-10q_20180930.htm,f6fd3f01270e0bf1d40a029d881d03697f8a7f32a5583311941003f842e5d258,3275953,yes,2
microsoft,0001564590-19-001392,10-Q,2019-01-30,2018-12-31,https://www.sec.gov/Archives/edgar/data/789019/000156459019001392/msft-10q_20181231.htm,f377b8e35870567ee7f8ec3872cf5ef3bbd4f7899b39c95f82f0f13b7baaa916,4373181,yes,2
microsoft,0001564590-19-012709,10-Q,2019-04-24,2019-03-31,https://www.sec.gov/Archives/edgar/data/789019/000156459019012709/msft-10q_20190331.htm,0c664568d841fe5593df12d975d3333c49bb772f53bdc0ee694a0760c495a2c8,4365219,yes,2
microsoft,0001564590-19-027952,10-K,2019-08-01,2019-06-30,https://www.sec.gov/Archives/edgar/data/789019/000156459019027952/msft-10k_20190630.htm,fc3347cd0c62a30ee6884f47e2b8d7b39c8bfaf53ca672d972070489e3d2568c,5960568,yes,1
microsoft,0001564590-19-037549,10-Q,2019-10-23,2019-09-30,https://www.sec.gov/Archives/edgar/data/789019/000156459019037549/msft-10q_20190930.htm,0ee6c609e3e6d561254eb0f7dda703a8a15af34f0f4b3e5b4295a749c2ceb51b,3875767,yes,2
microsoft,0001564590-20-002450,10-Q,2020-01-29,2019-12-31,https://www.sec.gov/Archives/edgar/data/789019/000156459020002450/msft-10q_20191231.htm,61f7b47223bbeed97d39880fd177964b7d35dc9ac616a1e83aac70ae5de63401,5159030,yes,2
microsoft,0001564590-20-019706,10-Q,2020-04-29,2020-03-31,https://www.sec.gov/Archives/edgar/data/789019/000156459020019706/msft-10q_20200331.htm,bf0ff3e325906a1848c07e571f8feaa36937dcf9b5aab776bde874d3b4f68598,5232652,yes,2
microsoft,0001564590-20-034944,10-K,2020-07-30,2020-06-30,https://www.sec.gov/Archives/edgar/data/789019/000156459020034944/msft-10k_20200630.htm,b2b9050b7c4b376d3d28026ea667ff1af5ace82274a17424a15ae84f47d94753,6623163,yes,1
microsoft,0001564590-20-047996,10-Q,2020-10-27,2020-09-30,https://www.sec.gov/Archives/edgar/data/789019/000156459020047996/msft-10q_20200930.htm,e7cc72eb5e949b279ac24728cd7853e891fbfdbb41bd5e3d131aa00971bf83d3,3982632,yes,2
microsoft,0001564590-21-002316,10-Q,2021-01-26,2020-12-31,https://www.sec.gov/Archives/edgar/data/789019/000156459021002316/msft-10q_20201231.htm,e618f81e16b4245a786e573741f1135d42bd0701046174f2bd8d05b417c710b7,5167564,yes,2
microsoft,0001564590-21-020891,10-Q,2021-04-27,2021-03-31,https://www.sec.gov/Archives/edgar/data/789019/000156459021020891/msft-10q_20210331.htm,5c63b2f73a2d8234ff75fe5cb3b76aa4c06bc3bf540c001b5a5f6365d2cbfdcd,5383052,yes,2
microsoft,0001564590-21-039151,10-K,2021-07-29,2021-06-30,https://www.sec.gov/Archives/edgar/data/789019/000156459021039151/msft-10k_20210630.htm,1cc87baf780c2ec1d50da73f4d390bac4f5fc40cf436837f49a82af1e3301e1e,6332681,yes,1
microsoft,0001564590-21-051992,10-Q,2021-10-26,2021-09-30,https://www.sec.gov/Archives/edgar/data/789019/000156459021051992/msft-10q_20210930.htm,3fee8605939950289876096ebf7820f55aba37afebbedc048ff116020161ae55,4047146,yes,2
microsoft,0001564590-22-002324,10-Q,2022-01-25,2021-12-31,https://www.sec.gov/Archives/edgar/data/789019/000156459022002324/msft-10q_20211231.htm,9ad91299c26e4f3b6ffb660708b94a650c54fd53349b33c457549dd719ce31e9,5237169,yes,2
microsoft,0001564590-22-015675,10-Q,2022-04-26,2022-03-31,https://www.sec.gov/Archives/edgar/data/789019/000156459022015675/msft-10q_20220331.htm,cde1df9ace259956ffa1cfdd05674b333694f4955a7f3e55617f4ecd53e13b4e,5318355,yes,2
microsoft,0001564590-22-026876,10-K,2022-07-28,2022-06-30,https://www.sec.gov/Archives/edgar/data/789019/000156459022026876/msft-10k_20220630.htm,a0962bb3f4d207eb006ee5e391fc9b13e99e1ac37b8f73f86fde8095a390be7b,6215973,yes,1
microsoft,0001564590-22-035087,10-Q,2022-10-25,2022-09-30,https://www.sec.gov/Archives/edgar/data/789019/000156459022035087/msft-10q_20220930.htm,1c88e8b7dc85ba4d53c2d3ef95a6b3531dd7a859140765a56eb2b24f5af40972,4048811,yes,2
microsoft,0001564590-23-000733,10-Q,2023-01-24,2022-12-31,https://www.sec.gov/Archives/edgar/data/789019/000156459023000733/msft-10q_20221231.htm,39b80c8ba935539084d8062e3c12c735f25643863fb2bb85bab4b188c929c966,5328711,yes,2
oracle,0000950123-09-018689,10-K,2009-06-29,2009-05-31,https://www.sec.gov/Archives/edgar/data/1341439/000095012309018689/f52658e10vk.htm,674b7410c7059f8afd261d60b406f6e1b4fa3e1f567b0ecd72389dad3e723af7,2021247,yes,2
oracle,0000950170-23-028914,10-K,2023-06-20,2023-05-31,https://www.sec.gov/Archives/edgar/data/1341439/000095017023028914/orcl-20230531.htm,6bc2a092cde596227c64ae1fb58cc6d0f597a2ef3f5e8a4534c4f8d4fc54f873,7325101,yes,2
oracle,0000950170-23-047713,10-Q,2023-09-12,2023-08-31,https://www.sec.gov/Archives/edgar/data/1341439/000095017023047713/orcl-20230831.htm,b0cb3286b3009b0ed60360542f15ad2bbe686834ecee124c28309c0926c9cad2,2573157,yes,2
oracle,0000950170-23-069682,10-Q,2023-12-12,2023-11-30,https://www.sec.gov/Archives/edgar/data/1341439/000095017023069682/orcl-20231130.htm,62237290e0f0fdfebfa84ac1669645511c4cc55cc1b7225ccc6c7a8715246ffb,2973842,yes,2
oracle,0000950170-24-029904,10-Q,2024-03-12,2024-02-29,https://www.sec.gov/Archives/edgar/data/1341439/000095017024029904/orcl-20240229.htm,504bf6cd3cdd378cb12b244beadab71b540686c3d0e2e048d38f4e814426af03,2985363,yes,2
oracle,0000950170-24-075605,10-K,2024-06-20,2024-05-31,https://www.sec.gov/Archives/edgar/data/1341439/000095017024075605/orcl-20240531.htm,e4fac1dc9659fe20c747a415387000f3740822385aae42c15e901e54c63cfcb0,5321458,yes,2
oracle,0000950170-24-104905,10-Q,2024-09-10,2024-08-31,https://www.sec.gov/Archives/edgar/data/1341439/000095017024104905/orcl-20240831.htm,00711cef986c2f9ad5688eaaf369572b7369040cf92fb644126fedcdf44c30bb,2038607,yes,2
oracle,0000950170-24-134973,10-Q,2024-12-10,2024-11-30,https://www.sec.gov/Archives/edgar/data/1341439/000095017024134973/orcl-20241130.htm,492406a3e18c5633cb8fd20b6583db99d55863d0000abf8e1d9ddcd0abc07895,3224442,yes,2
oracle,0000950170-25-037143,10-Q,2025-03-11,2025-02-28,https://www.sec.gov/Archives/edgar/data/1341439/000095017025037143/orcl-20250228.htm,5a34a2b0c28a8fcd09ffd556e175cfee1dcbd7bdc4ace1926145965b3d312948,3474856,yes,2
oracle,0000950170-25-087926,10-K,2025-06-18,2025-05-31,https://www.sec.gov/Archives/edgar/data/1341439/000095017025087926/orcl-20250531.htm,e870d5ac7010fcf01a7fd27c4ba40462f7a927ac13783c6f1d5b477e2a2cb5bb,6549805,yes,2
oracle,0001193125-09-195193,10-Q,2009-09-21,2009-08-31,https://www.sec.gov/Archives/edgar/data/1341439/000119312509195193/d10q.htm,55d25a5a2778b44c28168b754030a243d7f529f532b1931cc1348ac6480b833d,801013,yes,2
oracle,0001193125-09-257212,10-Q,2009-12-22,2009-11-30,https://www.sec.gov/Archives/edgar/data/1341439/000119312509257212/d10q.htm,2c7d683f4c66643d3f0991e82c27d6ace37a9373f1f06e5b3025ed1df2d0a843,1117861,yes,2
oracle,0001193125-10-070192,10-Q,2010-03-29,2010-02-28,https://www.sec.gov/Archives/edgar/data/1341439/000119312510070192/d10q.htm,c3e919788f7e6ce9d5c85d71c32dcf50ec0024281e720fa0de7356b2bf78a47f,1376206,yes,2
oracle,0001193125-10-151896,10-K,2010-07-01,2010-05-31,https://www.sec.gov/Archives/edgar/data/1341439/000119312510151896/d10k.htm,3702463fba2143c978636df9d7e322e45e36a9fafe8fa34544a065c67737e9bd,2278315,yes,2
oracle,0001193125-10-213084,10-Q,2010-09-20,2010-08-31,https://www.sec.gov/Archives/edgar/data/1341439/000119312510213084/d10q.htm,a0a8a54e7087aa0e8958e9dd97f29237c672757daa6c220bccaffbe6206937d5,943912,yes,2
oracle,0001193125-10-219697,10-Q/A,2010-09-29,2010-08-31,https://www.sec.gov/Archives/edgar/data/1341439/000119312510219697/d10qa.htm,4b9b4980fb8196ad5a7a3688581d8094c9134b71823fcf163de51a4843fd8ac1,29132,no,0
oracle,0001193125-10-285703,10-Q,2010-12-21,2010-11-30,https://www.sec.gov/Archives/edgar/data/1341439/000119312510285703/d10q.htm,8cbf3880f54a5c5dc648ca6e3a1e88929e7a07794d644d52486aecda0c24c8a0,1509099,yes,2
oracle,0001193125-11-081178,10-Q,2011-03-29,2011-02-28,https://www.sec.gov/Archives/edgar/data/1341439/000119312511081178/d10q.htm,e1ccc4c5c04eaafbc5b155e873ece39f74c48120c4f50ff50c358ebaa787e36f,1529794,yes,2
oracle,0001193125-11-174819,10-K,2011-06-28,2011-05-31,https://www.sec.gov/Archives/edgar/data/1341439/000119312511174819/d10k.htm,171d098feb0ba77647b9886e63279e5f682d0ebd245dac2dbbb82a576d650e14,2425776,yes,2
oracle,0001193125-11-255436,10-Q,2011-09-23,2011-08-31,https://www.sec.gov/Archives/edgar/data/1341439/000119312511255436/d234670d10q.htm,1c987e24725e979b55561ad530f5b534a690f62e48f9316cd0a44aeda741a085,1004927,yes,2
oracle,0001193125-11-351954,10-Q,2011-12-23,2011-11-30,https://www.sec.gov/Archives/edgar/data/1341439/000119312511351954/d263957d10q.htm,ef689f0e97f1b0235d0af8b5bc521cb1919e980654bfd5b0fe37591b8dfee04c,1313828,yes,2
oracle,0001193125-12-129918,10-Q,2012-03-23,2012-02-29,https://www.sec.gov/Archives/edgar/data/1341439/000119312512129918/d289615d10q.htm,824a7d2943dfad3ddb7e37ff1c27e8798f99c5caa622581c8eb95b1ffd7ec9a4,1315601,yes,2
oracle,0001193125-12-284007,10-K,2012-06-26,2012-05-31,https://www.sec.gov/Archives/edgar/data/1341439/000119312512284007/d369484d10k.htm,504d1d3defa838944a436ff4a3486b7af12e62b71b450bb2290f544653a40336,2314737,yes,2
oracle,0001193125-12-401697,10-Q,2012-09-24,2012-08-31,https://www.sec.gov/Archives/edgar/data/1341439/000119312512401697/d397317d10q.htm,1d886f5422cc67590a70326c2bc3d52a1f41175a5a8db4d7e54704b78ab185d6,968896,yes,2
oracle,0001193125-12-513009,10-Q,2012-12-21,2012-11-30,https://www.sec.gov/Archives/edgar/data/1341439/000119312512513009/d454343d10q.htm,3c9c5946c69c7d61dec7d76de2200993c6c19226da2ef9793eafe2bf666ef3f8,1343086,yes,2
oracle,0001193125-13-122271,10-Q,2013-03-22,2013-02-28,https://www.sec.gov/Archives/edgar/data/1341439/000119312513122271/d474064d10q.htm,a9e76d609e18dc9995f33421c1b670c361b5b46656530d3e6cba8426215f236d,1349167,yes,2
oracle,0001193125-13-272832,10-K,2013-06-26,2013-05-31,https://www.sec.gov/Archives/edgar/data/1341439/000119312513272832/d531515d10k.htm,778e07c9955ddedb8b4337e158d15675ddc60cbab181ae56b4afa424d53ba704,2256387,yes,3
oracle,0001193125-13-373455,10-Q,2013-09-20,2013-08-31,https://www.sec.gov/Archives/edgar/data/1341439/000119312513373455/d587382d10q.htm,bb6f75b2479da7aa8aef206ce1ad76b7c4950f2307df95448c22b6feb15f5a75,1006053,yes,2
oracle,0001193125-13-481081,10-Q,2013-12-20,2013-11-30,https://www.sec.gov/Archives/edgar/data/1341439/000119312513481081/d626279d10q.htm,3431c910c84cbc85e20b81cd25be58c9afc99513317f63ef4283bf537127d5cd,1369562,yes,2
oracle,0001193125-14-108126,10-Q,2014-03-20,2014-01-31,https://www.sec.gov/Archives/edgar/data/1341439/000119312514108126/d669179d10q.htm,76565bf8a8a302dad7d987d22a4233f2ee0cd3693f97a42295bfe6a8b32ca6c6,1378689,yes,2
oracle,0001193125-14-251351,10-K,2014-06-26,2014-05-31,https://www.sec.gov/Archives/edgar/data/1341439/000119312514251351/d725622d10k.htm,2860d00d73254cf39cb86382cbbf2e151f43bdc8cdd563f1728dc92280adf40a,2418761,yes,3
oracle,0001193125-14-350291,10-Q,2014-09-23,2014-08-31,https://www.sec.gov/Archives/edgar/data/1341439/000119312514350291/d770194d10q.htm,22308e3c65bcbd670833c87ff47af32c2f64b9fc2e22d63f04590a8ba40fce82,1075831,yes,2
oracle,0001193125-14-448728,10-Q,2014-12-19,2014-11-30,https://www.sec.gov/Archives/edgar/data/1341439/000119312514448728/d819288d10q.htm,7b42f4bf1bfb4c7b4cff6c5d549c5f3bde84474f72fd76bfa66c866d4d63a2db,1477917,yes,2
oracle,0001193125-15-098586,10-Q,2015-03-19,2015-02-28,https://www.sec.gov/Archives/edgar/data/1341439/000119312515098586/d851089d10q.htm,d37f87012bb80b21c031c1f36a1fe2db8b23732ab0d414734679695da8a0a940,1482886,yes,2
oracle,0001193125-15-235239,10-K,2015-06-25,2015-05-31,https://www.sec.gov/Archives/edgar/data/1341439/000119312515235239/d920711d10k.htm,6bed450d20a3bf317d195678160d70c0e435f4ca54a934b9e9c2c33e09e8b34d,2474011,yes,3
oracle,0001193125-15-323532,10-Q,2015-09-18,2015-08-31,https://www.sec.gov/Archives/edgar/data/1341439/000119312515323532/d64286d10q.htm,f5226260a807235434ba597c9c88b36428490a0537ac57d815b642df5f4a74a8,1027351,yes,2
oracle,0001193125-15-407703,10-Q,2015-12-18,2015-11-30,https://www.sec.gov/Archives/edgar/data/1341439/000119312515407703/d134252d10q.htm,56764a562ec75fdb4534ff198bdedb104bd6732414d48332a2a0e16aab4d7220,1449319,yes,2
oracle,0001193125-16-510333,10-Q,2016-03-18,2016-02-29,https://www.sec.gov/Archives/edgar/data/1341439/000119312516510333/d48108d10q.htm,a66a5ae3fdb4491aa9e3b28bd7b59c2152baad19ed89808f67ae4e326097442b,1438651,yes,2
oracle,0001193125-16-628942,10-K,2016-06-22,2016-05-31,https://www.sec.gov/Archives/edgar/data/1341439/000119312516628942/d203801d10k.htm,0750fd1c5e9a85f0e5748345ce0f50ef2d11fa1f54294e5db8304ecfae90f5e4,2503884,yes,2
oracle,0001193125-16-713596,10-Q,2016-09-19,2016-08-31,https://www.sec.gov/Archives/edgar/data/1341439/000119312516713596/d252702d10q.htm,7a5549528902e9a312a9b53911372be084c03e86292b89f5dfc7646983801adf,1061965,yes,2
oracle,0001193125-16-797253,10-Q,2016-12-19,2016-11-30,https://www.sec.gov/Archives/edgar/data/1341439/000119312516797253/d289857d10q.htm,89c41b6082d7dc0cd274bfdf43820683ee43c77d6400f06ce2c94847ad868b58,1459730,yes,2
oracle,0001193125-17-087309,10-Q,2017-03-17,2017-02-28,https://www.sec.gov/Archives/edgar/data/1341439/000119312517087309/d353998d10q.htm,97fb534e401e68a29b007705af5451c0053ccce20ae1b3689c63e8b6ee8337c5,1465952,yes,2
oracle,0001193125-17-214833,10-K,2017-06-27,2017-05-31,https://www.sec.gov/Archives/edgar/data/1341439/000119312517214833/d385998d10k.htm,5c15acaff273ba4b5551b54dec002b04c6380762b30624d93c39f8cb34134684,2313368,yes,2
oracle,0001193125-17-287455,10-Q,2017-09-18,2017-08-31,https://www.sec.gov/Archives/edgar/data/1341439/000119312517287455/d407367d10q.htm,161635b1ab55661552df10ddc146a1b8a3c53d57a7aaf5ac4afc3f88da5d098e,893129,yes,2
oracle,0001193125-17-372232,10-Q,2017-12-18,2017-11-30,https://www.sec.gov/Archives/edgar/data/1341439/000119312517372232/d510241d10q.htm,835b37b601acb6288189b1465555b16293a408292b7dc3591d1162be8dde40dc,1212901,yes,2
oracle,0001193125-18-090646,10-Q,2018-03-21,2018-02-28,https://www.sec.gov/Archives/edgar/data/1341439/000119312518090646/d548579d10q.htm,cbc0307f7c1a731b112d458a8d2bf2f78eac2630d6ebee4cf45098639055aae2,1247868,yes,2
oracle,0001193125-18-201034,10-K,2018-06-22,2018-05-31,https://www.sec.gov/Archives/edgar/data/1341439/000119312518201034/d568983d10k.htm,2d28136184fb5830dcc148a393321f06df9e417b9d454a78bd70bd9e93e3ee96,2111223,yes,2
oracle,0001193125-25-200095,10-Q,2025-09-10,2025-08-31,https://www.sec.gov/Archives/edgar/data/1341439/000119312525200095/orcl-20250831.htm,f1befa51b96cad6c49e650bd4e7d99664339aeb8ff888872adba7583c6d8ff6a,2625939,yes,2
oracle,0001193125-25-315925,10-Q,2025-12-11,2025-11-30,https://www.sec.gov/Archives/edgar/data/1341439/000119312525315925/orcl-20251130.htm,4e144f7ac024fa41cb983e4cef78f0a8f279a1f5a00376b86712190bc1d0eac3,3771716,yes,2
oracle,0001193125-26-101045,10-Q,2026-03-11,2026-02-28,https://www.sec.gov/Archives/edgar/data/1341439/000119312526101045/orcl-20260228.htm,37fc27526a587d0553e9d860060115c95adf156f9f6a3ed0d121f0d1f3f70762,4172950,yes,2
oracle,0001193125-26-277521,10-K,2026-06-22,2026-05-31,https://www.sec.gov/Archives/edgar/data/1341439/000119312526277521/orcl-20260531.htm,40f12ecf85bad2d583d160a0e3df87ece64e8f05bcc6ac38cbeab2ef11b6fd23,6874055,yes,2
oracle,0001193125-26-389274,10-Q,2026-09-11,2026-08-31,https://www.sec.gov/Archives/edgar/data/1341439/000119312526389274/orcl-20260831.htm,e3a1f8646eff086d90e614185d517024b3e70ed8757cd003771f3bd9833012c5,2709071,yes,2
oracle,0001564590-18-023315,10-Q,2018-09-19,2018-08-31,https://www.sec.gov/Archives/edgar/data/1341439/000156459018023315/orcl-10q_20180831.htm,670d82be5a7c7d69f3f3df1d260eb6213515cf5ac64720e45c2a0849a7ca0b64,2599274,yes,2
oracle,0001564590-18-031113,10-Q,2018-12-19,2018-11-30,https://www.sec.gov/Archives/edgar/data/1341439/000156459018031113/orcl-10q_20181130.htm,26325c61ccea2cb1bddfdfc69185458a68215ef20870747b631fd636f1e7b38e,3757195,yes,2
oracle,0001564590-19-008273,10-Q,2019-03-18,2019-02-28,https://www.sec.gov/Archives/edgar/data/1341439/000156459019008273/orcl-10q_20190228.htm,79b951000a3a58e9e7eaf663e102d048afbb545788b62695566d8b9ac3c648d5,3938594,yes,2
oracle,0001564590-19-023119,10-K,2019-06-21,2019-05-31,https://www.sec.gov/Archives/edgar/data/1341439/000156459019023119/orcl-10k_20190531.htm,a23a08fd522fd46b6bb312d3ebf9bc9f8551e1419b63a89c3462da247f9db7a8,5977238,yes,2
oracle,0001564590-19-034717,10-Q,2019-09-13,2019-08-31,https://www.sec.gov/Archives/edgar/data/1341439/000156459019034717/orcl-10q_20190831.htm,8956f9b604248a1d42c4f1f1fc131a3bde7645962fa20729703886ee393d9328,2836601,yes,2
oracle,0001564590-19-045966,10-Q,2019-12-13,2019-11-30,https://www.sec.gov/Archives/edgar/data/1341439/000156459019045966/orcl-10q_20191130.htm,96040b04450fdc9d29abcef334f8fed6a41c94d8efe25e93bf0f5d0058918bf1,4119042,yes,2
oracle,0001564590-20-010833,10-Q,2020-03-13,2020-02-29,https://www.sec.gov/Archives/edgar/data/1341439/000156459020010833/orcl-10q_20200229.htm,f6436bcea76643580d0421f7a12834f987d8aeb6a27ff437b4e6ac5363a0d0d8,4111434,yes,2
oracle,0001564590-20-030125,10-K,2020-06-22,2020-05-31,https://www.sec.gov/Archives/edgar/data/1341439/000156459020030125/orcl-10k_20200531.htm,291cd6dbae1dd3bf296b6e1964419ddbc4dd191d5c8b0a809b98bac81c2137d0,6644012,yes,2
oracle,0001564590-20-043448,10-Q,2020-09-15,2020-08-31,https://www.sec.gov/Archives/edgar/data/1341439/000156459020043448/orcl-10q_20200831.htm,562f4583cf432699dfa2af6dc87129d987d137428a853ab230ea9d084decb63f,2809753,yes,2
oracle,0001564590-20-056896,10-Q,2020-12-11,2020-11-30,https://www.sec.gov/Archives/edgar/data/1341439/000156459020056896/orcl-10q_20201130.htm,a2deeaf6a8b5f8d7738f7692c03541b3231c57eb76de9537d9da5c0273d4b41a,4072211,yes,2
oracle,0001564590-21-012539,10-Q,2021-03-11,2021-02-28,https://www.sec.gov/Archives/edgar/data/1341439/000156459021012539/orcl-10q_20210228.htm,b57b3c8359977901e4802a5d68071049db6341916a016e789fa3c5975ec0d02b,4072034,yes,2
oracle,0001564590-21-033616,10-K,2021-06-21,2021-05-31,https://www.sec.gov/Archives/edgar/data/1341439/000156459021033616/orcl-10k_20210531.htm,196dc6330f97d66ca626d56ab9f60e9e29223216399b256497f7878840c6fe57,6405159,yes,2
oracle,0001564590-21-047772,10-Q,2021-09-13,2021-08-31,https://www.sec.gov/Archives/edgar/data/1341439/000156459021047772/orcl-10q_20210831.htm,3b1153c8a4a027560a50bbed035ce89ed230b0a215bd849b90acd66409824af6,2589004,yes,2
oracle,0001564590-21-060022,10-Q,2021-12-10,2021-11-30,https://www.sec.gov/Archives/edgar/data/1341439/000156459021060022/orcl-10q_20211130.htm,5350b9dea43adb691790ff120c09d3258877fe061dfd82625d2e0fa99853e1e7,3738484,yes,2
oracle,0001564590-22-009859,10-Q,2022-03-11,2022-02-28,https://www.sec.gov/Archives/edgar/data/1341439/000156459022009859/orcl-10q_20220228.htm,f3f44f826fa7c4ca99ad98d08a328db32ed334a73d9add031f892fb7511adbae,3795258,yes,2
oracle,0001564590-22-023675,10-K,2022-06-21,2022-05-31,https://www.sec.gov/Archives/edgar/data/1341439/000156459022023675/orcl-10k_20220531.htm,4ac4552b72966810e8392375db883753c4e49a8815012f6201a314857909b64c,6077573,yes,2
oracle,0001564590-22-031545,10-Q,2022-09-13,2022-08-31,https://www.sec.gov/Archives/edgar/data/1341439/000156459022031545/orcl-10q_20220831.htm,4b0741a9d8ab6104bb3c8b61467ac44c2e1173ef1c9e820bdbd7cf587a139b28,2768829,yes,2
oracle,0001564590-22-039278,10-Q,2022-12-13,2022-11-30,https://www.sec.gov/Archives/edgar/data/1341439/000156459022039278/orcl-10q_20221130.htm,bb76522c7023056bdcbf9b893c7736347e0747b009919b760920d31b5fd39ec7,3989642,yes,2
oracle,0001564590-23-003413,10-Q,2023-03-10,2023-02-28,https://www.sec.gov/Archives/edgar/data/1341439/000156459023003413/orcl-10q_20230228.htm,fb19d245ac001773c34382edc872be07a2ae6a498c84a51017eb129af71f25c0,4006922,yes,2
