year,board,rank,iso3,country,value,value_1dp,latest_figure,carried_from_year
1997,top,1,SWE,Sweden,40.4011461318052,40.4,no,
1997,top,2,NOR,Norway,36.3636363636364,36.4,no,
1997,top,3,FIN,Finland,33.5,33.5,no,
1997,top,4,DNK,Denmark,32.9608938547486,33.0,no,
1997,top,5,NLD,Netherlands,31.3333333333333,31.3,no,
1997,top,6,NZL,New Zealand,29.1666666666667,29.2,no,
1997,top,7,ARG,Argentina,27.6264591439689,27.6,no,
1997,top,8,AUT,Austria,26.2295081967213,26.2,no,
1997,top,9,VNM,Vietnam,26.2222222222222,26.2,no,
1997,top,10,DEU,Germany,26.1904761904762,26.2,no,
1997,bottom,1,MAR,Morocco,0.615384615384615,0.6,no,
1997,bottom,2,NER,Niger,1.20481927710843,1.2,no,
1997,bottom,3,TGO,Togo,1.23456790123457,1.2,no,
1997,bottom,4,MRT,Mauritania,1.26582278481013,1.3,no,
1997,bottom,5,KGZ,Kyrgyzstan,1.42857142857143,1.4,no,
1997,bottom,6,PNG,Papua New Guinea,1.8348623853211,1.8,no,
1997,bottom,7,EGY,Egypt,1.98237885462555,2.0,no,
1997,bottom,8,GMB,Gambia,2.04081632653061,2.0,no,
1997,bottom,9,ETH,Ethiopia,2.04841713221601,2.0,no,
1997,bottom,10,PAK,Pakistan,2.30414746543779,2.3,no,
1998,top,1,SWE,Sweden,40.4011461318052,40.4,no,
1998,top,2,DNK,Denmark,37.4301675977654,37.4,no,
1998,top,3,NOR,Norway,36.3636363636364,36.4,no,
1998,top,4,NLD,Netherlands,36,36.0,no,
1998,top,5,FIN,Finland,33.5,33.5,no,
1998,top,6,NZL,New Zealand,29.1666666666667,29.2,no,
1998,top,7,ZAF,South Africa,28.75,28.8,no,
1998,top,8,ARG,Argentina,27.6264591439689,27.6,no,
1998,top,9,CUB,Cuba,27.6206322795341,27.6,no,
1998,top,10,AUT,Austria,26.2295081967213,26.2,no,
1998,bottom,1,MAR,Morocco,0.615384615384615,0.6,no,
1998,bottom,2,YEM,Yemen,0.664451827242525,0.7,no,
1998,bottom,3,NER,Niger,1.20481927710843,1.2,no,
1998,bottom,4,TGO,Togo,1.23456790123457,1.2,no,
1998,bottom,5,KGZ,Kyrgyzstan,1.42857142857143,1.4,no,
1998,bottom,6,PNG,Papua New Guinea,1.8348623853211,1.8,no,
1998,bottom,7,EGY,Egypt,1.98237885462555,2.0,no,
1998,bottom,8,GMB,Gambia,2.04081632653061,2.0,no,
1998,bottom,9,ETH,Ethiopia,2.04841713221601,2.0,no,
1998,bottom,10,PAK,Pakistan,2.30414746543779,2.3,no,
1999,top,1,SWE,Sweden,42.6934097421203,42.7,no,
1999,top,2,DNK,Denmark,37.4301675977654,37.4,no,
1999,top,3,FIN,Finland,37,37.0,no,
1999,top,4,NOR,Norway,36.3636363636364,36.4,no,
1999,top,5,NLD,Netherlands,36,36.0,no,
1999,top,6,DEU,Germany,30.9417040358744,30.9,no,
1999,top,7,ZAF,South Africa,30,30.0,no,
1999,top,8,NZL,New Zealand,29.1666666666667,29.2,no,
1999,top,9,ARG,Argentina,27.6264591439689,27.6,yes,1998
1999,top,10,CUB,Cuba,27.6206322795341,27.6,no,
1999,bottom,1,MAR,Morocco,0.615384615384615,0.6,no,
1999,bottom,2,YEM,Yemen,0.664451827242525,0.7,no,
1999,bottom,3,NER,Niger,1.20481927710843,1.2,yes,1998
1999,bottom,4,TGO,Togo,1.23456790123457,1.2,yes,1998
1999,bottom,5,KGZ,Kyrgyzstan,1.42857142857143,1.4,no,
1999,bottom,6,PNG,Papua New Guinea,1.8348623853211,1.8,no,
1999,bottom,7,EGY,Egypt,1.98237885462555,2.0,no,
1999,bottom,8,ETH,Ethiopia,2.02578268876611,2.0,no,
1999,bottom,9,GMB,Gambia,2.04081632653061,2.0,no,
1999,bottom,10,LBN,Lebanon,2.34375,2.3,no,
2000,top,1,SWE,Sweden,42.6934097421203,42.7,no,
2000,top,2,DNK,Denmark,37.4301675977654,37.4,no,
2000,top,3,FIN,Finland,36.5,36.5,no,
2000,top,4,NOR,Norway,36.3636363636364,36.4,no,
2000,top,5,NLD,Netherlands,36,36.0,no,
2000,top,6,DEU,Germany,30.9417040358744,30.9,no,
2000,top,7,NZL,New Zealand,30.8333333333333,30.8,no,
2000,top,8,MOZ,Mozambique,30,30.0,no,
2000,top,9,ZAF,South Africa,29.8245614035088,29.8,no,
2000,top,10,ESP,Spain,28.2857142857143,28.3,no,
2000,bottom,1,MAR,Morocco,0.615384615384615,0.6,no,
2000,bottom,2,YEM,Yemen,0.664451827242525,0.7,no,
2000,bottom,3,NER,Niger,1.20481927710843,1.2,no,
2000,bottom,4,PNG,Papua New Guinea,1.8348623853211,1.8,no,
2000,bottom,5,EGY,Egypt,1.98237885462555,2.0,no,
2000,bottom,6,GMB,Gambia,2.04081632653061,2.0,no,
2000,bottom,7,KGZ,Kyrgyzstan,2.32558139534884,2.3,no,
2000,bottom,8,LBN,Lebanon,2.34375,2.3,no,
2000,bottom,9,TCD,Chad,2.4,2.4,no,
2000,bottom,10,PRY,Paraguay,2.5,2.5,no,
2001,top,1,SWE,Sweden,42.6934097421203,42.7,no,
2001,top,2,DNK,Denmark,37.4301675977654,37.4,yes,2000
2001,top,3,FIN,Finland,36.5,36.5,no,
2001,top,4,NLD,Netherlands,36,36.0,no,
2001,top,5,NOR,Norway,35.7575757575758,35.8,no,
2001,top,6,DEU,Germany,31.0810810810811,31.1,no,
2001,top,7,NZL,New Zealand,30.8333333333333,30.8,no,
2001,top,8,MOZ,Mozambique,30,30.0,no,
2001,top,9,ZAF,South Africa,29.8245614035088,29.8,no,
2001,top,10,ESP,Spain,28.2857142857143,28.3,no,
2001,bottom,1,MAR,Morocco,0.615384615384615,0.6,no,
2001,bottom,2,YEM,Yemen,0.668896321070234,0.7,no,
2001,bottom,3,NER,Niger,1.20481927710843,1.2,no,
2001,bottom,4,JOR,Jordan,1.25,1.3,no,
2001,bottom,5,PNG,Papua New Guinea,1.8348623853211,1.8,no,
2001,bottom,6,GMB,Gambia,2.04081632653061,2.0,no,
2001,bottom,7,LBN,Lebanon,2.34375,2.3,no,
2001,bottom,8,TCD,Chad,2.4,2.4,no,
2001,bottom,9,EGY,Egypt,2.42290748898678,2.4,no,
2001,bottom,10,PRY,Paraguay,2.5,2.5,no,
2002,top,1,SWE,Sweden,44.9856733524355,45.0,no,
2002,top,2,DNK,Denmark,37.9888268156425,38.0,no,
2002,top,3,FIN,Finland,36.5,36.5,no,
2002,top,4,NOR,Norway,36.3636363636364,36.4,no,
2002,top,5,CRI,Costa Rica,35.0877192982456,35.1,no,
2002,top,6,NLD,Netherlands,34,34.0,no,
2002,top,7,DEU,Germany,32.1724709784411,32.2,no,
2002,top,8,ARG,Argentina,30.7392996108949,30.7,no,
2002,top,9,MOZ,Mozambique,30,30.0,no,
2002,top,10,ZAF,South Africa,29.8245614035088,29.8,no,
2002,bottom,1,YEM,Yemen,0.668896321070234,0.7,no,
2002,bottom,2,NER,Niger,1.20481927710843,1.2,no,
2002,bottom,3,JOR,Jordan,1.25,1.3,no,
2002,bottom,4,PNG,Papua New Guinea,1.8348623853211,1.8,yes,2001
2002,bottom,5,BGD,Bangladesh,2,2.0,no,
2002,bottom,6,LBN,Lebanon,2.34375,2.3,no,
2002,bottom,7,TCD,Chad,2.4,2.4,yes,2001
2002,bottom,8,EGY,Egypt,2.42290748898678,2.4,no,
2002,bottom,9,PRY,Paraguay,2.5,2.5,no,
2002,bottom,10,ARM,Armenia,3.05343511450382,3.1,no,
2003,top,1,RWA,Rwanda,48.75,48.8,no,
2003,top,2,SWE,Sweden,45.2722063037249,45.3,no,
2003,top,3,DNK,Denmark,37.9888268156425,38.0,no,
2003,top,4,FIN,Finland,37.5,37.5,no,
2003,top,5,NLD,Netherlands,36.6666666666667,36.7,no,
2003,top,6,NOR,Norway,36.3636363636364,36.4,no,
2003,top,7,CUB,Cuba,35.9605911330049,36.0,no,
2003,top,8,BEL,Belgium,35.3333333333333,35.3,no,
2003,top,9,CRI,Costa Rica,35.0877192982456,35.1,no,
2003,top,10,AUT,Austria,33.879781420765,33.9,no,
2003,bottom,1,YEM,Yemen,0.332225913621262,0.3,no,
2003,bottom,2,PNG,Papua New Guinea,0.917431192660551,0.9,no,
2003,bottom,3,NER,Niger,1.20481927710843,1.2,no,
2003,bottom,4,BGD,Bangladesh,2,2.0,no,
2003,bottom,5,LBN,Lebanon,2.34375,2.3,no,
2003,bottom,6,EGY,Egypt,2.42290748898678,2.4,no,
2003,bottom,7,HTI,Haiti,3.6144578313253,3.6,no,
2003,bottom,8,MRT,Mauritania,3.7037037037037,3.7,no,
2003,bottom,9,MDG,Madagascar,3.75,3.8,no,
2003,bottom,10,IRN,Iran,4.13793103448276,4.1,no,
2004,top,1,RWA,Rwanda,48.75,48.8,no,
2004,top,2,SWE,Sweden,45.2722063037249,45.3,no,
2004,top,3,NOR,Norway,38.1818181818182,38.2,no,
2004,top,4,DNK,Denmark,37.9888268156425,38.0,no,
2004,top,5,FIN,Finland,37.5,37.5,no,
2004,top,6,NLD,Netherlands,36.6666666666667,36.7,no,
2004,top,7,ESP,Spain,36,36.0,no,
2004,top,8,CUB,Cuba,35.9605911330049,36.0,no,
2004,top,9,CRI,Costa Rica,35.0877192982456,35.1,no,
2004,top,10,MOZ,Mozambique,34.8,34.8,no,
2004,bottom,1,YEM,Yemen,0.332225913621262,0.3,no,
2004,bottom,2,PNG,Papua New Guinea,0.917431192660551,0.9,no,
2004,bottom,3,BGD,Bangladesh,2,2.0,no,
2004,bottom,4,LBN,Lebanon,2.34375,2.3,no,
2004,bottom,5,OMN,Oman,2.40963855421687,2.4,no,
2004,bottom,6,EGY,Egypt,2.86343612334802,2.9,no,
2004,bottom,7,HTI,Haiti,3.6144578313253,3.6,no,
2004,bottom,8,MRT,Mauritania,3.7037037037037,3.7,no,
2004,bottom,9,IRN,Iran,4.13793103448276,4.1,no,
2004,bottom,10,TUR,Türkiye,4.36363636363636,4.4,no,
2005,top,1,RWA,Rwanda,48.75,48.8,no,
2005,top,2,SWE,Sweden,45.2722063037249,45.3,no,
2005,top,3,NOR,Norway,37.8698224852071,37.9,no,
2005,top,4,FIN,Finland,37.5,37.5,no,
2005,top,5,DNK,Denmark,36.8715083798883,36.9,no,
2005,top,6,NLD,Netherlands,36.6666666666667,36.7,no,
2005,top,7,ARG,Argentina,36.1867704280156,36.2,no,
2005,top,8,ESP,Spain,36,36.0,no,
2005,top,9,CUB,Cuba,35.9605911330049,36.0,no,
2005,top,10,CRI,Costa Rica,35.0877192982456,35.1,no,
2005,bottom,1,YEM,Yemen,0.332225913621262,0.3,no,
2005,bottom,2,PNG,Papua New Guinea,0.917431192660551,0.9,no,
2005,bottom,3,KWT,Kuwait,1.53846153846154,1.5,no,
2005,bottom,4,EGY,Egypt,1.98237885462555,2.0,no,
2005,bottom,5,OMN,Oman,2.40963855421687,2.4,no,
2005,bottom,6,HTI,Haiti,3.6144578313253,3.6,no,
2005,bottom,7,MRT,Mauritania,3.7037037037037,3.7,yes,2004
2005,bottom,8,IRN,Iran,4.13793103448276,4.1,no,
2005,bottom,9,TUR,Türkiye,4.36363636363636,4.4,no,
2005,bottom,10,LBN,Lebanon,4.6875,4.7,no,
2006,top,1,RWA,Rwanda,48.75,48.8,no,
2006,top,2,SWE,Sweden,47.2779369627507,47.3,no,
2006,top,3,CRI,Costa Rica,38.5964912280702,38.6,no,
2006,top,4,FIN,Finland,38,38.0,no,
2006,top,5,NOR,Norway,37.8698224852071,37.9,no,
2006,top,6,DNK,Denmark,36.8715083798883,36.9,no,
2006,top,7,NLD,Netherlands,36.6666666666667,36.7,no,
2006,top,8,ESP,Spain,36,36.0,no,
2006,top,9,CUB,Cuba,35.9605911330049,36.0,no,
2006,top,10,ARG,Argentina,35.0194552529183,35.0,no,
2006,bottom,1,YEM,Yemen,0.332225913621262,0.3,no,
2006,bottom,2,PNG,Papua New Guinea,0.917431192660551,0.9,no,
2006,bottom,3,KWT,Kuwait,1.53846153846154,1.5,no,
2006,bottom,4,EGY,Egypt,2.03619909502262,2.0,no,
2006,bottom,5,HTI,Haiti,2.04081632653061,2.0,no,
2006,bottom,6,OMN,Oman,2.40963855421687,2.4,no,
2006,bottom,7,IRN,Iran,4.13793103448276,4.1,no,
2006,bottom,8,TUR,Türkiye,4.36363636363636,4.4,no,
2006,bottom,9,LBN,Lebanon,4.6875,4.7,no,
2006,bottom,10,LKA,Sri Lanka,4.88888888888889,4.9,no,
2007,top,1,RWA,Rwanda,48.75,48.8,no,
2007,top,2,SWE,Sweden,46.9914040114613,47.0,no,
2007,top,3,FIN,Finland,41.5,41.5,no,
2007,top,4,ARG,Argentina,40,40.0,no,
2007,top,5,NLD,Netherlands,39.3333333333333,39.3,no,
2007,top,6,DNK,Denmark,37.9888268156425,38.0,no,
2007,top,7,CRI,Costa Rica,36.8421052631579,36.8,no,
2007,top,8,ESP,Spain,36.5714285714286,36.6,no,
2007,top,9,NOR,Norway,36.094674556213,36.1,no,
2007,top,10,CUB,Cuba,35.9605911330049,36.0,no,
2007,bottom,1,YEM,Yemen,0.332225913621262,0.3,no,
2007,bottom,2,PNG,Papua New Guinea,0.917431192660551,0.9,no,
2007,bottom,3,KWT,Kuwait,1.53846153846154,1.5,no,
2007,bottom,4,EGY,Egypt,1.80995475113122,1.8,no,
2007,bottom,5,HTI,Haiti,4.08163265306122,4.1,no,
2007,bottom,6,IRN,Iran,4.13793103448276,4.1,no,
2007,bottom,7,LBN,Lebanon,4.6875,4.7,no,
2007,bottom,8,TCD,Chad,5.16129032258065,5.2,no,
2007,bottom,9,LKA,Sri Lanka,5.77777777777778,5.8,no,
2007,bottom,10,JOR,Jordan,6.36363636363636,6.4,no,
2008,top,1,RWA,Rwanda,56.25,56.3,no,
2008,top,2,SWE,Sweden,46.9914040114613,47.0,no,
2008,top,3,CUB,Cuba,43.1596091205212,43.2,no,
2008,top,4,FIN,Finland,41.5,41.5,no,
2008,top,5,NLD,Netherlands,41.3333333333333,41.3,no,
2008,top,6,ARG,Argentina,40,40.0,no,
2008,top,7,DNK,Denmark,37.9888268156425,38.0,no,
2008,top,8,AGO,Angola,37.2727272727273,37.3,no,
2008,top,9,CRI,Costa Rica,36.8421052631579,36.8,no,
2008,top,10,ESP,Spain,36.2857142857143,36.3,no,
2008,bottom,1,YEM,Yemen,0.332225913621262,0.3,no,
2008,bottom,2,PNG,Papua New Guinea,0.917431192660551,0.9,no,
2008,bottom,3,EGY,Egypt,1.80995475113122,1.8,no,
2008,bottom,4,IRN,Iran,2.7972027972028,2.8,no,
2008,bottom,5,KWT,Kuwait,3.07692307692308,3.1,no,
2008,bottom,6,HTI,Haiti,4.08163265306122,4.1,no,
2008,bottom,7,MNG,Mongolia,4.16666666666667,4.2,no,
2008,bottom,8,LBN,Lebanon,4.6875,4.7,no,
2008,bottom,9,TCD,Chad,5.16129032258065,5.2,no,
2008,bottom,10,LKA,Sri Lanka,5.77777777777778,5.8,no,
2009,top,1,RWA,Rwanda,56.25,56.3,no,
2009,top,2,SWE,Sweden,46.4183381088825,46.4,no,
2009,top,3,ZAF,South Africa,44.5,44.5,no,
2009,top,4,CUB,Cuba,43.1596091205212,43.2,no,
2009,top,5,NLD,Netherlands,42,42.0,no,
2009,top,6,FIN,Finland,40,40.0,no,
2009,top,7,NOR,Norway,39.6449704142012,39.6,no,
2009,top,8,MOZ,Mozambique,39.2,39.2,no,
2009,top,9,AGO,Angola,38.6363636363636,38.6,no,
2009,top,10,ARG,Argentina,38.5214007782101,38.5,no,
2009,bottom,1,YEM,Yemen,0.332225913621262,0.3,no,
2009,bottom,2,PNG,Papua New Guinea,0.917431192660551,0.9,no,
2009,bottom,3,EGY,Egypt,1.76211453744493,1.8,no,
2009,bottom,4,IRN,Iran,2.75862068965517,2.8,no,
2009,bottom,5,LBN,Lebanon,3.125,3.1,no,
2009,bottom,6,MNG,Mongolia,3.94736842105263,3.9,no,
2009,bottom,7,HTI,Haiti,4.08163265306122,4.1,no,
2009,bottom,8,GEO,Georgia,5.10948905109489,5.1,no,
2009,bottom,9,TCD,Chad,5.16129032258065,5.2,no,
2009,bottom,10,LKA,Sri Lanka,5.77777777777778,5.8,no,
2010,top,1,RWA,Rwanda,56.25,56.3,no,
2010,top,2,SWE,Sweden,44.9856733524355,45.0,no,
2010,top,3,ZAF,South Africa,44.5,44.5,no,
2010,top,4,CUB,Cuba,43.1596091205212,43.2,no,
2010,top,5,NLD,Netherlands,40.6666666666667,40.7,no,
2010,top,6,FIN,Finland,40,40.0,no,
2010,top,7,NOR,Norway,39.6449704142012,39.6,no,
2010,top,8,BEL,Belgium,39.3333333333333,39.3,no,
2010,top,9,MOZ,Mozambique,39.2,39.2,no,
2010,top,10,AGO,Angola,38.6363636363636,38.6,no,
2010,bottom,1,YEM,Yemen,0.332225913621262,0.3,no,
2010,bottom,2,PNG,Papua New Guinea,0.917431192660551,0.9,no,
2010,bottom,3,IRN,Iran,2.75862068965517,2.8,no,
2010,bottom,4,LBN,Lebanon,3.125,3.1,no,
2010,bottom,5,MNG,Mongolia,3.94736842105263,3.9,no,
2010,bottom,6,MMR,Myanmar,4.29447852760736,4.3,no,
2010,bottom,7,TCD,Chad,5.16129032258065,5.2,no,
2010,bottom,8,LKA,Sri Lanka,5.33333333333333,5.3,no,
2010,bottom,9,GEO,Georgia,6.52173913043478,6.5,no,
2010,bottom,10,SOM,Somalia,6.77655677655678,6.8,no,
2011,top,1,RWA,Rwanda,56.25,56.3,no,
2011,top,2,CUB,Cuba,45.221843003413,45.2,no,
2011,top,3,SWE,Sweden,44.6991404011461,44.7,no,
2011,top,4,FIN,Finland,42.5,42.5,no,
2011,top,5,ZAF,South Africa,42.25,42.3,no,
2011,top,6,NLD,Netherlands,40.6666666666667,40.7,no,
2011,top,7,NIC,Nicaragua,40.2173913043478,40.2,no,
2011,top,8,NOR,Norway,39.6449704142012,39.6,no,
2011,top,9,MOZ,Mozambique,39.2,39.2,no,
2011,top,10,DNK,Denmark,39.1061452513966,39.1,no,
2011,bottom,1,YEM,Yemen,0.332225913621262,0.3,no,
2011,bottom,2,PNG,Papua New Guinea,0.917431192660551,0.9,no,
2011,bottom,3,OMN,Oman,1.19047619047619,1.2,no,
2011,bottom,4,EGY,Egypt,1.96850393700787,2.0,no,
2011,bottom,5,IRN,Iran,2.75862068965517,2.8,no,
2011,bottom,6,LBN,Lebanon,3.125,3.1,no,
2011,bottom,7,MMR,Myanmar,3.54430379746835,3.5,no,
2011,bottom,8,MNG,Mongolia,3.94736842105263,3.9,no,
2011,bottom,9,HTI,Haiti,4.21052631578947,4.2,no,
2011,bottom,10,LKA,Sri Lanka,5.77777777777778,5.8,no,
2012,top,1,RWA,Rwanda,56.25,56.3,no,
2012,top,2,CUB,Cuba,45.221843003413,45.2,no,
2012,top,3,SWE,Sweden,44.6991404011461,44.7,no,
2012,top,4,SEN,Senegal,42.6666666666667,42.7,no,
2012,top,5,FIN,Finland,42.5,42.5,no,
2012,top,6,ZAF,South Africa,42.25,42.3,no,
2012,top,7,NIC,Nicaragua,40.2173913043478,40.2,no,
2012,top,8,NOR,Norway,39.6449704142012,39.6,no,
2012,top,9,MOZ,Mozambique,39.2,39.2,no,
2012,top,10,DNK,Denmark,39.1061452513966,39.1,no,
2012,bottom,1,YEM,Yemen,0.332225913621262,0.3,no,
2012,bottom,2,OMN,Oman,1.19047619047619,1.2,no,
2012,bottom,3,EGY,Egypt,1.96850393700787,2.0,no,
2012,bottom,4,PNG,Papua New Guinea,2.7027027027027,2.7,no,
2012,bottom,5,IRN,Iran,3.10344827586207,3.1,no,
2012,bottom,6,LBN,Lebanon,3.125,3.1,no,
2012,bottom,7,HTI,Haiti,4.21052631578947,4.2,no,
2012,bottom,8,LKA,Sri Lanka,5.77777777777778,5.8,no,
2012,bottom,9,MMR,Myanmar,6.03248259860789,6.0,no,
2012,bottom,10,KWT,Kuwait,6.15384615384615,6.2,no,
2013,top,1,RWA,Rwanda,63.75,63.8,no,
2013,top,2,CUB,Cuba,48.8562091503268,48.9,no,
2013,top,3,SWE,Sweden,44.9856733524355,45.0,no,
2013,top,4,SEN,Senegal,42.6666666666667,42.7,no,
2013,top,5,FIN,Finland,42.5,42.5,no,
2013,top,6,ZAF,South Africa,42.25,42.3,no,
2013,top,7,NIC,Nicaragua,40.2173913043478,40.2,no,
2013,top,8,NOR,Norway,39.6449704142012,39.6,no,
2013,top,9,MOZ,Mozambique,39.2,39.2,no,
2013,top,10,DNK,Denmark,39.1061452513966,39.1,no,
2013,bottom,1,YEM,Yemen,0.332225913621262,0.3,no,
2013,bottom,2,OMN,Oman,1.19047619047619,1.2,no,
2013,bottom,3,PNG,Papua New Guinea,2.7027027027027,2.7,no,
2013,bottom,4,IRN,Iran,3.10344827586207,3.1,no,
2013,bottom,5,LBN,Lebanon,3.125,3.1,no,
2013,bottom,6,HTI,Haiti,4.21052631578947,4.2,no,
2013,bottom,7,LKA,Sri Lanka,5.77777777777778,5.8,no,
2013,bottom,8,MMR,Myanmar,6.03248259860789,6.0,no,
2013,bottom,9,KWT,Kuwait,6.15384615384615,6.2,no,
2013,bottom,10,NGA,Nigeria,6.66666666666667,6.7,no,
2014,top,1,RWA,Rwanda,63.75,63.8,no,
2014,top,2,BOL,Bolivia,53.0769230769231,53.1,no,
2014,top,3,CUB,Cuba,48.8562091503268,48.9,no,
2014,top,4,SWE,Sweden,44.6991404011461,44.7,no,
2014,top,5,SEN,Senegal,43.3333333333333,43.3,no,
2014,top,6,FIN,Finland,42.5,42.5,no,
2014,top,7,NIC,Nicaragua,42.3913043478261,42.4,no,
2014,top,8,ECU,Ecuador,41.6058394160584,41.6,no,
2014,top,9,ZAF,South Africa,41.5,41.5,no,
2014,top,10,ESP,Spain,39.7142857142857,39.7,no,
2014,bottom,1,YEM,Yemen,0.332225913621262,0.3,no,
2014,bottom,2,OMN,Oman,1.19047619047619,1.2,no,
2014,bottom,3,KWT,Kuwait,1.53846153846154,1.5,no,
2014,bottom,4,PNG,Papua New Guinea,2.7027027027027,2.7,no,
2014,bottom,5,IRN,Iran,3.10344827586207,3.1,no,
2014,bottom,6,LBN,Lebanon,3.125,3.1,no,
2014,bottom,7,HTI,Haiti,4.21052631578947,4.2,no,
2014,bottom,8,MMR,Myanmar,5.59440559440559,5.6,no,
2014,bottom,9,LKA,Sri Lanka,5.77777777777778,5.8,no,
2014,bottom,10,THA,Thailand,6.09137055837564,6.1,no,
2015,top,1,RWA,Rwanda,63.75,63.8,no,
2015,top,2,BOL,Bolivia,53.0769230769231,53.1,no,
2015,top,3,CUB,Cuba,48.8562091503268,48.9,no,
2015,top,4,SWE,Sweden,43.5530085959885,43.6,no,
2015,top,5,SEN,Senegal,42.6666666666667,42.7,no,
2015,top,6,MEX,Mexico,42.3694779116466,42.4,no,
2015,top,7,ZAF,South Africa,42,42.0,no,
2015,top,8,ECU,Ecuador,41.6058394160584,41.6,no,
2015,top,9,FIN,Finland,41.5,41.5,no,
2015,top,10,NAM,Namibia,41.3461538461538,41.3,no,
2015,bottom,1,OMN,Oman,1.17647058823529,1.2,no,
2015,bottom,2,KWT,Kuwait,1.53846153846154,1.5,no,
2015,bottom,3,PNG,Papua New Guinea,2.7027027027027,2.7,no,
2015,bottom,4,IRN,Iran,3.10344827586207,3.1,no,
2015,bottom,5,LBN,Lebanon,3.125,3.1,no,
2015,bottom,6,HTI,Haiti,4.21052631578947,4.2,no,
2015,bottom,7,LKA,Sri Lanka,4.88888888888889,4.9,no,
2015,bottom,8,NGA,Nigeria,5.55555555555556,5.6,no,
2015,bottom,9,THA,Thailand,6.09137055837564,6.1,no,
2015,bottom,10,BEN,Benin,7.2289156626506,7.2,no,
2016,top,1,RWA,Rwanda,63.75,63.8,no,
2016,top,2,BOL,Bolivia,53.0769230769231,53.1,no,
2016,top,3,CUB,Cuba,48.8562091503268,48.9,no,
2016,top,4,NIC,Nicaragua,45.6521739130435,45.7,no,
2016,top,5,SWE,Sweden,43.5530085959885,43.6,no,
2016,top,6,SEN,Senegal,42.6666666666667,42.7,no,
2016,top,7,MEX,Mexico,42.4,42.4,no,
2016,top,8,ZAF,South Africa,42,42.0,no,
2016,top,9,ECU,Ecuador,41.6058394160584,41.6,no,
2016,top,10,FIN,Finland,41.5,41.5,no,
2016,bottom,1,OMN,Oman,1.17647058823529,1.2,no,
2016,bottom,2,KWT,Kuwait,2,2.0,no,
2016,bottom,3,PNG,Papua New Guinea,2.7027027027027,2.7,no,
2016,bottom,4,LBN,Lebanon,3.125,3.1,no,
2016,bottom,5,NGA,Nigeria,5.55555555555556,5.6,no,
2016,bottom,6,LKA,Sri Lanka,5.77777777777778,5.8,no,
2016,bottom,7,IRN,Iran,5.88235294117647,5.9,no,
2016,bottom,8,THA,Thailand,6.09137055837564,6.1,no,
2016,bottom,9,CAF,Central African Republic,7.19424460431655,7.2,no,
2016,bottom,10,BEN,Benin,7.2289156626506,7.2,no,
2017,top,1,RWA,Rwanda,61.25,61.3,no,
2017,top,2,BOL,Bolivia,53.0769230769231,53.1,no,
2017,top,3,CUB,Cuba,48.8562091503268,48.9,no,
2017,top,4,NIC,Nicaragua,45.6521739130435,45.7,no,
2017,top,5,SWE,Sweden,43.5530085959885,43.6,no,
2017,top,6,MEX,Mexico,42.6,42.6,no,
2017,top,7,FIN,Finland,42,42.0,no,
2017,top,8,ZAF,South Africa,41.8367346938776,41.8,no,
2017,top,9,SEN,Senegal,41.8181818181818,41.8,no,
2017,top,10,NOR,Norway,41.4201183431953,41.4,no,
2017,bottom,1,OMN,Oman,1.17647058823529,1.2,no,
2017,bottom,2,HTI,Haiti,2.54237288135593,2.5,no,
2017,bottom,3,KWT,Kuwait,3.07692307692308,3.1,no,
2017,bottom,4,LBN,Lebanon,3.125,3.1,no,
2017,bottom,5,THA,Thailand,4.8,4.8,no,
2017,bottom,6,NGA,Nigeria,5.55555555555556,5.6,no,
2017,bottom,7,LKA,Sri Lanka,5.77777777777778,5.8,no,
2017,bottom,8,IRN,Iran,5.88235294117647,5.9,no,
2017,bottom,9,BEN,Benin,7.2289156626506,7.2,no,
2017,bottom,10,CAF,Central African Republic,8.57142857142857,8.6,no,
2018,top,1,RWA,Rwanda,61.25,61.3,no,
2018,top,2,CUB,Cuba,53.2231404958678,53.2,no,
2018,top,3,BOL,Bolivia,53.0769230769231,53.1,no,
2018,top,4,MEX,Mexico,48.2,48.2,no,
2018,top,5,NAM,Namibia,46.1538461538462,46.2,no,
2018,top,6,SWE,Sweden,46.1318051575931,46.1,no,
2018,top,7,NIC,Nicaragua,45.6521739130435,45.7,no,
2018,top,8,CRI,Costa Rica,45.6140350877193,45.6,no,
2018,top,9,ZAF,South Africa,42.7480916030534,42.7,no,
2018,top,10,FIN,Finland,42,42.0,no,
2018,bottom,1,OMN,Oman,1.17647058823529,1.2,no,
2018,bottom,2,HTI,Haiti,2.54237288135593,2.5,no,
2018,bottom,3,KWT,Kuwait,3.07692307692308,3.1,no,
2018,bottom,4,LBN,Lebanon,4.6875,4.7,no,
2018,bottom,5,THA,Thailand,5.28455284552846,5.3,no,
2018,bottom,6,NGA,Nigeria,5.55555555555556,5.6,no,
2018,bottom,7,LKA,Sri Lanka,5.77777777777778,5.8,no,
2018,bottom,8,IRN,Iran,5.88235294117647,5.9,no,
2018,bottom,9,BEN,Benin,7.2289156626506,7.2,no,
2018,bottom,10,CAF,Central African Republic,8.57142857142857,8.6,no,
2019,top,1,RWA,Rwanda,61.25,61.3,no,
2019,top,2,CUB,Cuba,53.2231404958678,53.2,no,
2019,top,3,BOL,Bolivia,53.0769230769231,53.1,no,
2019,top,4,ARE,United Arab Emirates,50,50.0,no,
2019,top,5,MEX,Mexico,48.2,48.2,no,
2019,top,6,SWE,Sweden,47.2779369627507,47.3,no,
2019,top,7,FIN,Finland,47,47.0,no,
2019,top,8,ZAF,South Africa,46.3476070528967,46.3,no,
2019,top,9,CRI,Costa Rica,45.6140350877193,45.6,no,
2019,top,10,NIC,Nicaragua,44.5652173913043,44.6,no,
2019,bottom,1,YEM,Yemen,0.332225913621262,0.3,no,
2019,bottom,2,OMN,Oman,2.32558139534884,2.3,no,
2019,bottom,3,HTI,Haiti,2.54237288135593,2.5,no,
2019,bottom,4,NGA,Nigeria,3.38028169014084,3.4,no,
2019,bottom,5,KWT,Kuwait,4.61538461538462,4.6,no,
2019,bottom,6,LBN,Lebanon,4.6875,4.7,no,
2019,bottom,7,LKA,Sri Lanka,5.33333333333333,5.3,no,
2019,bottom,8,IRN,Iran,5.88235294117647,5.9,no,
2019,bottom,9,BEN,Benin,7.2289156626506,7.2,no,
2019,bottom,10,CAF,Central African Republic,8.57142857142857,8.6,no,
2020,top,1,RWA,Rwanda,61.25,61.3,no,
2020,top,2,CUB,Cuba,53.2231404958678,53.2,no,
2020,top,3,ARE,United Arab Emirates,50,50.0,no,
2020,top,4,NZL,New Zealand,48.3333333333333,48.3,no,
2020,top,5,MEX,Mexico,48.2,48.2,no,
2020,top,6,NIC,Nicaragua,47.2527472527472,47.3,no,
2020,top,7,SWE,Sweden,46.9914040114613,47.0,no,
2020,top,8,ZAF,South Africa,46.75,46.8,no,
2020,top,9,BOL,Bolivia,46.1538461538462,46.2,no,
2020,top,10,FIN,Finland,46,46.0,no,
2020,bottom,1,YEM,Yemen,0.332225913621262,0.3,no,
2020,bottom,2,OMN,Oman,2.32558139534884,2.3,no,
2020,bottom,3,LBN,Lebanon,4.6875,4.7,no,
2020,bottom,4,LKA,Sri Lanka,5.38116591928251,5.4,no,
2020,bottom,5,IRN,Iran,5.59440559440559,5.6,no,
2020,bottom,6,BFA,Burkina Faso,6.2992125984252,6.3,no,
2020,bottom,7,KWT,Kuwait,6.34920634920635,6.3,no,
2020,bottom,8,NGA,Nigeria,7.22222222222222,7.2,no,
2020,bottom,9,BEN,Benin,7.2289156626506,7.2,no,
2020,bottom,10,CAF,Central African Republic,8.57142857142857,8.6,no,
2021,top,1,RWA,Rwanda,61.25,61.3,no,
2021,top,2,CUB,Cuba,53.4129692832764,53.4,no,
2021,top,3,NIC,Nicaragua,50.5494505494505,50.5,no,
2021,top,4,MEX,Mexico,50,50.0,no,
2021,top,5,ARE,United Arab Emirates,50,50.0,no,
2021,top,6,NZL,New Zealand,49.1666666666667,49.2,no,
2021,top,7,SWE,Sweden,46.9914040114613,47.0,no,
2021,top,8,ZAF,South Africa,46.5822784810127,46.6,no,
2021,top,9,BOL,Bolivia,46.1538461538462,46.2,no,
2021,top,10,FIN,Finland,46,46.0,no,
2021,bottom,1,KWT,Kuwait,1.53846153846154,1.5,no,
2021,bottom,2,OMN,Oman,2.32558139534884,2.3,no,
2021,bottom,3,NGA,Nigeria,3.61111111111111,3.6,no,
2021,bottom,4,QAT,Qatar,4.44444444444444,4.4,no,
2021,bottom,5,LBN,Lebanon,4.6875,4.7,no,
2021,bottom,6,LKA,Sri Lanka,5.38116591928251,5.4,no,
2021,bottom,7,IRN,Iran,5.59440559440559,5.6,no,
2021,bottom,8,BFA,Burkina Faso,6.2992125984252,6.3,no,
2021,bottom,9,DZA,Algeria,8.10810810810811,8.1,no,
2021,bottom,10,BEN,Benin,8.43373493975904,8.4,no,
2022,top,1,RWA,Rwanda,61.25,61.3,no,
2022,top,2,CUB,Cuba,53.4129692832764,53.4,no,
2022,top,3,NIC,Nicaragua,51.6483516483517,51.6,no,
2022,top,4,NZL,New Zealand,50.4201680672269,50.4,no,
2022,top,5,MEX,Mexico,50,50.0,no,
2022,top,6,ARE,United Arab Emirates,50,50.0,no,
2022,top,7,CRI,Costa Rica,47.3684210526316,47.4,no,
2022,top,8,ZAF,South Africa,46.5,46.5,no,
2022,top,9,SWE,Sweden,46.4183381088825,46.4,no,
2022,top,10,BOL,Bolivia,46.1538461538462,46.2,no,
2022,bottom,1,PNG,Papua New Guinea,1.73913043478261,1.7,no,
2022,bottom,2,OMN,Oman,2.32558139534884,2.3,no,
2022,bottom,3,NGA,Nigeria,3.61111111111111,3.6,no,
2022,bottom,4,QAT,Qatar,4.44444444444444,4.4,no,
2022,bottom,5,LKA,Sri Lanka,5.33333333333333,5.3,no,
2022,bottom,6,IRN,Iran,5.59440559440559,5.6,no,
2022,bottom,7,KWT,Kuwait,6.25,6.3,no,
2022,bottom,8,LBN,Lebanon,6.25,6.3,no,
2022,bottom,9,BEN,Benin,7.40740740740741,7.4,no,
2022,bottom,10,DZA,Algeria,8.10810810810811,8.1,no,
2023,top,1,RWA,Rwanda,61.25,61.3,no,
2023,top,2,CUB,Cuba,55.7446808510638,55.7,no,
2023,top,3,NIC,Nicaragua,51.6483516483517,51.6,no,
2023,top,4,MEX,Mexico,50,50.0,no,
2023,top,5,ARE,United Arab Emirates,50,50.0,no,
2023,top,6,CRI,Costa Rica,47.3684210526316,47.4,no,
2023,top,7,SWE,Sweden,46.4183381088825,46.4,no,
2023,top,8,BOL,Bolivia,46.1538461538462,46.2,no,
2023,top,9,NOR,Norway,46.1538461538462,46.2,no,
2023,top,10,SEN,Senegal,46.0606060606061,46.1,no,
2023,bottom,1,PNG,Papua New Guinea,2.7027027027027,2.7,no,
2023,bottom,2,KWT,Kuwait,3.07692307692308,3.1,no,
2023,bottom,3,NGA,Nigeria,3.91061452513966,3.9,no,
2023,bottom,4,QAT,Qatar,4.44444444444444,4.4,no,
2023,bottom,5,LKA,Sri Lanka,5.33333333333333,5.3,no,
2023,bottom,6,IRN,Iran,5.59440559440559,5.6,no,
2023,bottom,7,LBN,Lebanon,6.25,6.3,no,
2023,bottom,8,DZA,Algeria,7.86240786240786,7.9,no,
2023,bottom,9,GMB,Gambia,8.62068965517241,8.6,no,
2023,bottom,10,JPN,Japan,10.3448275862069,10.3,no,
2024,top,1,RWA,Rwanda,63.75,63.8,no,
2024,top,2,CUB,Cuba,55.7446808510638,55.7,no,
2024,top,3,NIC,Nicaragua,53.8461538461538,53.8,no,
2024,top,4,MEX,Mexico,50.2,50.2,no,
2024,top,5,ARE,United Arab Emirates,50,50.0,no,
2024,top,6,CRI,Costa Rica,49.1228070175439,49.1,no,
2024,top,7,SWE,Sweden,46.7048710601719,46.7,no,
2024,top,8,BOL,Bolivia,46.1538461538462,46.2,no,
2024,top,9,FIN,Finland,46,46.0,no,
2024,top,10,NZL,New Zealand,45.5284552845528,45.5,no,
2024,bottom,1,PNG,Papua New Guinea,2.7027027027027,2.7,no,
2024,bottom,2,NGA,Nigeria,3.91061452513966,3.9,no,
2024,bottom,3,QAT,Qatar,4.44444444444444,4.4,no,
2024,bottom,4,IRN,Iran,4.82758620689655,4.8,no,
2024,bottom,5,LBN,Lebanon,6.25,6.3,no,
2024,bottom,6,DZA,Algeria,7.86240786240786,7.9,no,
2024,bottom,7,GMB,Gambia,8.62068965517241,8.6,yes,2023
2024,bottom,8,BWA,Botswana,8.69565217391304,8.7,no,
2024,bottom,9,SYR,Syria,9.6,9.6,no,
2024,bottom,10,LKA,Sri Lanka,10,10.0,no,
2025,top,1,RWA,Rwanda,63.75,63.8,no,
2025,top,2,CUB,Cuba,55.7446808510638,55.7,no,
2025,top,3,NIC,Nicaragua,54.9450549450549,54.9,no,
2025,top,4,BOL,Bolivia,50.7692307692308,50.8,no,
2025,top,5,MEX,Mexico,50.2,50.2,no,
2025,top,6,ARE,United Arab Emirates,50,50.0,no,
2025,top,7,CRI,Costa Rica,49.1228070175439,49.1,no,
2025,top,8,AUS,Australia,46,46.0,no,
2025,top,9,NZL,New Zealand,45.5284552845528,45.5,no,
2025,top,10,FIN,Finland,45.5,45.5,no,
2025,bottom,1,PNG,Papua New Guinea,2.7027027027027,2.7,no,
2025,bottom,2,NGA,Nigeria,4.21348314606742,4.2,no,
2025,bottom,3,IRN,Iran,4.91228070175439,4.9,no,
2025,bottom,4,SYR,Syria,4.91803278688525,4.9,no,
2025,bottom,5,QAT,Qatar,6.12244897959184,6.1,no,
2025,bottom,6,LBN,Lebanon,6.25,6.3,no,
2025,bottom,7,DZA,Algeria,7.86240786240786,7.9,no,
2025,bottom,8,GMB,Gambia,8.62068965517241,8.6,no,
2025,bottom,9,BWA,Botswana,8.95522388059701,9.0,no,
2025,bottom,10,LKA,Sri Lanka,9.77777777777778,9.8,no,
