iso3,iso2,short_name,wb_name,region,income,population_latest,population_year,in_race,in_race_at_2_5m,first_figure_year,last_figure_year,years_with_figure
AFG,AF,Afghanistan,Afghanistan,"Middle East, North Africa, Afghanistan & Pakistan",Low income,43844111,2025,yes,yes,2005,2021,16
ALB,AL,Albania,Albania,Europe & Central Asia,Upper middle income,2349580,2025,no,no,1999,2025,27
DZA,DZ,Algeria,Algeria,"Middle East, North Africa, Afghanistan & Pakistan",Upper middle income,47435312,2025,yes,yes,1997,2025,29
ASM,AS,American Samoa,American Samoa,East Asia & Pacific,High income,46029,2025,no,no,,,0
AND,AD,Andorra,Andorra,Europe & Central Asia,High income,82904,2025,no,no,1997,2025,29
AGO,AO,Angola,Angola,Sub-Saharan Africa,Lower middle income,39040039,2025,yes,yes,1997,2025,29
ATG,AG,Antigua and Barbuda,Antigua and Barbuda,Latin America & Caribbean,High income,94209,2025,no,no,1997,2025,28
ARG,AR,Argentina,Argentina,Latin America & Caribbean,Upper middle income,45851378,2025,yes,yes,1997,2025,26
ARM,AM,Armenia,Armenia,Europe & Central Asia,Upper middle income,3086700,2025,no,yes,1997,2025,29
ABW,AW,Aruba,Aruba,Latin America & Caribbean,High income,108785,2025,no,no,,,0
AUS,AU,Australia,Australia,East Asia & Pacific,High income,27614411,2025,yes,yes,1997,2025,28
AUT,AT,Austria,Austria,Europe & Central Asia,High income,9208163,2025,yes,yes,1997,2025,27
AZE,AZ,Azerbaijan,Azerbaijan,Europe & Central Asia,Upper middle income,10246996,2025,yes,yes,1997,2025,28
BHS,BS,Bahamas,"Bahamas, The",Latin America & Caribbean,High income,403033,2025,no,no,1997,2025,28
BHR,BH,Bahrain,Bahrain,"Middle East, North Africa, Afghanistan & Pakistan",High income,1600366,2025,no,no,2003,2025,23
BGD,BD,Bangladesh,Bangladesh,South Asia,Lower middle income,175686899,2025,yes,yes,1997,2023,25
BRB,BB,Barbados,Barbados,Latin America & Caribbean,High income,282623,2025,no,no,1997,2025,29
BLR,BY,Belarus,Belarus,Europe & Central Asia,Upper middle income,9085991,2025,yes,yes,2001,2025,25
BEL,BE,Belgium,Belgium,Europe & Central Asia,High income,11941781,2025,yes,yes,1997,2025,29
BLZ,BZ,Belize,Belize,Latin America & Caribbean,Upper middle income,422924,2025,no,no,1997,2025,29
BEN,BJ,Benin,Benin,Sub-Saharan Africa,Lower middle income,14814460,2025,yes,yes,1997,2025,29
BMU,BM,Bermuda,Bermuda,North America,High income,64555,2025,no,no,,,0
BTN,BT,Bhutan,Bhutan,South Asia,Lower middle income,796682,2025,no,no,1997,2025,29
BOL,BO,Bolivia,Bolivia,Latin America & Caribbean,Lower middle income,12581843,2025,yes,yes,1999,2025,27
BIH,BA,Bosnia and Herzegovina,Bosnia and Herzegovina,Europe & Central Asia,Upper middle income,3140095,2025,no,yes,2001,2025,24
BWA,BW,Botswana,Botswana,Sub-Saharan Africa,Upper middle income,2562122,2025,no,yes,1997,2025,28
BRA,BR,Brazil,Brazil,Latin America & Caribbean,Upper middle income,212812405,2025,yes,yes,1997,2025,29
VGB,VG,British Virgin Islands,British Virgin Islands,Latin America & Caribbean,High income,39732,2025,no,no,,,0
BRN,BN,Brunei,Brunei Darussalam,East Asia & Pacific,High income,466330,2025,no,no,2016,2025,10
BGR,BG,Bulgaria,Bulgaria,Europe & Central Asia,High income,6433302,2025,yes,yes,1997,2025,29
BFA,BF,Burkina Faso,Burkina Faso,Sub-Saharan Africa,Low income,24074580,2025,yes,yes,1997,2025,28
BDI,BI,Burundi,Burundi,Sub-Saharan Africa,Low income,14390003,2025,yes,yes,1998,2025,28
CPV,CV,Cabo Verde,Cabo Verde,Sub-Saharan Africa,Upper middle income,527326,2025,no,no,1997,2025,29
KHM,KH,Cambodia,Cambodia,East Asia & Pacific,Lower middle income,17847982,2025,yes,yes,1997,2025,29
CMR,CM,Cameroon,Cameroon,Sub-Saharan Africa,Lower middle income,29879337,2025,yes,yes,1997,2025,29
CAN,CA,Canada,Canada,North America,High income,41651653,2025,yes,yes,1997,2025,28
CYM,KY,Cayman Islands,Cayman Islands,Latin America & Caribbean,High income,75844,2025,no,no,,,0
CAF,CF,Central African Republic,Central African Republic,Sub-Saharan Africa,Low income,5513282,2025,yes,yes,1997,2025,24
TCD,TD,Chad,Chad,Sub-Saharan Africa,Low income,21003705,2025,yes,yes,1997,2025,28
CHI,JG,Channel Islands,Channel Islands,Europe & Central Asia,High income,168466,2025,no,no,,,0
CHL,CL,Chile,Chile,Latin America & Caribbean,High income,19859921,2025,yes,yes,1997,2025,28
CHN,CN,China,China,East Asia & Pacific,Upper middle income,1406585000,2025,yes,yes,1998,2025,28
COL,CO,Colombia,Colombia,Latin America & Caribbean,Upper middle income,53425635,2025,yes,yes,1997,2025,28
COM,KM,Comoros,Comoros,Sub-Saharan Africa,Lower middle income,882847,2025,no,no,1997,2025,24
COG,CG,Congo,"Congo, Rep.",Sub-Saharan Africa,Lower middle income,6484437,2025,yes,yes,1998,2025,27
CRI,CR,Costa Rica,Costa Rica,Latin America & Caribbean,High income,5152950,2025,yes,yes,1997,2025,29
HRV,HR,Croatia,Croatia,Europe & Central Asia,High income,3876200,2025,no,yes,1997,2025,28
CUB,CU,Cuba,Cuba,Latin America & Caribbean,Upper middle income,10937203,2025,yes,yes,1997,2025,29
CUW,CW,Curacao,Curacao,Latin America & Caribbean,High income,156263,2025,no,no,,,0
CYP,CY,Cyprus,Cyprus,Europe & Central Asia,High income,1370754,2025,no,no,1997,2025,29
CZE,CZ,Czechia,Czechia,Europe & Central Asia,High income,10886878,2025,yes,yes,1997,2025,29
CIV,CI,Côte d'Ivoire,Cote d'Ivoire,Sub-Saharan Africa,Lower middle income,32711547,2025,yes,yes,1997,2025,28
COD,CD,DR Congo,"Congo, Dem. Rep.",Sub-Saharan Africa,Low income,112832473,2025,yes,yes,2004,2025,21
DNK,DK,Denmark,Denmark,Europe & Central Asia,High income,6009169,2025,yes,yes,1997,2025,28
DJI,DJ,Djibouti,Djibouti,"Middle East, North Africa, Afghanistan & Pakistan",Lower middle income,1184076,2025,no,no,1998,2025,28
DMA,DM,Dominica,Dominica,Latin America & Caribbean,Upper middle income,65871,2025,no,no,1997,2025,28
DOM,DO,Dominican Republic,Dominican Republic,Latin America & Caribbean,Upper middle income,11520487,2025,yes,yes,1997,2025,29
ECU,EC,Ecuador,Ecuador,Latin America & Caribbean,Upper middle income,18289896,2025,yes,yes,1997,2025,28
EGY,EG,Egypt,"Egypt, Arab Rep.","Middle East, North Africa, Afghanistan & Pakistan",Lower middle income,118365995,2025,yes,yes,1997,2025,26
SLV,SV,El Salvador,El Salvador,Latin America & Caribbean,Upper middle income,6365503,2025,yes,yes,1997,2025,29
GNQ,GQ,Equatorial Guinea,Equatorial Guinea,Sub-Saharan Africa,Upper middle income,1938431,2025,no,no,1997,2025,28
ERI,ER,Eritrea,Eritrea,Sub-Saharan Africa,Low income,3607003,2025,no,yes,1997,2019,23
EST,EE,Estonia,Estonia,Europe & Central Asia,High income,1366475,2025,no,no,1997,2025,29
SWZ,SZ,Eswatini,Eswatini,Sub-Saharan Africa,Lower middle income,1256174,2025,no,no,1997,2025,29
ETH,ET,Ethiopia,Ethiopia,Sub-Saharan Africa,Low income,135472051,2025,yes,yes,1997,2025,29
FRO,FO,Faroe Islands,Faroe Islands,Europe & Central Asia,High income,54900,2025,no,no,,,0
FJI,FJ,Fiji,Fiji,East Asia & Pacific,Upper middle income,933154,2025,no,no,1997,2025,20
FIN,FI,Finland,Finland,Europe & Central Asia,High income,5646436,2025,yes,yes,1997,2025,29
FRA,FR,France,France,Europe & Central Asia,High income,68720337,2025,yes,yes,1997,2025,29
PYF,PF,French Polynesia,French Polynesia,East Asia & Pacific,High income,282465,2025,no,no,,,0
GAB,GA,Gabon,Gabon,Sub-Saharan Africa,Upper middle income,2593130,2025,no,yes,1997,2025,28
GMB,GM,Gambia,"Gambia, The",Sub-Saharan Africa,Low income,2822093,2025,no,yes,1997,2025,28
GEO,GE,Georgia,Georgia,Europe & Central Asia,Upper middle income,3935766,2025,no,yes,1997,2025,28
DEU,DE,Germany,Germany,Europe & Central Asia,High income,83491249,2025,yes,yes,1997,2025,29
GHA,GH,Ghana,Ghana,Sub-Saharan Africa,Lower middle income,35064272,2025,yes,yes,1997,2025,27
GIB,GI,Gibraltar,Gibraltar,Europe & Central Asia,High income,40126,2025,no,no,,,0
GRC,GR,Greece,Greece,Europe & Central Asia,High income,10413962,2025,yes,yes,1997,2025,29
GRL,GL,Greenland,Greenland,Europe & Central Asia,High income,56831,2025,no,no,,,0
GRD,GD,Grenada,Grenada,Latin America & Caribbean,Upper middle income,117303,2025,no,no,1997,2025,28
GUM,GU,Guam,Guam,East Asia & Pacific,High income,168999,2025,no,no,,,0
GTM,GT,Guatemala,Guatemala,Latin America & Caribbean,Upper middle income,18687881,2025,yes,yes,1997,2025,29
GIN,GN,Guinea,Guinea,Sub-Saharan Africa,Lower middle income,15099727,2025,yes,yes,1997,2025,21
GNB,GW,Guinea-Bissau,Guinea-Bissau,Sub-Saharan Africa,Low income,2249515,2025,no,no,1997,2024,26
GUY,GY,Guyana,Guyana,Latin America & Caribbean,High income,835986,2025,no,no,1999,2025,27
HTI,HT,Haiti,Haiti,Latin America & Caribbean,Lower middle income,11906095,2025,yes,yes,1997,2019,22
HND,HN,Honduras,Honduras,Latin America & Caribbean,Lower middle income,11005850,2025,yes,yes,1998,2025,26
HKG,HK,"Hong Kong SAR, China","Hong Kong SAR, China",East Asia & Pacific,High income,7498900,2025,yes,yes,,,0
HUN,HU,Hungary,Hungary,Europe & Central Asia,High income,9514251,2025,yes,yes,1997,2025,29
ISL,IS,Iceland,Iceland,Europe & Central Asia,High income,392404,2025,no,no,1997,2025,29
IND,IN,India,India,South Asia,Lower middle income,1463865525,2025,yes,yes,1997,2025,29
IDN,ID,Indonesia,Indonesia,East Asia & Pacific,Upper middle income,285721236,2025,yes,yes,1997,2025,28
IRN,IR,Iran,"Iran, Islamic Rep.","Middle East, North Africa, Afghanistan & Pakistan",Upper middle income,92417681,2025,yes,yes,1997,2025,29
IRQ,IQ,Iraq,Iraq,"Middle East, North Africa, Afghanistan & Pakistan",Upper middle income,47020774,2025,yes,yes,1997,2025,26
IRL,IE,Ireland,Ireland,Europe & Central Asia,High income,5484367,2025,yes,yes,1997,2025,29
IMN,IM,Isle of Man,Isle of Man,Europe & Central Asia,High income,84118,2025,no,no,,,0
ISR,IL,Israel,Israel,"Middle East, North Africa, Afghanistan & Pakistan",High income,10122800,2025,yes,yes,1997,2025,29
ITA,IT,Italy,Italy,Europe & Central Asia,High income,58915656,2025,yes,yes,1997,2025,29
JAM,JM,Jamaica,Jamaica,Latin America & Caribbean,Upper middle income,2837077,2025,no,yes,1997,2025,28
JPN,JP,Japan,Japan,East Asia & Pacific,High income,123366734,2025,yes,yes,1997,2025,29
JOR,JO,Jordan,Jordan,"Middle East, North Africa, Afghanistan & Pakistan",Upper middle income,11520684,2025,yes,yes,1997,2025,29
KAZ,KZ,Kazakhstan,Kazakhstan,Europe & Central Asia,Upper middle income,20843754,2025,yes,yes,1997,2025,29
KEN,KE,Kenya,Kenya,Sub-Saharan Africa,Lower middle income,57532493,2025,yes,yes,1997,2025,29
KIR,KI,Kiribati,Kiribati,East Asia & Pacific,Lower middle income,136488,2025,no,no,1997,2025,28
XKX,XK,Kosovo,Kosovo,Europe & Central Asia,Upper middle income,1576876,2025,no,no,,,0
KWT,KW,Kuwait,Kuwait,"Middle East, North Africa, Afghanistan & Pakistan",High income,4865298,2025,yes,yes,1997,2023,27
KGZ,KG,Kyrgyzstan,Kyrgyz Republic,Europe & Central Asia,Lower middle income,7343064,2025,yes,yes,1997,2025,29
LAO,LA,Laos,Lao PDR,East Asia & Pacific,Lower middle income,7873046,2025,yes,yes,1998,2025,28
LVA,LV,Latvia,Latvia,Europe & Central Asia,High income,1847785,2025,no,no,1997,2025,29
LBN,LB,Lebanon,Lebanon,"Middle East, North Africa, Afghanistan & Pakistan",Lower middle income,5849421,2025,yes,yes,1997,2025,29
LSO,LS,Lesotho,Lesotho,Sub-Saharan Africa,Lower middle income,2363325,2025,no,no,1997,2025,28
LBR,LR,Liberia,Liberia,Sub-Saharan Africa,Low income,5731206,2025,yes,yes,2000,2025,26
LBY,LY,Libya,Libya,"Middle East, North Africa, Afghanistan & Pakistan",Upper middle income,7458555,2025,yes,yes,2005,2025,20
LIE,LI,Liechtenstein,Liechtenstein,Europe & Central Asia,High income,41024,2025,no,no,1997,2025,29
LTU,LT,Lithuania,Lithuania,Europe & Central Asia,High income,2888774,2025,no,yes,1997,2025,29
LUX,LU,Luxembourg,Luxembourg,Europe & Central Asia,High income,686970,2025,no,no,1997,2025,29
MAC,MO,"Macao SAR, China","Macao SAR, China",East Asia & Pacific,High income,685900,2025,no,no,,,0
MDG,MG,Madagascar,Madagascar,Sub-Saharan Africa,Low income,32740678,2025,yes,yes,1997,2025,26
MWI,MW,Malawi,Malawi,Sub-Saharan Africa,Low income,22216120,2025,yes,yes,1997,2025,29
MYS,MY,Malaysia,Malaysia,East Asia & Pacific,Upper middle income,35977838,2025,yes,yes,1997,2025,28
MDV,MV,Maldives,Maldives,South Asia,Upper middle income,529676,2025,no,no,1997,2025,28
MLI,ML,Mali,Mali,Sub-Saharan Africa,Low income,25198821,2025,yes,yes,1997,2025,28
MLT,MT,Malta,Malta,"Middle East, North Africa, Afghanistan & Pakistan",High income,579704,2025,no,no,1997,2025,29
MHL,MH,Marshall Islands,Marshall Islands,East Asia & Pacific,Upper middle income,36282,2025,no,no,2000,2025,26
MRT,MR,Mauritania,Mauritania,Sub-Saharan Africa,Lower middle income,5315065,2025,yes,yes,1997,2025,25
MUS,MU,Mauritius,Mauritius,Sub-Saharan Africa,Upper middle income,1243741,2025,no,no,1997,2025,29
MEX,MX,Mexico,Mexico,Latin America & Caribbean,Upper middle income,131946900,2025,yes,yes,1997,2025,29
FSM,FM,Micronesia,"Micronesia, Fed. Sts.",East Asia & Pacific,Upper middle income,113683,2025,no,no,1997,2025,29
MDA,MD,Moldova,Moldova,Europe & Central Asia,Upper middle income,2360527,2025,no,no,1997,2025,28
MCO,MC,Monaco,Monaco,Europe & Central Asia,High income,38341,2025,no,no,1997,2025,29
MNG,MN,Mongolia,Mongolia,East Asia & Pacific,Upper middle income,3568978,2025,no,yes,1997,2025,29
MNE,ME,Montenegro,Montenegro,Europe & Central Asia,Upper middle income,623129,2025,no,no,2006,2025,20
MAR,MA,Morocco,Morocco,"Middle East, North Africa, Afghanistan & Pakistan",Lower middle income,38430770,2025,yes,yes,1997,2025,29
MOZ,MZ,Mozambique,Mozambique,Sub-Saharan Africa,Low income,35631653,2025,yes,yes,1997,2025,27
MMR,MM,Myanmar,Myanmar,East Asia & Pacific,Lower middle income,54850648,2025,yes,yes,2010,2021,12
NAM,NA,Namibia,Namibia,Sub-Saharan Africa,Lower middle income,3092816,2025,no,yes,1997,2025,28
NRU,NR,Naoero,Naoero,East Asia & Pacific,High income,12025,2025,no,no,1998,2025,26
NPL,NP,Nepal,Nepal,South Asia,Lower middle income,29618118,2025,yes,yes,1997,2024,27
NLD,NL,Netherlands,Netherlands,Europe & Central Asia,High income,18087633,2025,yes,yes,1997,2025,29
NCL,NC,New Caledonia,New Caledonia,East Asia & Pacific,High income,295333,2025,no,no,,,0
NZL,NZ,New Zealand,New Zealand,East Asia & Pacific,High income,5324700,2025,yes,yes,1997,2025,29
NIC,NI,Nicaragua,Nicaragua,Latin America & Caribbean,Lower middle income,7007502,2025,yes,yes,1997,2025,28
NER,NE,Niger,Niger,Sub-Saharan Africa,Low income,27917831,2025,yes,yes,1997,2025,25
NGA,NG,Nigeria,Nigeria,Sub-Saharan Africa,Lower middle income,237527782,2025,yes,yes,2000,2025,26
PRK,KP,North Korea,"Korea, Dem. People's Rep.",East Asia & Pacific,Low income,26571036,2025,yes,yes,1997,2025,28
MKD,MK,North Macedonia,North Macedonia,Europe & Central Asia,Upper middle income,1820909,2025,no,no,1997,2025,29
MNP,MP,Northern Mariana Islands,Northern Mariana Islands,East Asia & Pacific,High income,43541,2025,no,no,,,0
NOR,NO,Norway,Norway,Europe & Central Asia,High income,5610870,2025,yes,yes,1997,2025,29
OMN,OM,Oman,Oman,"Middle East, North Africa, Afghanistan & Pakistan",High income,5494691,2025,yes,yes,2004,2025,22
PAK,PK,Pakistan,Pakistan,"Middle East, North Africa, Afghanistan & Pakistan",Lower middle income,255219554,2025,yes,yes,1997,2025,26
PLW,PW,Palau,Palau,East Asia & Pacific,High income,17663,2025,no,no,1997,2025,29
PAN,PA,Panama,Panama,Latin America & Caribbean,High income,4571189,2025,yes,yes,1997,2025,28
PNG,PG,Papua New Guinea,Papua New Guinea,East Asia & Pacific,Lower middle income,10762817,2025,yes,yes,1997,2025,28
PRY,PY,Paraguay,Paraguay,Latin America & Caribbean,Upper middle income,7013078,2025,yes,yes,1997,2025,28
PER,PE,Peru,Peru,Latin America & Caribbean,Upper middle income,34576665,2025,yes,yes,1997,2025,28
PHL,PH,Philippines,Philippines,East Asia & Pacific,Upper middle income,116786962,2025,yes,yes,1997,2025,29
POL,PL,Poland,Poland,Europe & Central Asia,High income,36435861,2025,yes,yes,1997,2025,29
PRT,PT,Portugal,Portugal,Europe & Central Asia,High income,10804871,2025,yes,yes,1997,2025,29
PRI,PR,Puerto Rico (US),Puerto Rico (US),Latin America & Caribbean,High income,3184835,2025,no,yes,,,0
QAT,QA,Qatar,Qatar,"Middle East, North Africa, Afghanistan & Pakistan",High income,2972215,2025,no,yes,2006,2025,20
ROU,RO,Romania,Romania,Europe & Central Asia,High income,19020271,2025,yes,yes,1997,2025,28
RUS,RU,Russia,Russian Federation,Europe & Central Asia,High income,143513328,2025,yes,yes,1997,2025,28
RWA,RW,Rwanda,Rwanda,Sub-Saharan Africa,Low income,14569341,2025,yes,yes,1997,2025,29
KNA,KN,Saint Kitts and Nevis,St. Kitts and Nevis,Latin America & Caribbean,High income,46922,2025,no,no,1997,2025,29
LCA,LC,Saint Lucia,St. Lucia,Latin America & Caribbean,Upper middle income,180149,2025,no,no,1997,2025,28
VCT,VC,Saint Vincent and the Grenadines,St. Vincent and the Grenadines,Latin America & Caribbean,Upper middle income,99924,2025,no,no,1997,2025,27
WSM,WS,Samoa,Samoa,East Asia & Pacific,Upper middle income,219306,2025,no,no,1997,2025,29
SMR,SM,San Marino,San Marino,Europe & Central Asia,High income,34109,2025,no,no,1997,2025,29
SAU,SA,Saudi Arabia,Saudi Arabia,"Middle East, North Africa, Afghanistan & Pakistan",High income,36973555,2025,yes,yes,2003,2025,23
SEN,SN,Senegal,Senegal,Sub-Saharan Africa,Lower middle income,18931966,2025,yes,yes,1997,2025,29
SRB,RS,Serbia,Serbia,Europe & Central Asia,Upper middle income,6549143,2025,yes,yes,2006,2025,20
SYC,SC,Seychelles,Seychelles,Sub-Saharan Africa,High income,122730,2025,no,no,1997,2025,29
SLE,SL,Sierra Leone,Sierra Leone,Sub-Saharan Africa,Low income,8819794,2025,yes,yes,1999,2025,26
SGP,SG,Singapore,Singapore,East Asia & Pacific,High income,6111175,2025,yes,yes,1997,2025,29
SXM,SX,Sint Maarten (Dutch part),Sint Maarten (Dutch part),Latin America & Caribbean,High income,43923,2025,no,no,,,0
SVK,SK,Slovakia,Slovak Republic,Europe & Central Asia,High income,5413813,2025,yes,yes,1997,2025,29
SVN,SI,Slovenia,Slovenia,Europe & Central Asia,High income,2130986,2025,no,no,1997,2025,28
SLB,SB,Solomon Islands,Solomon Islands,East Asia & Pacific,Lower middle income,838645,2025,no,no,1998,2025,27
SOM,SO,Somalia,"Somalia, Fed. Rep.",Sub-Saharan Africa,Low income,19654739,2025,yes,yes,2005,2025,20
ZAF,ZA,South Africa,South Africa,Sub-Saharan Africa,Upper middle income,64747319,2025,yes,yes,1997,2025,29
KOR,KR,South Korea,"Korea, Rep.",East Asia & Pacific,High income,51684564,2025,yes,yes,1997,2025,29
SSD,SS,South Sudan,South Sudan,Sub-Saharan Africa,Low income,12188788,2025,yes,yes,2011,2025,15
ESP,ES,Spain,Spain,Europe & Central Asia,High income,49355143,2025,yes,yes,1997,2025,29
LKA,LK,Sri Lanka,Sri Lanka,South Asia,Upper middle income,21756000,2025,yes,yes,1997,2025,27
MAF,MF,St. Martin (French part),St. Martin (French part),Latin America & Caribbean,High income,24941,2025,no,no,,,0
SDN,SD,Sudan,Sudan,Sub-Saharan Africa,Low income,51662147,2025,yes,yes,1997,2018,20
SUR,SR,Suriname,Suriname,Latin America & Caribbean,Upper middle income,639850,2025,no,no,1997,2025,28
SWE,SE,Sweden,Sweden,Europe & Central Asia,High income,10596620,2025,yes,yes,1997,2025,29
CHE,CH,Switzerland,Switzerland,Europe & Central Asia,High income,9092436,2025,yes,yes,1997,2025,29
SYR,SY,Syria,Syrian Arab Republic,"Middle East, North Africa, Afghanistan & Pakistan",Low income,25620427,2025,yes,yes,1997,2025,29
STP,ST,São Tomé and Príncipe,Sao Tome and Principe,Sub-Saharan Africa,Lower middle income,240254,2025,no,no,1997,2025,28
TJK,TJ,Tajikistan,Tajikistan,Europe & Central Asia,Lower middle income,10786734,2025,yes,yes,1997,2025,29
TZA,TZ,Tanzania,Tanzania,Sub-Saharan Africa,Lower middle income,70545865,2025,yes,yes,1997,2025,27
THA,TH,Thailand,Thailand,East Asia & Pacific,Upper middle income,71619863,2025,yes,yes,1997,2025,29
TLS,TL,Timor-Leste,Timor-Leste,East Asia & Pacific,Lower middle income,1418517,2025,no,no,2002,2025,24
TGO,TG,Togo,Togo,Sub-Saharan Africa,Lower middle income,8591626,2025,yes,yes,1997,2025,28
TON,TO,Tonga,Tonga,East Asia & Pacific,Upper middle income,103742,2025,no,no,1997,2025,27
TTO,TT,Trinidad and Tobago,Trinidad and Tobago,Latin America & Caribbean,High income,1367764,2025,no,no,1997,2025,28
TUN,TN,Tunisia,Tunisia,"Middle East, North Africa, Afghanistan & Pakistan",Lower middle income,12348573,2025,yes,yes,1997,2025,29
TKM,TM,Turkmenistan,Turkmenistan,Europe & Central Asia,Upper middle income,7618847,2025,yes,yes,1997,2025,26
TCA,TC,Turks and Caicos Islands,Turks and Caicos Islands,Latin America & Caribbean,High income,46855,2025,no,no,,,0
TUV,TV,Tuvalu,Tuvalu,East Asia & Pacific,Upper middle income,9492,2025,no,no,1997,2025,27
TUR,TR,Türkiye,Turkiye,Europe & Central Asia,Upper middle income,85878556,2025,yes,yes,1997,2025,28
UGA,UG,Uganda,Uganda,Sub-Saharan Africa,Low income,51384894,2025,yes,yes,1997,2025,29
UKR,UA,Ukraine,Ukraine,Europe & Central Asia,Upper middle income,38980376,2025,yes,yes,1997,2025,27
ARE,AE,United Arab Emirates,United Arab Emirates,"Middle East, North Africa, Afghanistan & Pakistan",High income,11513149,2025,yes,yes,1997,2025,29
GBR,GB,United Kingdom,United Kingdom,Europe & Central Asia,High income,69487000,2025,yes,yes,1997,2025,29
USA,US,United States,United States,North America,High income,341784857,2025,yes,yes,1997,2025,28
URY,UY,Uruguay,Uruguay,Latin America & Caribbean,High income,3384688,2025,no,yes,1997,2025,29
UZB,UZ,Uzbekistan,Uzbekistan,Europe & Central Asia,Lower middle income,37053428,2025,yes,yes,1997,2025,28
VUT,VU,Vanuatu,Vanuatu,East Asia & Pacific,Lower middle income,335169,2025,no,no,1999,2025,27
VEN,VE,Venezuela,"Venezuela, RB",Latin America & Caribbean,Lower middle income,28516896,2025,yes,yes,1997,2025,25
VNM,VN,Vietnam,Viet Nam,East Asia & Pacific,Upper middle income,101598527,2025,yes,yes,1997,2025,29
VIR,VI,Virgin Islands (U.S.),Virgin Islands (U.S.),Latin America & Caribbean,High income,103792,2025,no,no,,,0
PSE,PS,West Bank and Gaza,West Bank and Gaza,"Middle East, North Africa, Afghanistan & Pakistan",Lower middle income,5413596,2025,yes,yes,,,0
YEM,YE,Yemen,"Yemen, Rep.","Middle East, North Africa, Afghanistan & Pakistan",Low income,41773878,2025,yes,yes,1998,2025,28
ZMB,ZM,Zambia,Zambia,Sub-Saharan Africa,Lower middle income,21913874,2025,yes,yes,1997,2025,29
ZWE,ZW,Zimbabwe,Zimbabwe,Sub-Saharan Africa,Lower middle income,16950795,2025,yes,yes,1997,2025,29
