transfer_id,player,from_club,to_club,date,fee_without_dec404,fee_with_dec404,earlier_report,earlier_url,completion_report,completion_url,status_after,on_list
Tfb137fbff4,David Lowe,ipswich_town,leicester_city,1992-07-13,250000.00,200000.00,"DAVID LOWE, the former Wigan and England Under-21 striker, has left Ipswich Town for Leicester City for pounds 250,000.",https://www.the-independent.com/sport/sport-in-short-football-1534815.html,"David Lowe, Leicester City's recent pounds 200,000 signing from Ipswich Town",https://www.independent.co.uk/sport/football-keegan-quandry-1538974.html,VERIFIED,source round 1 list A
T326866f1a2,Tony Daley,aston_villa,wolves,1994-05-31,1300000.00,1250000.00,"Daley, whose best season was in 1989-1990 when Taylor was in charge at Villa Park, will cost pounds 1.3m.",https://www.the-independent.com/sport/football-daley-set-to-be-taylor-s-first-buy-1436647.html,"Tony Daley, Villa's former England winger, completed his move to Molineux for a pounds 1.25m fee.",https://www.the-independent.com/sport/football-taylor-unveils-new-staff-1419733.html,VERIFIED,source round 2
Td1579c4045,Paul Kitson,derby_county,newcastle_united,1994-09-26,2500000.00,2250000.00,"Paul Kitson, the Derby County striker whose pounds 2.5m move",https://www.independent.co.uk/sport/football-albert-off-as-rush-makes-point-1450912.html,"Paul Kitson, their recent pounds 2.25m signing from Derby County,",https://www.independent.co.uk/sport/football-wednesday-hit-by-yardstick-1444768.html,VERIFIED,source round 1 list A
T33c571dfa2,Efan Ekoku,norwich_city,wimbledon_fc,1994-10-14,920000.00,900000.00,"Wimbledon's previous transfer record of pounds 920,000 paid to Norwich for Efan Ekoku in October 1994.",https://www.independent.co.uk/sport/football-pounds-2-6m-bowyer-signs-for-leeds-1327284.html,"Efan Ekoku […] a pounds 900,000 deal",https://www.independent.co.uk/sport/from-philippe-albert-to-tony-yeboah-a-complete-guide-to-the-comings-an-d-goings-of-the-premiership-s-84-overseas-players-1361670.html,UNVERIFIED,source round 1 list A
T621fe86b26,Lars Bohinen,nottingham_forest,blackburn_rovers,1995-10-01,700000.00,750000.00,"at any time to any club prepared to pay the pounds 700,000 fee. Clark, choosing his words carefully, said: ""Lars is not",https://www.independent.co.uk/sport/bohinen-incurs-forest-wrath-1576271.html,"otland's Billy McKinlay arrived from Dundee United for pounds 1.75m while Norway's Lars Bohinen finalised his cut-price pounds 750,000 move",https://www.the-independent.com/sport/petrescu-moves-to-chelsea-for-pounds-2-3m-1577609.html,VERIFIED,other
T23bf707f5a,Faustino Asprilla,Parma,newcastle_united,1996-02-08,6700000.00,7500000.00,"not yet been granted. Newcastle paid the Italian club, Parma, pounds 6.7m, for Asprilla, but Branco, who was a free agent after",https://www.independent.co.uk/sport/asprilla-and-branco-join-the-import-club-1318141.html,"international, who joined Newcastle from Parma in February 1996 for pounds 7.5m, went about training as usual, but the heart the fans",https://www.the-independent.com/sport/football-asprilla-s-new-tune-hits-the-wrong-note-with-toon-army-1138997.html,VERIFIED,other
Ta1a27c9a4b,David Batty,blackburn_rovers,newcastle_united,1996-02-24,3750000.00,4000000.00,spending a modest pounds 3.75m to make David Batty,https://www.independent.co.uk/sport/everton-find-forest-wanting-1321088.html,David Batty […] pounds 4m signing of the Blackburn midfielder.,https://www.independent.co.uk/sport/mccarthy-s-irish-springbok-1339751.html,VERIFIED,source round 1 list A
T74b189dab0,Ronny Johnsen,Beşiktaş,manchester_united,1996-07-10,1200000.00,1500000.00,"international defender Ronny Johnsen from another Turkish club, Besiktas, for pounds 1.2m on a five-year deal, while his international colleague, the striker",https://www.the-independent.com/sport/di-matteo-seals-move-to-chelsea-1327518.html,"Ronny Johnsen Defender Nationality: Norwegian Age: 26 Arrived from: Besiktas (pounds 1.5m) July 1996 Not the biggest name at United, but has",https://www.the-independent.com/sport/from-philippe-albert-to-tony-yeboah-a-complete-guide-to-the-comings-an-d-goings-of-the-premiership-s-84-overseas-players-1361670.html,VERIFIED,other
T31a8ab694e,Ramon Vega,Cagliari,tottenham_hotspur,1997-01-07,3000000.00,3750000.00,Ramon Vega from Cagliari for pounds 3m.,https://www.independent.co.uk/sport/spurs-secure-swiss-defender-vega-for-pounds-3m-1282102.html,"Ramon Vega, […] The pounds 3.75m recruit from Cagliari",https://www.the-independent.com/sport/football-forest-capitalise-on-vega-s-dismissal-1284112.html,VERIFIED,source round 1 list A
T42de4b5d8b,Martin Dahlin,Roma,blackburn_rovers,1997-07-08,2500000.00,2000000.00,Martin Dahlin (forward) Roma to Blackburn Rovers (pounds 2.5m).,https://www.independent.co.uk/sport/football-5559560.html,"Martin Dahlin, the Swedish international signed in the summer for pounds 2m from Roma",https://www.independent.co.uk/sport/football-sutton-s-striking-signal-for-hoddle-1236877.html,VERIFIED,source round 1 list B
T099fb33f54,David Ginola,newcastle_united,tottenham_hotspur,1997-07-31,2600000.00,2000000.00,Ginola's personal requirements jumping ship at Newcastle United. The 30-year-old French winger will join Tottenham for a fee of around pounds 2.6m,https://www.independent.co.uk/sport/sugar-sweetens-ginola-s-move-to-spurs-1250845.html,David Ginola completed his pounds 2m move to Spurs yesterday,https://www.independent.co.uk/sport/graham-leaves-leeds-famous-five-behind-1250976.html,VERIFIED,source round 1 list B
T19bdb14b3c,Brad Friedel,Columbus Crew,liverpool,1997-12-19,1000000.00,1300000.00,"It ends a three-month saga, with Liverpool wanting to buy Friedel from American club Columbus Crew for pounds 1m.",https://www.independent.co.uk/news/education/education-news/football-liverpool-win-appeal-over-friedel-s-work-permit-1289836.html,Friedel has yet to appear for Liverpool since his pounds 1.3m move from the Major League Soccer club Columbus Crew,https://www.independent.co.uk/sport/football-friedel-may-leave-anfield-1138648.html,VERIFIED,source round 2
T8867d9a8f1,Robert Jarni,coventry_city,Real Madrid,1998-08-15,3350000.00,3150000.00,"Robert Jarni, who never played for them, to Real Madrid today for pounds 3.35m",https://www.independent.co.uk/sport/football-kinnear-poised-to-sign-defender-1172911.html,Coventry yesterday completed the £3.15 million sale of Robert Jarni to Real Madrid,https://www.irishtimes.com/sport/soccer-news-1.184933,VERIFIED,source round 1 list B
T51d6c04ee5,Brian Deane,Benfica,middlesbrough,1998-10-12,3000000.00,3500000.00,Brian Deane (forward); Benfica (Por) to Middlesbrough (pounds 3m),https://www.independent.co.uk/sport/football-this-week-s-transfers-1178975.html,"Brian Deane, Boro's pounds 3.5m signing from Benfica,",https://www.the-independent.com/sport/football-gayle-finds-the-perfect-balance-1180432.html,VERIFIED,source round 1 list B
T8a33680cd3,Nwankwo Kanu,Internazionale,arsenal,1999-01-15,4500000.00,3000000.00,Kanu flew back to Italy. The fee has not been disclosed but is believed to be around pounds 4.5m.,https://www.independent.co.uk/sport/football-arsenal-capture-kanu-for-pounds-4-5m-1074331.html,The Arsenal manager signed Kanu for pounds 3m from Internazionale two weeks ago,https://www.the-independent.com/sport/football-diawara-joins-arsenal-s-french-contingent-1077014.html,VERIFIED,source round 1 list B
T24c63f1f8d,Paolo Di Canio,sheffield_wednesday,west_ham,1999-01-27,2000000.00,1500000.00,"Di Canio, who cost in the region of £2million,",https://www.theguardian.com/football/1999/jan/27/newsstory.sport,West Ham sign £1.5m Di Canio,https://www.theguardian.com/football/1999/jan/28/newsstory.sport,VERIFIED,source round 1 list B
T5697146ef3,Lee Carsley,derby_county,blackburn_rovers,1999-03-22,3300000.00,3375000.00,"BLACKBURN HAVE agreed a pounds 3.3m fee with Derby for their midfielder, Lee Carsley,",https://www.the-independent.com/sport/football-carsley-set-for-move-to-ewood-1081891.html,Carsley […] pounds 3.375m.,https://www.independent.co.uk/sport/football-frustrated-smith-sees-campbell-as-saviour-1082539.html,VERIFIED,source round 1 list B
T2853f2b383,Richard Cresswell,York City,sheffield_wednesday,1999-03-25,950000.00,1000000.00,"Cresswell (f) York to Sheff Wed (pounds 950,000)",https://www.independent.co.uk/sport/football-deadline-day-transfers-1083135.html,"Richard Cresswell, bought on deadline-day from York for pounds 1m,",https://www.the-independent.com/sport/football-city-stresses-relieved-by-calm-mcallister-1085244.html,VERIFIED,source round 1 list B
Td0804c9b4a,David Wetherall,leeds_united,bradford_city,1999-06-30,2000000.00,1400000.00,Wetherall opened talks with City. The two clubs have agreed a fee of £2m.,https://www.theguardian.com/football/1999/jun/30/newsstory.sport,Bradford have completed the £1.4m signing of David Wetherall from Leeds,https://www.theguardian.com/football/1999/jul/01/newsstory.sport1,VERIFIED,source round 1 list B
Td9514cf753,Eyal Berkovic,west_ham,Celtic,1999-07-08,5500000.00,5750000.00,Berkovic. West Ham United have confirmed that a pounds 5.5m offer has been agreed with Celtic,https://www.independent.co.uk/sport/football-spurs-to-recruit-bridges-for-pounds-5m-1105264.html,Eyal Berkovic completed his pounds 5.75m move from West Ham to Celtic yesterday.,https://www.independent.co.uk/sport/football-tottenham-face-competition-for-bridges-1105546.html,VERIFIED,source round 1 list B
Tf169e35d28,Christian Karembeu,Real Madrid,middlesbrough,2000-07-05,2250000.00,2100000.00,Christian Karembeu will complete his £2.25m move from Real Madrid to Middlesbrough after Euro 2000.,https://www.theguardian.com/football/2000/jun/15/newsstory.sport,"Karembeu, 29, has joined Boro from Real Madrid for £2.1m",https://www.theguardian.com/football/2000/jul/06/newsstory.sport9,VERIFIED,source round 1 list B
T5b32fd5abf,David Thompson,liverpool,coventry_city,2000-08-02,2750000.00,2500000.00,David Thompson to Coventry for £2.75m.,https://www.independent.co.uk/incoming/keane-in-milan-to-finalise-pound-12m-deal-709309.html,Coventry have bought David Thompson from Liverpool for £2.5m.,https://www.theguardian.com/football/2000/aug/02/thefiver.sport,VERIFIED,source round 1 list B
Td4b24fee0b,Darren Holloway,sunderland,wimbledon_fc,2000-10-03,500000.00,1300000.00,"Dons boss Terry Burton has also agreed a £500,000 fee for Sunderland defender Darren Holloway.",https://www.theguardian.com/football/2000/oct/03/newsstory.sport6,the new £1.3m signing Darren Holloway,https://www.independent.co.uk/sport/football/football-league/asaba-crowns-an-extravaganza-637477.html,VERIFIED,source round 1 list B
T2f6e5b1049,Clarence Acuña,Universidad de Chile,newcastle_united,2000-10-31,700000.00,1000000.00,"agreed a £700,000 deal for University of Chile midfielder Clarence Acuna.",https://www.theguardian.com/football/2000/sep/29/newsstory.sport5,"Clarence Acuna was on Tyneside yesterday undergoing a medical, and will complete his £1m move from Universidad de Chile",https://www.theguardian.com/football/2000/oct/10/newsstory.sport2,VERIFIED,source round 1 list B
T2de816a352,Chris Makin,sunderland,ipswich_town,2001-03-07,2000000.00,1250000.00,Ipswich's £2m bid for defender Chris Makin.,https://www.theguardian.com/football/2001/mar/06/thefiver.sport,Ipswich completed the signing of the Sunderland defender Chris Makin for £1.25m.,https://www.theguardian.com/football/2001/mar/08/newsstory.sport4,VERIFIED,source round 1 list B
T2590ace874,Laurent Robert,PSG,newcastle_united,2001-08-01,10500000.00,10000000.00,Newcastle capture Robert for £10.5m,https://www.the-independent.com/sport/football/premier-league/newcastle-capture-robert-for-ps10-5m-9164811.html,Laurent Robert has completed his £10m move to Newcastle United.,https://www.theguardian.com/football/2001/aug/01/newsstory.sport12,VERIFIED,source round 1 list B
Tdc9bdce94c,Michael Ball,everton,Rangers,2001-08-17,7000000.00,6000000.00,Ball's pay demands hold up £7m,https://www.independent.co.uk/sport/football/news/ball-s-pay-demands-hold-up-ps7m-move-to-rangers-9257063.html,Ball has completed his protracted £6m move,https://www.theguardian.com/football/2001/aug/18/newsstory.sport5,VERIFIED,source round 1 list B
Tf9bb0d3eb3,Allan Johnston,Rangers,middlesbrough,2001-09-09,1000000.00,600000.00,a £1 million sterling deal with Rangers for winger Allan Johnston.,https://www.irishtimes.com/news/middlesbrough-agree-johnston-fee-1.391912,"Allan Johnston today joined Middlesbrough from Rangers in a £600,000 deal.",https://www.theguardian.com/football/2001/aug/31/thefiver.sport,VERIFIED,source round 1 list B
Td9f030630e,Robbie Fowler,leeds_united,manchester_city,2003-01-30,7000000.00,3000000.00,"Fowler, who has been sidelined for much of this season with injury ... agreed a deal of around £7million",https://irishtimes-irishtimes-prod.cdn.arcpublishing.com/news/fowler-agrees-terms-with-man-city-1.456492,"""The transfer was completed today for an agreed fee of £3m cash [€4.5m] with further payments of up to £3m [€4.5m] based",https://www.uefa.com/news-media/news/018d-0f8448103a15-81501ad9a492-1000--keegan-delight-as-fowler-signs,VERIFIED,source round 2
T4ea15cdd2c,Ricardo Carvalho,Porto,chelsea,2004-07-27,16500000.00,19838645.68,lose Carvalho but could not resist the astonishing fee of £16.5m up front and a further £3.5m dependent on appearances. It makes,https://www.independent.co.uk/sport/football/premier-league/chelsea-sign-carvalho-from-porto-in-pound-20m-deal-554687.html,"signed the Portuguese international defender Ricardo Carvalho from Porto for €30m (£19.8m). Carvalho, who arrived in London on Tuesday night, passed a",https://www.theguardian.com/football/2004/jul/28/newsstory.chelsea,VERIFIED,other
Tabff29e108,Robert Earnshaw,cardiff_city,west_brom,2004-08-30,3400000.00,3000000.00,"captain of the Hungarian national team, and Robert Earnshaw, the £3.4m acquisition from Cardiff City, both started on the bench. Since what",https://www.independent.co.uk/sport/football/premier-league/garcia-s-attacking-drive-turns-screw-on-megson-31868.html,"Wanderers 2-1. This they achieved without Robert Earnshaw, their record £3m signing from Cardiff City. The West Brom manager Gary Megson left",https://www.independent.co.uk/sport/football/premier-league/moving-to-wales-was-just-like-starting-my-life-again-550752.html,VERIFIED,other
Te8dd2b5357,Florent Malouda,Lyon,chelsea,2007-07-10,13500000.00,13000000.00,"debut. Malouda, who recently arrived at Stamford Bridge following a £13.5million summer move from Lyon, produced a man-of-the-match display and",https://www.skysports.com/football/news/2609938/drogba-delight-at-malouda,"the Frenchman, who moved to Stamford Bridge from Lyon for £13million in July, said: ""I just want the fans to know that",https://www.skysports.com/football/news/11668/2945509/malouda-happy-at-chelsea,VERIFIED,other
T4a1aeeb68c,Luka Modrić,Dinamo Zagreb,tottenham_hotspur,2008-04-29,16625762.01,18209167.92,Luka Modrić has agreed to join English Premier League side Tottenham Hotspur FC from NK Dinamo Zagreb for a reported €21m fee,https://www.uefa.com/uefaeuro/history/news/0254-0d7bd3d70ad9-aab722b61fda-1000--modric-to-make-spurs-move/,Singing the contract where Dinamo receives €23 million in compensation from Tottenham completed the ten month battle for Luka Modric,https://arhiva.nacional.hr/en/clanak/45008/midnight-transfer-at-hotel-westin,VERIFIED,source round 2
Tbe4e53662f,Craig Cathcart,manchester_united,blackpool,2010-08-11,350000.00,500000.00,"C Cathcart (Man United, £350,000)",https://www.independent.co.uk/sport/football/premier-league/club-guide-blackpool-2052178.html,"Craig Cathcart (Man Utd, £500k)",https://www.theguardian.com/football/2010/aug/20/premier-league-transfer-window,VERIFIED,other
T7f2785a440,Bryan Ruiz,FC Twente,fulham,2011-08-31,10600000.00,9949637.64,Fulham gazumped Newcastle to complete the signing of FC Twente forward Bryan Ruiz for a fee believed to be £10.6million,https://amp.foxsports.com/stories/soccer/ruiz-snubs-newcastle-for-fulham-move,"Ruiz, who has joined Fulham for an undisclosed fee reported in sections of the British media to be around 10 million pounds",https://amp.foxsports.com/stories/soccer/ruiz-sa-join-fulham-on-deadline-day,VERIFIED,source round 2
T872a30747a,Jay Rodriguez,burnley,southampton,2012-06-10,7000000.00,6000000.00,four-year deal for a reported club record fee of around £7m. Saints had an offer for the 22-year-old accepted at the end,https://www.bbc.co.uk/sport/football/18372855,"not been officially disclosed but is understood to be worth £6m, which breaks Southampton's long-standing transfer record, set when they signed",https://www.theguardian.com/football/2012/jun/10/jay-rodriguez-southampton-transfer,VERIFIED,source round 2
T3093e2b0ac,Olivier Giroud,Montpellier,arsenal,2012-06-26,13000000.00,12000000.00,"Giroud, who is part of Laurent Blanc's Euro 2012 squad, is thought to command a fee in the region of £13million.",https://amp.foxsports.com/stories/soccer/arsenal-closing-on-montpellier-star,Olivier Giroud has joined Arsenal ... The club did not disclose the transfer fee but media reports said it was around 12 million pounds.,https://fourfourtwo.com/news/england/104533/default.aspx,VERIFIED,source round 2
Tf7e6b0f19d,Luka Modrić,tottenham_hotspur,Real Madrid,2012-08-27,23666771.85,27870729.69,LUKE MODRIC IS poised to fly to Spain tomorrow to finalise a €30 million move from Tottenham Hotspur to Real Madrid.,https://the42.ie/559981,"Spanish media reported Real would pay $43.81m, plus a possible eight million in add-ons, for Modric",https://www.aljazeera.com/sport/football/2012/08/201282711438757296.html,VERIFIED,source round 2
Tf59c4c545b,Tom Huddlestone,tottenham_hotspur,hull_city,2013-08-14,5000000.00,5250000.00,"a three-year deal for a fee in the region of £5m, while fellow midfielder Livermore, 23, moves on a season-long loan.",https://www.bbc.co.uk/sport/football/23699608,news: Tottenham midfielder Tom Huddlestone completes Hull City switch in £5.25m deal | The Independent | The Independent Thank you for registering,https://www.independent.co.uk/sport/football/transfers/transfer-news-tottenham-midfielder-tom-huddlestone-completes-hull-city-switch-in-ps5-25m-deal-8761413.html,VERIFIED,other
Tadfc57a4f9,Willian,Anzhi Makhachkala,chelsea,2013-08-28,25500000.00,32000000.00,for a fee thought to be in the region of £25.5m. More from Football Who came out on top? - All the,https://www.skysports.com/football/news/11668/8893587/transfer-news-chelsea-complete-signing-of-willian-from-anzhi-makhachkala,has secured his work permit to join Chelsea in a £32m deal from Anzhi Makhachkala. Photograph: Peter Steffen/EPA Chelsea This article,https://www.theguardian.com/football/2013/aug/28/willian-signs-chelsea-five-year-deal,VERIFIED,phase 2 same-grade conflict
Te233992648,David Luiz,chelsea,Paris Saint-Germain,2014-06-13,40000000.00,50000000.00,"fair play (FFP) rules, PSG are reported to be paying £40m for Luiz - a transfer record for a defender. ""Right from",https://www.bbc.co.uk/sport/football/27545046,"move from Chelsea to PSG David Luiz has completed his £50m move from Chelsea to Paris Saint-Germain, the French club have confirmed.",http://www1.skysports.com/football/news/11668/9348040/transfer-news-paris-saint-germain-confirm-16350million-purchase-of-chelseas-david-luiz,VERIFIED,phase 2 same-grade conflict
T9a833580fb,Luke Shaw,southampton,manchester_united,2014-06-27,27000000.00,30000000.00,Luke Shaw: Man Utd sign Southampton defender for £27m - BBC Sport BBC Homepage Skip to content Accessibility Help Your,https://www.bbc.co.uk/sport/football/28048866,"week Luke Shaw has joined Manchester United in a reported £30m switch from Southampton, making him the world's most expensive teenager. The",https://www.thefa.com/news/2014/jun/27/luke-shaw-signs-for-man-utd-270614,VERIFIED,source round 2; phase 2 same-grade conflict
T86bd7341b8,Roberto Firmino,TSG Hoffenheim,liverpool,2015-06-24,29000000.00,21300000.00,"Hoffenheim on a five-year deal for a fee of about £29m. The 23-year-old's deal is subject to a medical, which will take",https://www.bbc.co.uk/sport/football/33250535,Image: Roberto Firmino: Will join Liverpool for initial fee of £21.3m Liverpool have completed the signing of Brazil forward Roberto Firmin,https://www.skysports.com/football/news/9893697/liverpool-sign-roberto-firmino-from-hoffenheim,VERIFIED,other
T7162b1f863,Matt Phillips,qpr,west_brom,2016-07-06,5500000.00,5000000.00,[…] announced the signing of forward Matt Phillips from QPR ... offer reported to be worth £5.5million was accepted by the Championship outfit,https://www.beinsports.com/en-mena/articles/west-brom-complete-phillips-signing-1,New-boy Matt Phillips has impressed the West Brom coaching staff so far ... his £5million switch from Championship side Queens Park Rangers,https://expressandstar.com/sport/football/west-bromwich-albion/2016/07/25/matt-phillips-catching-the-eye-at-west-brom,VERIFIED,source round 2
T0e9294f356,David Luiz,Paris Saint-Germain,chelsea,2016-08-31,30000000.00,34000000.00,Chelsea re-sign David Luiz from Paris Saint-Germain for £30m | Football News | Sky Sports Skip to main content Sky,https://www.skysports.com/football/news/10559382/chelsea-re-sign-david-luiz-from-paris-saint-germain-for-30m,David Luiz completes shock return to Chelsea from PSG for £34m This article is more than 10 years old Brazil defender moves,https://www.theguardian.com/football/2016/aug/31/david-luiz-shock-return-chelsea-34m-transfer-psg,VERIFIED,other
Tebf3bf1236,Islam Slimani,Sporting CP,leicester_city,2016-08-31,29000000.00,28000000.00,"Sporting Lisbon for a fee believed to be a club-record £29m. The 28-year-old forward, who has agreed a five-year deal, left Alger",https://www.bbc.co.uk/sport/football/37217072,Islam Slimani to Leicester City: Premier League champions confirm club-record £28m signing from Sporting Lisbon | The Independent | The Independent Than,https://www.independent.co.uk/sport/football/transfers/islam-slimani-to-leicester-city-premier-league-champions-confirm-clubrecord-ps28m-signing-from-sporting-lisbon-a7218901.html,VERIFIED,other
T5c1a84c653,Antonio Rüdiger,Roma,chelsea,2017-07-09,29000000.00,31025618.30,the arrival of Roma defender Antonio Rudiger ... The 24-year-old Germany international will cost the Stamford Bridge club an initial £29million,https://www.sportinglife.com/football/news/chelsea-sign-defender-rudiger/85640,clinched a deal worth an initial €35 million to sign German defender Antonio Rudiger from Roma.,https://www.thescore.com/news/1331582,VERIFIED,source round 2
Tc3b388f707,Álvaro Morata,Real Madrid,chelsea,2017-07-21,58000000.00,60000000.00,initial fee for Morata is £58m (€65.6m),https://www.skysports.com/football/news/11668/10954266/chelsea-agree-fee-with-real-madrid-for-alvaro-morata,20 caps for Spain Chelsea have completed the club record £60m signing of striker Alvaro Morata from Real Madrid on a five-year,https://www.bbc.co.uk/sport/football/40667600,VERIFIED,other
T03737f46ff,Lucas Torreira,Sampdoria,arsenal,2018-07-10,26000000.00,25000000.00,Lucas Torreira from Sampdoria ... Goal understands that the Gunners have paid £26 million (€30m/$34m),https://www.goal.com/en-au/news/arsenal-confirm-30m-signing-of-torreira-from-sampdoria/auw5n4byr2qo17nuuk8nta2x1,Arsenal has officially completed the transfer of Lucas Torreira ... signing the Uruguay star from Serie A side Sampdoria for a reported £25 million.,https://www.thescore.com/news/1569375,VERIFIED,source round 2
T798dc68256,Aaron Wan-Bissaka,crystal_palace,manchester_united,2019-06-28,45000000.00,50000000.00,£45m up front,https://www.bbc.co.uk/sport/football/48784655,Manchester United have completed the signing of Crystal Palace full-back Aaron Wan-Bissaka in a deal worth £50 million,https://www.goal.com/en/news/man-utd-complete-50m-wan-bissaka-signing/cjl4z6za6w9s13p5kqav7kznv,UNVERIFIED,source round 2
Tf725085ea3,Jack Clarke,leeds_united,tottenham_hotspur,2019-07-02,10000000.00,9000000.00,LEEDS UNITED winger Jack Clarke is close to completing a move to Premier League outfit Tottenham Hotspur for an initial £10m fee,https://www.yorkshirepost.co.uk/sport/football/leeds-united/latest-leeds-united-news/leeds-united-winger-jack-clarke-on-way-to-spurs-for-ps10m-while-sheffield-wednesday-close-in-on-winger-1753629,Tottenham Hotspur have completed the permanent signing of Leeds United winger Jack Clarke ... for an initial fee of £9million,https://www.yorkshireeveningpost.co.uk/sport/football/leeds-united/latest-leeds-united-news/jack-clarke-rejoins-leeds-united-on-loan-after-completing-tottenham-hotspur-switch-479248,VERIFIED,other
Taa76770754,Rodri,Atlético Madrid,manchester_city,2019-07-04,68200000.00,62800000.00,[Newcastle - Leicester] £30m Rodri [Atletico Madrid - Manchester City] £68.2m English Football League Dan Bowry [Charlton - Cheltenham] Free Jevani Brown,https://www.bbc.co.uk/sport/48827145,"team after moving from Atletico Madrid for a club record £62.8m. Rodri, 23, joins on a five-year deal and is City boss",https://www.bbc.co.uk/sport/football/48869881,VERIFIED,other
T65268c3eac,Diogo Jota,wolves,liverpool,2020-09-19,40000000.00,41000000.00,"the signing of Jota from Wolves for a fee of £40m , which could rise to £45m Transfer Centre LIVE! Liverpool sign",https://www.skysports.com/football/news/11699/12075929/diogo-jota-liverpool-is-the-right-place-for-wolves-forward-says-nuno-espirito-santo,signing of Portugal forward Diogo Jota from Wolves in a £41m deal that could rise to £45m with add-ons. The 23-year-old has,https://www.bbc.co.uk/sport/football/54214671,VERIFIED,other
Td2e9374a60,Marc Guéhi,chelsea,crystal_palace,2021-07-18,20000000.00,18000000.00,Crystal Palace to sign Chelsea FC defender Marc Guehi in £20m deal,https://uk.sports.yahoo.com/news/crystal-palace-sign-chelsea-fc-114836728.html,"Marc Guehi has completed his £18million switch from Chelsea to Crystal Palace, signing a five-year deal with the Eagles.",https://www.sportinglife.com/football/news/guehi-completes-palace-move/193261,VERIFIED,other
T11903a3330,Kristoffer Ajer,Celtic,brentford,2021-07-21,13000000.00,13500000.00,Ajer is set to complete a transfer move from Celtic to Brentford ... agreed a transfer fee with Celtic in the region of £13m,https://news.stv.tv/sport/ajer-set-to-complete-move-from-celtic-to-brentford,Premier League side Brentford have signed Kristoffer Ajer from Celtic for £13.5 million.,https://www.tntsports.co.uk/football/premier-league/2021-2022/football-news-brentford-confirm-record-13.5m-kristoffer-ajer-signing-from-celtic-ahead-of-premier-le_sto8428999/story.shtml,VERIFIED,source round 2
Te327aafdfb,Kalvin Phillips,leeds_united,manchester_city,2022-07-04,42000000.00,45000000.00,"on a six-year contract. City agreed a basic fee of £42million with Leeds for the England international last month, with a potential",https://www.skysports.com/football/news/12640261/kalvin-phillips-man-city-complete-transfer-of-leeds-united-midfielder,Manchester City have signed Leeds United midfielder Kalvin Phillips for £45m. The 26-year-old England international has signed a six-year deal with the,https://www.bbc.co.uk/sport/football/62036061,VERIFIED,other
T6d8eef43f2,Raheem Sterling,manchester_city,chelsea,2022-07-13,47500000.00,50000000.00,Raheem Sterling: Chelsea agree £47.5m fee with Man City for forward | Transfer Centre News |,https://www.skysports.com/football/news/11668/12649121/chelsea-agree-47-5m-sterling-fee,"of England forward Raheem Sterling from Manchester City in a £50m deal. Sterling, 27, has signed a five-year contract at Stamford Bridge.",https://www.bbc.co.uk/sport/football/62155029,VERIFIED,other
T6e4c7b6f38,Alexander Isak,Real Sociedad,newcastle_united,2022-08-26,60000000.00,58000000.00,Sociedad on a long-term deal understood to be worth about £60m. The 22-year-old becomes the Magpies' fourth signing of the summer after,https://www.bbc.co.uk/sport/football/62659383,Sociedad frontman completed a move understood to be worth around £58million on Friday afternoon when he put pen to paper on a,https://www.independent.co.uk/sport/football/eddie-howe-alexander-isak-newcastle-xfactor-callum-wilson-b2153485.html,VERIFIED,source round 2
T446e0581f8,Saša Kalajdžić,VfB Stuttgart,wolves,2022-08-31,15400000.00,15000000.00,Wolves have agreed a fee of around £15.4m for Stuttgart striker Sasa Kalajdzic.,https://shropshirestar.com/sport/football/wolverhampton-wanderers-fc/2022/08/29/wolves-agree-154m-deal-for-stuttgart-striker-sasa-kalajdzic,Wolverhampton Wanderers have completed the signing of Austrian centre-forward Sasa Kalajdzic from VfB Stuttgart for £15m.,https://www.tntsports.co.uk/football/transfers/2022-2023/wolves-announce-signing-of-austrian-centre-forward-sasa-kalajdzic-from-vfb-suttgart-in-15m-deal_sto9112211/story.shtml,VERIFIED,source round 2
T49eccf989c,Harry Kane,tottenham_hotspur,Bayern Munich,2023-08-12,100000000.00,86400000.00,curtain down on 19 years with Tottenham Player confirms his £100m departure in video on social media PA Media Sat 12 Aug,https://www.theguardian.com/football/2023/aug/12/time-to-leave-harry-kane-signs-off-from-spurs-to-join-bayern-munich,at Tottenham. The striker signs for an initial 100m euros (£86.4m) plus add-ons and could make his debut in Saturday's German Super,https://www.bbc.co.uk/sport/football/66484550,VERIFIED,other
T0791f4a294,Kiernan Dewsbury-Hall,chelsea,everton,2025-08-06,28000000.00,24754332.01,"Dewsbury-Hall from Chelsea for an undisclosed fee, reported to be around £28 million.",https://www.lbc.co.uk/news/sport/everton-sign-kiernan-dewsbury-hall/,Kiernan Dewsbury-Hall from Premier League rival Chelsea on Wednesday ... joined for a reported fee of around 25 million pounds ($33 million),https://www.thescore.com/epl/news/3321185/sms:,UNVERIFIED,source round 2
T4928f00050,Antoine Semenyo,bournemouth,manchester_city,2026-01-09,65000000.00,62500000.00,Semenyo: Manchester City sign Bournemouth winger in deal worth about £65m - BBC Sport BBC Homepage Skip to content Accessibility Help Your,https://www.bbc.co.uk/sport/football/articles/c801yv529z7o,"had to be activated before Saturday, and they will pay £62.5m across 24 monthly instalments plus bonuses. He has signed a contract",https://www.bbc.co.uk/sport/football/articles/c801yv529z7o,VERIFIED,other
T73bd3bd8b9,Rasmus Højlund,manchester_united,Napoli,2026-06-29,38505096.26,43850509.63,Reports claim Napoli have ... 44 million euros ($51 million) to sign Hojlund.,https://citizen.digital/article/hojlund-makes-permanent-move-to-napoli-from-man-utd-n383923,Napoli have signed Denmark striker Rasmus Hojlund ... 50 million euros ($58.08 million) fee,https://bdnews24.com/sport/07faaf7bda0a,UNVERIFIED,source round 2
T50c4e095d8,Rodri,manchester_city,Barcelona,2026-08-18,65400000.00,51308363.26,"signing of Rodri from Manchester City in a deal worth £65.4m. The Spain World Cup winner and former Ballon d'Or winner, who",https://www.skysports.com/football/news/11095/13574286/rodri-barcelona-complete-lb65-4m-signing-of-spain-midfielder-from-man-city,"Barcelona transfer Show The Spain midfielder Rodri has completed his €60m move from Manchester City to Barcelona, signing a four-year contract after",https://www.theguardian.com/football/2026/aug/18/barcelona-snatch-rodri-from-madrid-and-make-him-new-busquets,VERIFIED,phase 2 same-grade conflict
T60bcf38494,Matias Fernandez-Pardo,Lille,newcastle_united,2026-09-01,55000000.00,51000000.00,Matias Fernandez-Pardo arrives in Newcastle ahead of his 55million move from Lille.,https://www.skysports.com/share/13579415,Newcastle signed Belgium forward Matias Fernandez-Pardo from Lille in a deal worth a reported £51 million ($69 million),https://english.ahram.org.eg/News/575730.aspx,UNVERIFIED,source round 2
