deal_id,date,player,from_club,to_club,type,what_we_need
T044897055f,2019-12-09,Emerson Hyndman,AFC Bournemouth,Atlanta United,undisclosed,a reported fee from club/league or grade A/B press (the clubs did not disclose it)
Tbfeb1ace19,2019-12-24,Pálmi Rafn Arinbjörnsson,Njarðvík,Wolverhampton Wanderers,undisclosed,a reported fee from club/league or grade A/B press (the clubs did not disclose it)
Tfa30b5decb,2020-01-01,Bryan Fiabema,Tromsø,Chelsea,permanent,the fee confirmed at a club/league or grade A/B source (only Wikipedia gives it now)
Tac58475a26,2020-01-01,João Pedro,Fluminense,Watford,undisclosed,a reported fee from club/league or grade A/B press (the clubs did not disclose it)
Tf8a5f7e6ee,2020-01-01,Michael Hector,Chelsea,Fulham,permanent,the fee confirmed at a club/league or grade A/B source (only Wikipedia gives it now)
Tcc2e79f4a0,2020-01-07,Anders Dreyer,Brighton & Hove Albion,FC Midtjylland,undisclosed,a reported fee from club/league or grade A/B press (the clubs did not disclose it)
T9f5e64c3c7,2020-01-07,Ivan Cavaleiro,Wolverhampton Wanderers,Fulham,undisclosed,a reported fee from club/league or grade A/B press (the clubs did not disclose it)
T70f232e90a,2020-01-08,Dennis Srbeny,Norwich City,Paderborn,undisclosed,a reported fee from club/league or grade A/B press (the clubs did not disclose it)
T3b1dfe7804,2020-01-09,Lukáš Hušek,Leicester City,AC Sparta Prague,undisclosed,a reported fee from club/league or grade A/B press (the clubs did not disclose it)
T02fb640131,2020-01-11,Markus Ifill,Swindon Town,Brighton & Hove Albion,undisclosed,a reported fee from club/league or grade A/B press (the clubs did not disclose it)
Tb6e1734081,2020-01-13,Jarrad Branthwaite,Carlisle United,Everton,undisclosed,a reported fee from club/league or grade A/B press (the clubs did not disclose it)
Tca250b84b4,2020-01-13,Kamarl Grant,Croydon,Sheffield United,undisclosed,a reported fee from club/league or grade A/B press (the clubs did not disclose it)
Td1d6c99875,2020-01-13,Lukas Rupp,1899 Hoffenheim,Norwich City,undisclosed,a reported fee from club/league or grade A/B press (the clubs did not disclose it)
T5a99bcb683,2020-01-13,Raúl Uche,Leicester City,Real Valladolid,undisclosed,a reported fee from club/league or grade A/B press (the clubs did not disclose it)
T4304afc2b8,2020-01-14,Joe Powell,West Ham United,Burton Albion,undisclosed,a reported fee from club/league or grade A/B press (the clubs did not disclose it)
T5a8b1b9e4d,2020-01-15,Darren Randolph,Middlesbrough,West Ham United,undisclosed,a reported fee from club/league or grade A/B press (the clubs did not disclose it)
T82b85ffd67,2020-01-15,James Tilley,Brighton & Hove Albion,Grimsby Town,undisclosed,a reported fee from club/league or grade A/B press (the clubs did not disclose it)
T5c028d4b09,2020-01-15,Justin Hubner,Den Bosch,Wolverhampton Wanderers,undisclosed,a reported fee from club/league or grade A/B press (the clubs did not disclose it)
T51561eced6,2020-01-16,Martin Samuelsen,West Ham United,Hull City,undisclosed,a reported fee from club/league or grade A/B press (the clubs did not disclose it)
Te922048e21,2020-01-16,Paris Maghoma,Tottenham Hotspur,Brentford,undisclosed,a reported fee from club/league or grade A/B press (the clubs did not disclose it)
Tb92f864222,2020-01-19,Jonathan Kodjia,Aston Villa,Al-Gharafa,undisclosed,a reported fee from club/league or grade A/B press (the clubs did not disclose it)
T36aee7dda1,2020-01-20,Mbwana Samatta,Genk,Aston Villa,undisclosed,a reported fee from club/league or grade A/B press (the clubs did not disclose it)
Tba3d169b53,2020-01-21,Easah Suliman,Aston Villa,Vitória de Guimarães,undisclosed,a reported fee from club/league or grade A/B press (the clubs did not disclose it)
T5e05e0c66a,2020-01-21,Jack Robinson,Nottingham Forest,Sheffield United,undisclosed,a reported fee from club/league or grade A/B press (the clubs did not disclose it)
Tac2efd5935,2020-01-21,Leonardo Campana,Barcelona,Wolverhampton Wanderers,undisclosed,a reported fee from club/league or grade A/B press (the clubs did not disclose it)
T3d5e3b671b,2020-01-22,Scott Banks,Dundee United,Crystal Palace,undisclosed,a reported fee from club/league or grade A/B press (the clubs did not disclose it)
T573cf80173,2020-01-23,Louie Barry,Barcelona,Aston Villa,permanent,the fee confirmed at a club/league or grade A/B source (only Wikipedia gives it now)
Tcc1cffe8b6,2020-01-24,Aaron Mooy,Huddersfield Town,Brighton & Hove Albion,undisclosed,a reported fee from club/league or grade A/B press (the clubs did not disclose it)
Te54aea8e64,2020-01-24,Marvin Zeegelaar,Watford,Udinese,undisclosed,a reported fee from club/league or grade A/B press (the clubs did not disclose it)
T5850ab1136,2020-01-24,Nigel Lonwijk,PSV Eindhoven,Wolverhampton Wanderers,undisclosed,a reported fee from club/league or grade A/B press (the clubs did not disclose it)
Tffb145866b,2020-01-25,James Husband,Norwich City,Blackpool,undisclosed,a reported fee from club/league or grade A/B press (the clubs did not disclose it)
T0824b7c664,2020-01-28,Christian Eriksen,Tottenham Hotspur,Inter Milan,undisclosed,a reported fee from club/league or grade A/B press (the clubs did not disclose it)
Tb7fb833d4c,2020-01-28,Giovani Lo Celso,Real Betis,Tottenham Hotspur,undisclosed,a reported fee from club/league or grade A/B press (the clubs did not disclose it)
T95bf11cb5a,2020-01-28,Henri Ogunby,Manchester City,Burnley,undisclosed,a reported fee from club/league or grade A/B press (the clubs did not disclose it)
T0d37ce300a,2020-01-28,Melvin Sitti,Sochaux,Norwich City,undisclosed,a reported fee from club/league or grade A/B press (the clubs did not disclose it)
Tf78e379627,2020-01-29,Aaron Pressley,Aston Villa,Brentford,undisclosed,a reported fee from club/league or grade A/B press (the clubs did not disclose it)
Tddb726d54d,2020-01-29,Antony Evans,Everton,SC Paderborn,undisclosed,a reported fee from club/league or grade A/B press (the clubs did not disclose it)
T9989681e67,2020-01-30,Daniel Podence,Olympiacos,Wolverhampton Wanderers,undisclosed,a reported fee from club/league or grade A/B press (the clubs did not disclose it)
T3631fba68e,2020-01-30,Gaëtan Bong,Brighton & Hove Albion,Nottingham Forest,undisclosed,a reported fee from club/league or grade A/B press (the clubs did not disclose it)
Td8d21336e6,2020-01-30,Josh Brownhill,Bristol City,Burnley,undisclosed,a reported fee from club/league or grade A/B press (the clubs did not disclose it)
T7749bd4428,2020-01-30,Myles Roberts,Reading,Watford,undisclosed,a reported fee from club/league or grade A/B press (the clubs did not disclose it)
T9e8af7fb42,2020-01-30,Nahki Wells,Burnley,Bristol City,undisclosed,a reported fee from club/league or grade A/B press (the clubs did not disclose it)
Te998e5cb71,2020-01-31,Clinton Mola,Chelsea,Stuttgart,permanent,the fee confirmed at a club/league or grade A/B source (only Wikipedia gives it now)
T155786637f,2020-01-31,Harry Burgoyne,Wolverhampton Wanderers,Shrewsbury Town,undisclosed,a reported fee from club/league or grade A/B press (the clubs did not disclose it)
T3157390a79,2020-01-31,James Daly,Crystal Palace,Bristol Rovers,undisclosed,a reported fee from club/league or grade A/B press (the clubs did not disclose it)
T1bcaa6f559,2020-01-31,Jarrod Bowen,Hull City,West Ham United,permanent,the fee confirmed at a club/league or grade A/B source (only Wikipedia gives it now)
T698c1a1283,2020-01-31,Luke Matheson,Rochdale,Wolverhampton Wanderers,undisclosed,a reported fee from club/league or grade A/B press (the clubs did not disclose it)
Ta4eed568de,2020-01-31,Nathan Bishop,Southend United,Manchester United,undisclosed,a reported fee from club/league or grade A/B press (the clubs did not disclose it)
Tbd354a6def,2020-01-31,Sam McCallum,Coventry City,Norwich City,undisclosed,a reported fee from club/league or grade A/B press (the clubs did not disclose it)
Tce3e2ddc92,2020-01-31,Sylvain Deslandes,Wolverhampton Wanderers,Argeș,undisclosed,a reported fee from club/league or grade A/B press (the clubs did not disclose it)
Ta2cfaea474,2020-01-31,Tariq Lamptey,Chelsea,Brighton & Hove Albion,undisclosed,a reported fee from club/league or grade A/B press (the clubs did not disclose it)
Tb90a5daeb3,2020-01-31,Tashan Oakley-Boothe,Tottenham Hotspur,Stoke City,undisclosed,a reported fee from club/league or grade A/B press (the clubs did not disclose it)
T0ef9d8f3e9,2020-01-31,Teddy Perkins,Burnley,Watford,undisclosed,a reported fee from club/league or grade A/B press (the clubs did not disclose it)
Tcf350d70d5,2020-02-03,Anthony Scully,West Ham United,Lincoln City,undisclosed,a reported fee from club/league or grade A/B press (the clubs did not disclose it)
T1942611505,2020-02-03,Jay Rich-Baghuelou,Welling United,Crystal Palace,undisclosed,a reported fee from club/league or grade A/B press (the clubs did not disclose it)
T6174ba32ce,2020-02-18,Luis Binks,Tottenham Hotspur,Montreal Impact,undisclosed,a reported fee from club/league or grade A/B press (the clubs did not disclose it)
T03f3e0794e,2020-02-18,Robbie Burton,Arsenal,Dinamo Zagreb,undisclosed,a reported fee from club/league or grade A/B press (the clubs did not disclose it)
