transfer_id,player,from_club,to_club,date,season,current_grade,tier_reason,why_open,cited_url,involves_leader,why_missing
T67739a0564,Park Ji-Sung,Manchester United,Queens Park Rangers,2012-07-09,2012-13,C,removal changes the leader or the top 12,no grade A/B source (only a Wikipedia pointer or a grade C source),,yes,became Tier 1 after 13173a4 (the race moved)
T9d3cb79fd6,Sieb Dijkstra,Motherwell,Queens Park Rangers,1994-07-22,1994-95,C,removal changes the leader or the top 12,no grade A/B source (only a Wikipedia pointer or a grade C source),,no,became Tier 1 after 13173a4 (the race moved)
Tba5ae6f681,Lee Charles,Chertsey Town,Queens Park Rangers,1995-08-04,1995-96,C,removal changes the leader or the top 12,no grade A/B source (only a Wikipedia pointer or a grade C source),,no,became Tier 1 after 13173a4 (the race moved)
Tb3a951e223,Andy McDermott,Australian Institute of Sport,Queens Park Rangers,1995-08-05,1995-96,C,removal changes the leader or the top 12,no grade A/B source (only a Wikipedia pointer or a grade C source),,no,became Tier 1 after 13173a4 (the race moved)
Td2bb3cfdcc,Gregory Goodridge,Torquay United,Queens Park Rangers,1995-08-09,1995-96,C,removal changes the leader or the top 12,no grade A/B source (only a Wikipedia pointer or a grade C source),,no,became Tier 1 after 13173a4 (the race moved)
T813795abb6,Juergen Sommer,Luton Town,Queens Park Rangers,1995-08-29,1995-96,C,removal changes the leader or the top 12,no grade A/B source (only a Wikipedia pointer or a grade C source),,no,became Tier 1 after 13173a4 (the race moved)
Ta7479c04fa,Mark Hateley,Rangers,Queens Park Rangers,1995-11-03,1995-96,C,removal changes the leader or the top 12,other (cited page not yet read on the runner),https://www.soccerbase.com/players/player.sd?player_id=3331,no,became Tier 1 after 13173a4 (the race moved)
Tb080d20ecc,Paul Murray,Carlisle United,Queens Park Rangers,1996-05-02,1995-96,C,removal changes the leader or the top 12,no grade A/B source (only a Wikipedia pointer or a grade C source),,no,became Tier 1 after 13173a4 (the race moved)
Tdce31cfe88,Michael Branch,Everton,Wolverhampton Wanderers,2000-01-20,1999-00,C,removal changes the leader or the top 12,no grade A/B source (only a Wikipedia pointer or a grade C source),https://www.theguardian.com/football/blog/2012/nov/10/everton-michael-branch-fall,no,became Tier 1 after 13173a4 (the race moved)
T82d016533b,Mitch Ward,Everton,Barnsley,2000-07-13,2000-01,C,removal changes the leader or the top 12,no grade A/B source (only a Wikipedia pointer or a grade C source),,no,became Tier 1 after 13173a4 (the race moved)
T0446852eef,Dean Sturridge,Derby County,Leicester City,2001-01-19,2000-01,C,removal changes the leader or the top 12,no grade A/B source (only a Wikipedia pointer or a grade C source),,no,became Tier 1 after 13173a4 (the race moved)
T0ddf99aa87,Phil Jevons,Everton,Grimsby Town,2001-07-06,2001-02,C,removal changes the leader or the top 12,no grade A/B source (only a Wikipedia pointer or a grade C source),,no,became Tier 1 after 13173a4 (the race moved)
T67c5ed0003,Alan Rogers,Nottingham Forest,Leicester City,2001-11-16,2001-02,C,removal changes the leader or the top 12,no grade A/B source (only a Wikipedia pointer or a grade C source),,no,became Tier 1 after 13173a4 (the race moved)
Tb0a8a9aa92,Jacob Laursen,Copenhagen,Leicester City,2002-01-10,2001-02,C,removal changes the leader or the top 12,"quote does not match (figure not found next to the player's name, or rejected on review)",https://news.bbc.co.uk/sport2/hi/football/teams/l/leicester_city/1748690.stm,no,became Tier 1 after 13173a4 (the race moved)
T8e395fb1fb,Lee Marshall,Leicester City,West Bromwich Albion,2002-08-13,2002-03,C,removal changes the leader or the top 12,no grade A/B source (only a Wikipedia pointer or a grade C source),,no,became Tier 1 after 13173a4 (the race moved)
T70b6e3af22,Henri Camara,Sedan,Wolverhampton Wanderers,2003-08-01,2003-04,C,removal changes the leader or the top 12,other (cited page not yet read on the runner),https://www.soccerbase.com/players/player.sd?player_id=19118,no,became Tier 1 after 13173a4 (the race moved)
T95dc03dcd3,Paul Jones,Southampton,Wolverhampton Wanderers,2004-01-29,2003-04,C,removal changes the leader or the top 12,other (cited page not yet read on the runner),https://news.bbc.co.uk/sport2/hi/football/teams/w/wolverhampton_wanderers/3437337.stm,no,added in IQ-15m (thin windows)
Te5d8fd5dbf,Darren Purse,Birmingham City,West Bromwich Albion,2004-06-18,2004-05,C,removal changes the leader or the top 12,no grade A/B source (only a Wikipedia pointer or a grade C source),,no,became Tier 1 after 13173a4 (the race moved)
T1bce606d43,Junichi Inamoto,Gamba Osaka,West Bromwich Albion,2004-08-31,2004-05,C,removal changes the leader or the top 12,no grade A/B source (only a Wikipedia pointer or a grade C source),,no,became Tier 1 after 13173a4 (the race moved)
T7c6bab4507,Scott Dobie,West Bromwich Albion,Millwall,2004-11-08,2004-05,C,removal changes the leader or the top 12,other (cited page not yet read on the runner),https://news.bbc.co.uk/sport1/hi/football/teams/m/millwall/3993911.stm,no,added in IQ-15m (thin windows)
T6b489e3c8d,Simon Brown,West Bromwich Albion,Mansfield Town,2004-12-06,2004-05,C,removal changes the leader or the top 12,other (cited page not yet read on the runner),https://news.bbc.co.uk/sport2/hi/football/teams/m/mansfield_town/4073179.stm,no,added in IQ-15m (thin windows)
T2ff371c946,James O'Connor,West Bromwich Albion,Burnley,2005-03-24,2004-05,C,removal changes the leader or the top 12,other (cited page not yet read on the runner),https://news.bbc.co.uk/sport2/hi/football/teams/b/burnley/4380609.stm,no,added in IQ-15m (thin windows)
T795e54fb39,Garry O'Connor,Lokomotiv Moscow,Birmingham City,2007-06-28,2007-08,C,removal changes the leader or the top 12,no grade A/B source (only a Wikipedia pointer or a grade C source),,no,became Tier 1 after 13173a4 (the race moved)
Tb1332d1e47,Kim Do-Heon,Seongnam Ilhwa Chunma,West Bromwich Albion,2008-05-28,2008-09,C,removal changes the leader or the top 12,no grade A/B source (only a Wikipedia pointer or a grade C source),,no,became Tier 1 after 13173a4 (the race moved)
T449184ece2,Graham Dorrans,Livingston,West Bromwich Albion,2008-07-04,2008-09,C,removal changes the leader or the top 12,no grade A/B source (only a Wikipedia pointer or a grade C source),,no,became Tier 1 after 13173a4 (the race moved)
Tb4ccd4d840,Lucas Neill,Everton,Galatasaray,2010-01-18,2009-10,C,removal changes the leader or the top 12,other (cited page not yet read on the runner),"https://www.skysports.com/story/0,19528,12875_5868182,00.html",no,became Tier 1 after 13173a4 (the race moved)
T24e446c97e,Adam Hammill,Barnsley,Wolverhampton Wanderers,2011-01-20,2010-11,B,removal changes the leader or the top 12,"quote does not match (figure not found next to the player's name, or rejected on review)",https://expressandstar.com/sport/football/wolverhampton-wanderers-fc/2011/01/17/wolves-line-up-adam-hammill-bid,no,became Tier 1 after 13173a4 (the race moved)
T698c24d9a9,Emmanuel Eboué,Arsenal,Galatasaray,2011-08-16,2011-12,C,removal changes the leader or the top 12,no grade A/B source (only a Wikipedia pointer or a grade C source),,no,became Tier 1 after 13173a4 (the race moved)
Tc76c68831f,Jordon Mutch,Cardiff City,Queens Park Rangers,2014-08-05,2014-15,C,removal changes the leader or the top 12,no grade A/B source (only a Wikipedia pointer or a grade C source),,no,became Tier 1 after 13173a4 (the race moved)
T5ecd2ff26d,Sandro,Tottenham Hotspur,Queens Park Rangers,2014-09-01,2014-15,B,removal changes the leader or the top 12,other (cited page not yet read on the runner),https://www.eurosport.com/football/premier-league/2014-2015/qpr-complete-deal-for-sandro-as-borini-deal-falls-through_sto4384214/story.shtml,no,became Tier 1 after 13173a4 (the race moved)
Tfdebdeb4fc,Joleon Lescott,West Bromwich Albion,Aston Villa,2015-09-01,2015-16,C,removal changes the leader or the top 12,no grade A/B source (only a Wikipedia pointer or a grade C source),,no,became Tier 1 after 13173a4 (the race moved)
Tf47b4b6f05,Leander Dendoncker,Anderlecht,Wolverhampton Wanderers,2019-07-01,2019-20,C,removal changes the leader or the top 12,no grade A/B source (only a Wikipedia pointer or a grade C source),https://www.expressandstar.com/sport/football/wolverhampton-wanderers-fc/2019/07/01/leander-dendonckers-permanent-wolves-signing-completed/,no,added in IQ-15m (thin windows)
