deal_id,player,from_club,to_club,url,file
U0434,Peter Crouch,Portsmouth,Tottenham Hotspur,https://filgoal.com/articles/145819/amp/Spurs-sign-Crouch-from-Pompey,part24a
U0928,Larnell Cole,Manchester United,Fulham,https://www.thefa.com/news/2014/feb/01/larnell-cole-ryan-tunnicliffe-join-fulham-010214,part24e
U0930,Ryan Tunnicliffe,Manchester United,Fulham,https://www.thefa.com/news/2014/feb/01/larnell-cole-ryan-tunnicliffe-join-fulham-010214,part24e
U0995,Danny Simpson,Queens Park Rangers,Leicester City,https://fourfourtwo.com/news/simpson-makes-leicester-switch-qpr,part24e
U1032,Jack Cork,Southampton,Swansea City,https://www.swanseacity.com/news/swans-confirm-cork-signing,part24e
U1787,Jude Soonsup-Bell,Chelsea,Tottenham Hotspur,https://www.teamtalk.com/tottenham-hotspur/second-striker-signing-done-for-spurs-chelsea-man-city-miss-out-key-contract-transfer-clause,part24e
U1864,Ollie Harrison,Newcastle United,Chelsea,https://newcastleworld.com/sport/football/newcastle-united/newcastle-united-midfielder-agrees-personal-terms-with-premier-league-club-over-surprise-exit-4223948,part24e
U1878,Louis Flower,Chelsea,Brighton & Hove Albion,https://www.brightonandhovealbion.com/media-article/Louis-Flower-joins-under-21s-from-Chelsea,part24e
U1984,Zain Silcott-Duberry,Chelsea,AFC Bournemouth,https://www.footballtransfers.com/us/transfer-news/uk-premier-league/2025/01/chelsea-transfer-news-fabrizio-romano-first-january-sale-zain-silcott-duberry-us,part24e
U1991,Ayden Heaven,Arsenal,Manchester United,https://www.breakingnews.ie/sport/man-utd-sign-england-youth-international-ayden-heaven-from-arsenal-1725207.html,part24e
U2058,Martin Dúbravka,Newcastle United,Burnley,https://www.burnleyfootballclub.com/media-article/clarets-complete-dubravka-deal,part24e
U2176,Joe Gelhardt,Leeds United,Hull City,https://www.yorkshirepost.co.uk/sport/football/-8922769,part24e
