deal_id,transfer_id,date,fee_gbp,grade,status
A0001,T560d831ff8,1992-07-01,1750000.00,C,UNVERIFIED
A0002,T74cde4065a,1992-07-01,2000000.00,C,UNVERIFIED
A0003,T2ca4dc7670,1992-07-01,650000.00,C,VERIFIED
A0004,T3e5c18bef0,1992-07-01,100800.00,C,UNVERIFIED
A0005,Tf5a46d2a74,1992-07-01,5500000.00,C,VERIFIED
A0006,T8264c2855e,1992-07-01,800000.00,C,UNVERIFIED
A0007,T05a6485462,1992-07-02,850000.00,C,UNVERIFIED
A0008,T7d83c171ad,1992-07-07,700000.00,B,UNVERIFIED
A0009,Tfb137fbff4,1992-07-13,300000.00,C,UNVERIFIED
A0010,T2cc215b683,1992-07-28,900000.00,C,UNVERIFIED
A0011,T9be5c2dcf0,1992-07-29,750000.00,C,UNVERIFIED
A0012,Tbb7ed51458,1992-08-01,100000.00,C,UNVERIFIED
A0013,T51fdd488df,1992-08-01,500000.00,C,UNVERIFIED
A0014,T44562d4898,1992-08-14,850000.00,C,UNVERIFIED
A0015,Tbc20b7764f,1992-08-24,185000.00,C,UNVERIFIED
A0016,Tbef51418fe,1992-11-12,1200000.00,A,UNVERIFIED
A0017,T55b5318c28,1992-11-23,820000.00,C,UNVERIFIED
A0018,T1190481dd3,1992-12-11,250000.00,C,UNVERIFIED
A0019,Tc1d9706074,1992-12-18,600000.00,C,UNVERIFIED
A0020,T62c34718f5,1993-03-09,700000.00,C,UNVERIFIED
A0021,Tacc588aa9a,1993-03-19,320000.00,C,UNVERIFIED
A0022,T53c0b218d7,1993-06-18,100000.00,C,UNVERIFIED
A0023,T218e7a7d43,1993-06-18,1000000.00,C,UNVERIFIED
A0024,T3d7f7db92b,1993-06-18,400000.00,C,VERIFIED
A0025,T1a53b27316,1993-06-23,750000.00,C,UNVERIFIED
A0026,Td178b8510b,1993-06-29,210000.00,C,UNVERIFIED
A0027,T19e9c396d8,1993-07-20,175000.00,C,UNVERIFIED
A0028,Tf21d87cdee,1993-07-23,100000.00,C,UNVERIFIED
A0029,T3bbf7032c2,1993-07-30,500000.00,C,UNVERIFIED
A0030,T0beaab258d,1993-07-30,250000.00,C,UNVERIFIED
A0031,Taaabe82b7f,1993-08-01,1900000.00,C,VERIFIED
A0032,Td8785e03ad,1993-08-03,1200000.00,C,VERIFIED
A0033,T9befee6c2a,1993-08-05,250000.00,C,UNVERIFIED
A0034,Tc8306a7c62,1993-08-13,300000.00,C,UNVERIFIED
A0035,T99d02867d3,1993-08-20,250000.00,C,UNVERIFIED
A0036,T439b00e0fd,1993-09-01,450000.00,C,UNVERIFIED
A0037,T64c3cd1b11,1993-09-23,550000.00,C,UNVERIFIED
A0038,T425d6e6204,1993-09-24,450000.00,C,UNVERIFIED
A0039,Tc32480406d,1993-10-28,1500000.00,C,UNVERIFIED
A0040,T28f671a93d,1993-11-04,2400000.00,B,UNVERIFIED
A0041,T02777c1104,1993-11-18,300000.00,C,UNVERIFIED
A0042,Te963ca084a,1993-11-30,250000.00,C,UNVERIFIED
A0043,T583d8062a1,1993-12-20,2000000.00,C,VERIFIED
A0044,Td5f05a7816,1994-01-13,320000.00,C,UNVERIFIED
A0045,T35f89d57f7,1994-01-20,90000.00,C,UNVERIFIED
A0046,T52bdcd3e71,1994-01-21,300000.00,C,UNVERIFIED
A0047,T75b1336138,1994-02-01,850000.00,C,UNVERIFIED
A0048,T4fdee676a5,1994-02-07,250000.00,C,UNVERIFIED
A0049,T851582e971,1994-03-31,1100000.00,B,UNVERIFIED
A0050,T0a759ed8fe,1994-05-20,1000000.00,C,VERIFIED
A0051,T3ac47c9b7c,1994-06-01,400000.00,C,UNVERIFIED
A0052,T7be298b98e,1994-06-01,800000.00,C,UNVERIFIED
A0053,T9da30c48e2,1994-06-15,250000.00,C,VERIFIED
A0054,T0f78bc3ea8,1994-06-15,1000000.00,C,VERIFIED
A0055,Tb924abebfa,1994-06-22,1000000.00,C,VERIFIED
A0056,Tf2ebc99104,1994-06-23,350000.00,C,UNVERIFIED
A0057,T4c7734f677,1994-06-24,1500000.00,C,VERIFIED
A0058,T5b000895cb,1994-07-07,330000.00,C,UNVERIFIED
A0059,T77ea456705,1994-07-12,1000000.00,C,UNVERIFIED
A0060,T816bda5538,1994-07-19,500000.00,C,UNVERIFIED
A0061,T12e0137b7d,1994-07-22,1250000.00,C,VERIFIED
A0062,T7801f14099,1994-07-22,600000.00,C,UNVERIFIED
A0063,T13161f728e,1994-08-01,600000.00,C,UNVERIFIED
A0064,T9124a49e2b,1994-08-01,200000.00,C,UNVERIFIED
A0065,Tfb1a19685c,1994-08-02,200000.00,C,UNVERIFIED
A0066,Tbb8c03e615,1994-08-03,425000.00,C,UNVERIFIED
A0067,T47ff974155,1994-08-03,2300000.00,C,UNVERIFIED
A0068,Ta20eceaf55,1994-08-03,200000.00,C,UNVERIFIED
A0069,T78954c811a,1994-08-04,1350000.00,A,UNVERIFIED
A0070,T4cb409711f,1994-08-06,1300000.00,C,UNVERIFIED
A0071,T0d649c961a,1994-08-10,2700000.00,C,UNVERIFIED
A0072,Td946d44653,1994-08-12,1250000.00,C,UNVERIFIED
A0073,T671dd46979,1994-08-17,500000.00,C,VERIFIED
A0074,T2010784815,1994-08-17,1500000.00,C,UNVERIFIED
A0075,T5684234e68,1994-08-18,850000.00,C,UNVERIFIED
A0076,T2578836c29,1994-09-01,800000.00,C,UNVERIFIED
A0077,Taee2e24c3b,1994-09-02,3500000.00,C,UNVERIFIED
A0078,T5f7c29efd9,1994-09-05,350000.00,C,UNVERIFIED
A0079,Tbce7ec7ad2,1994-09-06,1100000.00,C,UNVERIFIED
A0080,Ta4975f1a0d,1994-09-07,1000000.00,C,UNVERIFIED
A0081,T7cd6025b33,1994-09-09,175000.00,C,UNVERIFIED
A0082,Td1579c4045,1994-09-26,2250000.00,C,VERIFIED
A0083,T1254ca2eba,1994-10-04,350000.00,C,UNVERIFIED
A0084,T61343acdde,1994-10-11,100000.00,C,UNVERIFIED
A0085,T33c571dfa2,1994-10-14,900000.00,C,UNVERIFIED
A0086,Tf0769c07c1,1994-10-19,600000.00,C,UNVERIFIED
A0087,Tfd7a12b533,1994-10-21,150000.00,C,UNVERIFIED
A0088,Tb9e55e359c,1994-11-25,225000.00,C,UNVERIFIED
A0089,T2e0650c06d,1994-12-21,700000.00,C,UNVERIFIED
A0090,T6c622839d3,1994-12-21,1000000.00,C,UNVERIFIED
A0091,T314fbbcf82,1994-12-30,450000.00,C,UNVERIFIED
A0092,Tcd5f80a410,1995-01-06,1450000.00,C,UNVERIFIED
A0093,T07b0a550ba,1995-01-06,125000.00,C,UNVERIFIED
A0094,T9678387bc8,1995-01-06,1250000.00,C,VERIFIED
A0095,Tffe255bced,1995-01-06,1450000.00,C,VERIFIED
A0096,T51fde8f0e7,1995-01-10,1000000.00,C,UNVERIFIED
A0097,T82a90882df,1995-01-11,250000.00,C,UNVERIFIED
A0098,T4e9294dec5,1995-01-16,1000000.00,C,VERIFIED
A0099,T7802ede06f,1995-01-19,70000.00,C,UNVERIFIED
A0100,T16d0462023,1995-01-30,1700000.00,C,UNVERIFIED
A0101,T452fd91ab6,1995-02-10,250000.00,C,UNVERIFIED
A0102,T1a5ab511b5,1995-02-10,300000.00,C,UNVERIFIED
A0103,T4fa473faac,1995-02-16,300000.00,C,UNVERIFIED
A0104,T51cbbbf1c1,1995-02-24,500000.00,C,UNVERIFIED
A0105,Tcc71bf00f0,1995-03-02,1100000.00,C,UNVERIFIED
A0106,Tb00bce2ff7,1995-03-02,300000.00,C,UNVERIFIED
A0107,T87d41a4d4b,1995-03-03,300000.00,C,VERIFIED
A0108,Tc075bb3a03,1995-03-15,1500000.00,C,UNVERIFIED
A0109,T4a1b31ffa9,1995-03-17,1200000.00,C,VERIFIED
A0110,T78841fb359,1995-03-23,600000.00,C,UNVERIFIED
A0111,Tdabe14f3d5,1995-03-23,225000.00,C,UNVERIFIED
A0112,T85391e50fb,1995-03-23,340000.00,C,UNVERIFIED
A0113,T31f44f3b3c,1995-06-07,250000.00,C,UNVERIFIED
A0114,Tdfd2648435,1995-06-23,1500000.00,B,UNVERIFIED
A0115,T3e618995a9,1995-06-26,500000.00,C,UNVERIFIED
A0116,T6ce7e8adbe,1995-06-26,3500000.00,B,UNVERIFIED
A0117,T4f332c854c,1995-07-01,2500000.00,C,UNVERIFIED
A0118,T287e4eed66,1995-07-01,1500000.00,B,UNVERIFIED
A0119,T6255ff41f5,1995-07-01,2500000.00,C,VERIFIED
A0120,Tabe6511932,1995-07-04,500000.00,C,UNVERIFIED
A0121,Te3f920132f,1995-07-05,500000.00,C,UNVERIFIED
A0122,Tbaeef9bee4,1995-07-05,3250000.00,C,VERIFIED
A0123,T9ad27b6c62,1995-07-14,2000000.00,C,VERIFIED
A0124,Td3e8b59e19,1995-07-19,1500000.00,C,UNVERIFIED
A0125,T6f4ab45cd5,1995-07-19,900000.00,C,UNVERIFIED
A0126,Tb567462e28,1995-07-20,300000.00,C,UNVERIFIED
A0127,T59d67192c8,1995-07-25,750000.00,C,UNVERIFIED
A0128,T9073b7db82,1995-07-28,250000.00,C,UNVERIFIED
A0129,Tf765dc1b01,1995-08-01,2400000.00,C,UNVERIFIED
A0130,T2ae0c2b6f3,1995-08-06,750000.00,C,UNVERIFIED
A0131,T4ee9701dfa,1995-08-09,200000.00,C,UNVERIFIED
A0132,T349238d318,1995-08-11,250000.00,C,UNVERIFIED
A0133,T024dc0e9dc,1995-08-11,225000.00,C,UNVERIFIED
A0134,Td55851dba3,1995-08-14,600000.00,C,UNVERIFIED
A0135,T9a687a3bf4,1995-08-15,1200000.00,C,VERIFIED
A0136,T6272837f65,1995-08-18,330000.00,C,UNVERIFIED
A0137,T058de83757,1995-09-07,375000.00,C,UNVERIFIED
A0138,Tae244bbe17,1995-09-08,500000.00,C,UNVERIFIED
A0139,T5ee05dd376,1995-09-08,300000.00,C,UNVERIFIED
A0140,Tffff4ecf8a,1995-09-10,1000000.00,C,UNVERIFIED
A0141,Ta07fc58388,1995-09-15,150000.00,C,UNVERIFIED
A0142,T51087d7215,1995-10-06,4200000.00,C,VERIFIED
A0143,T3bc20698bb,1995-10-14,100000.00,C,UNVERIFIED
A0144,T1e11dc69f5,1995-10-26,1000000.00,C,UNVERIFIED
A0145,T25d8b58573,1995-10-28,750000.00,C,UNVERIFIED
A0146,Te63df8a099,1995-11-02,500000.00,C,UNVERIFIED
A0147,Tf518854fe8,1995-11-06,1500000.00,C,VERIFIED
A0148,Te491b7b6e9,1995-11-15,900000.00,C,UNVERIFIED
A0149,T81fc316200,1995-11-17,1000000.00,C,UNVERIFIED
A0150,T1eab2450b0,1995-11-20,350000.00,C,UNVERIFIED
A0151,T8f25e23f28,1995-11-24,250000.00,C,UNVERIFIED
A0152,T0bdfa0d6c1,1995-12-16,580000.00,C,UNVERIFIED
A0153,T6bacf0b295,1995-12-16,2000000.00,C,VERIFIED
A0154,T01f9901b2d,1995-12-21,2800000.00,C,VERIFIED
A0155,T41c216be34,1995-12-22,3000000.00,C,UNVERIFIED
A0156,Tad02469104,1995-12-22,2000000.00,C,UNVERIFIED
A0157,Tb01f480557,1996-01-10,1200000.00,C,UNVERIFIED
A0158,T8a64cc0952,1996-01-23,1500000.00,C,UNVERIFIED
A0159,Tb6da223c4b,1996-01-24,1500000.00,C,UNVERIFIED
A0160,T2025f32e7a,1996-02-04,1300000.00,C,VERIFIED
A0161,T4d42a9129f,1996-02-07,70000.00,C,UNVERIFIED
A0162,T179c63ad5b,1996-02-12,1500000.00,C,UNVERIFIED
A0163,Tfb14ca03d5,1996-02-22,500000.00,C,UNVERIFIED
A0164,Ta1a27c9a4b,1996-02-24,3750000.00,C,VERIFIED
A0165,T4ce764200d,1996-02-24,1890000.00,C,UNVERIFIED
A0166,Tcc8614149a,1996-02-29,250000.00,C,UNVERIFIED
A0167,T4502c9aa96,1996-03-01,1000000.00,C,UNVERIFIED
A0168,Te70da31d71,1996-03-04,1000000.00,C,UNVERIFIED
A0169,T0180c4e71e,1996-03-09,1500000.00,C,UNVERIFIED
A0170,Te43659a4d6,1996-03-16,1500000.00,C,VERIFIED
A0171,T500fdc7c25,1996-03-28,3500000.00,C,UNVERIFIED
A0172,T066ddf82b5,1996-03-28,1400000.00,C,UNVERIFIED
A0173,T56ac95a8ea,1996-06-01,1000000.00,C,UNVERIFIED
A0174,Te56d23b1c1,1996-07-01,3500000.00,C,VERIFIED
A0175,Tf7d3c2ef57,1996-07-01,1500000.00,C,UNVERIFIED
A0176,Te4adf0afff,1996-07-05,1700000.00,C,VERIFIED
A0177,T10ef332fa5,1996-07-11,325000.00,C,UNVERIFIED
A0178,Tdf68af1cfe,1996-07-19,1400000.00,C,VERIFIED
A0179,Tea5a5e75af,1996-07-20,3500000.00,B,UNVERIFIED
A0180,Tec82a874e6,1996-07-26,2250000.00,C,VERIFIED
A0181,Tad4578b774,1996-07-31,2400000.00,C,VERIFIED
A0182,T3a0828b7a9,1996-08-01,1650000.00,C,UNVERIFIED
A0183,T18cc07bd45,1996-08-02,1750000.00,B,UNVERIFIED
A0184,Tc80392709d,1996-08-07,425000.00,C,UNVERIFIED
A0185,T919ef40bde,1996-08-09,600000.00,C,UNVERIFIED
A0186,Tec53508c5f,1996-08-15,280000.00,C,UNVERIFIED
A0187,Tf91ea308a3,1996-08-20,750000.00,C,UNVERIFIED
A0188,T4c7ffd25f1,1996-08-23,4000000.00,C,VERIFIED
A0189,Tc61a2ad382,1996-08-31,3500000.00,B,UNVERIFIED
A0190,T95728c6fe1,1996-11-21,2500000.00,C,UNVERIFIED
A0191,T5fd03471f4,1996-12-02,2500000.00,C,UNVERIFIED
A0192,T4acfbccdc2,1996-12-11,2600000.00,C,VERIFIED
A0193,T27f0610aeb,1996-12-30,850000.00,C,UNVERIFIED
A0194,T31a8ab694e,1997-01-07,3750000.00,C,UNVERIFIED
A0195,T15a84b4865,1997-01-11,1000000.00,C,VERIFIED
A0196,Tc6b016c13c,1997-01-14,2700000.00,C,UNVERIFIED
A0197,Tba876a7d4a,1997-01-15,1600000.00,C,VERIFIED
A0198,T12f2a2eb01,1997-01-16,1600000.00,C,VERIFIED
A0199,T4bc1b9580f,1997-01-28,800000.00,C,UNVERIFIED
A0200,Tda2eaa805f,1997-01-29,8000000.00,C,UNVERIFIED
A0201,T5f90ff93b6,1997-01-30,2500000.00,C,UNVERIFIED
A0202,Tb55fdca454,1997-01-30,800000.00,C,UNVERIFIED
A0203,T199d31e43b,1997-02-06,2300000.00,C,UNVERIFIED
A0204,Tef4c707593,1997-02-07,500000.00,C,UNVERIFIED
A0205,Te0845b68d2,1997-02-14,3300000.00,C,VERIFIED
A0206,Tc3ed15ec5e,1997-02-25,1000000.00,C,UNVERIFIED
A0207,T5114596f7e,1997-03-04,450000.00,C,UNVERIFIED
A0208,Tf766ec1b4a,1997-03-27,1500000.00,C,UNVERIFIED
A0209,Tc0ac025c19,1997-03-27,1600000.00,C,UNVERIFIED
A0210,T236dc9bac7,1997-04-03,500000.00,C,UNVERIFIED
A0211,T945a8ab766,1997-04-15,500000.00,C,UNVERIFIED
B0001,T076586e54d,1997-05-14,4500000.00,C,VERIFIED
B0002,T2a0b5a6ecc,1997-05-21,500000.00,C,UNVERIFIED
B0003,Ta53df96718,1997-06-02,1750000.00,C,VERIFIED
B0004,T6a6de4e269,1997-06-02,3500000.00,C,UNVERIFIED
B0005,T1d53cb56b5,1997-06-04,2500000.00,C,VERIFIED
B0006,Tc45d6f52b1,1997-06-04,1500000.00,B,UNVERIFIED
B0007,T48b4c062b6,1997-06-12,1600000.00,C,VERIFIED
B0008,T34d4665356,1997-06-12,2000000.00,C,UNVERIFIED
B0009,Tf047797199,1997-06-14,1750000.00,C,VERIFIED
B0010,T33accece00,1997-06-17,3000000.00,C,VERIFIED
B0011,T6ccaad4673,1997-06-19,500000.00,C,UNVERIFIED
B0012,Tdf6382ff1b,1997-06-30,2500000.00,C,UNVERIFIED
B0013,Td7ac5ae816,1997-06-30,1500000.00,C,UNVERIFIED
B0014,T653b8486f9,1997-07-01,300000.00,C,UNVERIFIED
B0015,T5c30b03861,1997-07-02,1500000.00,C,UNVERIFIED
B0016,Tf86aa6d344,1997-07-04,700000.00,C,UNVERIFIED
B0017,T7549ff8876,1997-07-04,500000.00,C,UNVERIFIED
B0018,T5e30a589c3,1997-07-08,500000.00,C,UNVERIFIED
B0019,T42de4b5d8b,1997-07-08,2500000.00,C,UNVERIFIED
B0020,T51c1f75da4,1997-07-10,4200000.00,C,UNVERIFIED
B0021,T063646551c,1997-07-14,250000.00,C,UNVERIFIED
B0022,T95c05927d5,1997-07-14,1600000.00,C,UNVERIFIED
B0023,T9db69b2d7d,1997-07-15,3000000.00,C,VERIFIED
B0024,Te4de46394d,1997-07-21,500000.00,C,UNVERIFIED
B0025,Tc77dfc1171,1997-07-21,3250000.00,C,UNVERIFIED
B0026,T7e81fdf5a9,1997-07-22,250000.00,C,UNVERIFIED
B0027,T06589ad9d6,1997-07-28,250000.00,C,UNVERIFIED
B0028,T1db8851edc,1997-07-30,1800000.00,C,UNVERIFIED
B0029,T369a7ce91c,1997-07-31,4300000.00,C,UNVERIFIED
B0030,T099fb33f54,1997-07-31,2000000.00,C,UNVERIFIED
B0031,Te25562c73e,1997-07-31,2200000.00,C,VERIFIED
B0032,T2eea3c9d9a,1997-08-01,1500000.00,C,UNVERIFIED
B0033,T57ffa1122a,1997-08-01,1500000.00,C,VERIFIED
B0034,T29d830f20d,1997-08-05,1600000.00,C,UNVERIFIED
B0035,Tc476183328,1997-08-05,800000.00,C,UNVERIFIED
B0036,Td774e11082,1997-08-06,1500000.00,C,UNVERIFIED
B0037,T36b603144b,1997-08-08,500000.00,C,UNVERIFIED
B0038,T91d254a985,1997-09-08,500000.00,C,UNVERIFIED
B0039,T90129a707d,1997-09-09,1600000.00,C,UNVERIFIED
B0040,T547adf8ad0,1997-09-10,300000.00,C,UNVERIFIED
B0041,T61f79037d8,1997-09-12,1400000.00,C,UNVERIFIED
B0042,Tcb86fd9bba,1997-09-19,500000.00,C,UNVERIFIED
B0043,T85a4cdb117,1997-09-23,1300000.00,C,UNVERIFIED
B0044,Tfaca2bd496,1997-09-23,1000000.00,C,UNVERIFIED
B0045,Tb2e1bed02f,1997-09-26,1200000.00,C,VERIFIED
B0046,T083a83c202,1997-10-02,3500000.00,B,UNVERIFIED
B0047,T8dbc485c96,1997-10-02,800000.00,C,UNVERIFIED
B0048,T7355201432,1997-10-21,800000.00,C,UNVERIFIED
B0049,T7d292393e0,1997-10-28,250000.00,C,UNVERIFIED
B0050,T0922240a1d,1997-11-06,625000.00,C,UNVERIFIED
B0051,T5000e89bd3,1997-11-27,315000.00,C,UNVERIFIED
B0052,Tf8fb0d9c2f,1997-11-27,800000.00,C,UNVERIFIED
B0053,T2730a53b62,1997-11-28,500000.00,C,UNVERIFIED
B0054,T6ad2c62203,1997-12-01,2000000.00,C,UNVERIFIED
B0055,T3333138785,1997-12-05,750000.00,C,UNVERIFIED
B0056,Te0efadec9b,1997-12-30,2000000.00,C,UNVERIFIED
B0057,Ta027b5fe7b,1998-01-02,3250000.00,C,UNVERIFIED
B0058,Tcf38c16486,1998-01-05,500000.00,C,UNVERIFIED
B0059,T802bc0d5f1,1998-01-14,1200000.00,C,VERIFIED
B0060,T2c394e8e82,1998-01-15,2750000.00,C,UNVERIFIED
B0061,T9b79574fbd,1998-01-28,400000.00,C,UNVERIFIED
B0062,Td16f7b8a9e,1998-01-29,1600000.00,C,UNVERIFIED
B0063,T92b1fc29ae,1998-01-29,2300000.00,C,VERIFIED
B0064,T81e5fb633f,1998-01-30,3000000.00,C,VERIFIED
B0065,T607e6477a6,1998-01-31,3600000.00,C,UNVERIFIED
B0066,Te30953d430,1998-01-31,1500000.00,C,VERIFIED
B0067,Ta4949fd792,1998-02-06,5500000.00,C,VERIFIED
B0068,T3cd0fd2fc5,1998-02-10,1750000.00,C,UNVERIFIED
B0069,Tadc90d1c5f,1998-02-16,500000.00,C,UNVERIFIED
B0070,T646696721a,1998-02-19,750000.00,C,UNVERIFIED
B0071,T414d5c20dd,1998-02-20,300000.00,C,UNVERIFIED
B0072,Tf7e645dff6,1998-02-23,2300000.00,C,UNVERIFIED
B0073,Tf94a44784d,1998-02-25,1300000.00,C,UNVERIFIED
B0074,T2a550b7fcc,1998-02-26,1000000.00,C,UNVERIFIED
B0075,T6f724c9c3e,1998-02-28,1500000.00,C,UNVERIFIED
B0076,T23a3bc63bc,1998-03-03,500000.00,C,UNVERIFIED
B0077,T93c704d90b,1998-03-09,2000000.00,C,UNVERIFIED
B0078,Tb7c7c09dfb,1998-03-20,1000000.00,C,UNVERIFIED
B0079,T71e4e2b144,1998-03-25,1450000.00,C,VERIFIED
B0080,Tffd5779e1f,1998-03-26,625000.00,C,UNVERIFIED
B0081,Ta695b8fc9d,1998-03-26,350000.00,C,UNVERIFIED
B0082,Tdaa5632634,1998-03-31,250000.00,C,UNVERIFIED
B0083,T1b7d45787d,1998-03-31,250000.00,C,UNVERIFIED
B0084,T863218712a,1998-03-31,650000.00,C,UNVERIFIED
B0085,T58be74324f,1998-05-16,1500000.00,C,UNVERIFIED
B0086,Tf66edb0e1f,1998-05-21,525000.00,C,UNVERIFIED
B0087,Tadc5fb0d06,1998-06-01,1500000.00,C,UNVERIFIED
B0088,T5a848b7f4d,1998-06-05,4500000.00,C,VERIFIED
B0089,Tc667d5fd27,1998-06-19,1600000.00,C,UNVERIFIED
B0090,Tc6140b1551,1998-06-22,800000.00,C,UNVERIFIED
B0091,T9feba158f5,1998-06-30,500000.00,C,UNVERIFIED
B0092,T3d6abd14f4,1998-06-30,2500000.00,C,VERIFIED
B0093,T76d9a18f9f,1998-06-30,3500000.00,C,UNVERIFIED
B0094,T6e9c8ca51c,1998-07-01,3500000.00,C,UNVERIFIED
B0095,T564df9764e,1998-07-06,900000.00,C,UNVERIFIED
B0096,T67ce25786e,1998-07-09,2500000.00,C,VERIFIED
B0097,T5585c50896,1998-07-15,2800000.00,C,VERIFIED
B0098,Tfaf6ade070,1998-07-16,4000000.00,C,UNVERIFIED
B0099,T2790f82714,1998-07-21,4400000.00,C,UNVERIFIED
B0100,T76b92dc3e8,1998-07-21,3000000.00,C,UNVERIFIED
B0101,Tde4dc2d791,1998-07-21,3500000.00,C,UNVERIFIED
B0102,T0135f25228,1998-07-27,4000000.00,C,VERIFIED
B0103,Ta6761de25f,1998-07-29,2500000.00,C,UNVERIFIED
B0104,Tee853e9954,1998-07-30,1800000.00,C,UNVERIFIED
B0105,Td7a0968e9e,1998-07-31,500000.00,C,UNVERIFIED
B0106,T1ca60ef330,1998-07-31,650000.00,C,UNVERIFIED
B0107,T1c045c8f4f,1998-07-31,750000.00,C,UNVERIFIED
B0108,Tf2409a059d,1998-08-01,800000.00,C,UNVERIFIED
B0109,T86d6b1675a,1998-08-01,2500000.00,C,VERIFIED
B0110,T11c118f8e1,1998-08-01,4600000.00,C,UNVERIFIED
B0111,Tbb2d8ab8f1,1998-08-01,2600000.00,C,UNVERIFIED
B0112,T737ba0eed2,1998-08-04,4000000.00,C,UNVERIFIED
B0113,T630695cc9a,1998-08-06,2500000.00,C,UNVERIFIED
B0114,T07a53c1121,1998-08-07,300000.00,C,UNVERIFIED
B0115,T8867d9a8f1,1998-08-15,3400000.00,C,UNVERIFIED
B0116,T9a427e4068,1998-08-18,2500000.00,C,VERIFIED
B0117,T0bbf61d3fb,1998-08-21,700000.00,C,UNVERIFIED
B0118,Taf410a5f69,1998-08-26,1200000.00,C,UNVERIFIED
B0119,Tc967a65adf,1998-08-31,5250000.00,C,VERIFIED
B0120,Tc060ca6f99,1998-09-12,3000000.00,C,UNVERIFIED
B0121,T9601b950a1,1998-09-18,200000.00,C,UNVERIFIED
B0122,T69a17aa844,1998-09-23,3300000.00,C,UNVERIFIED
B0123,T2dcc13116b,1998-09-29,700000.00,C,UNVERIFIED
B0124,T8cb4bc4ef2,1998-10-01,1900000.00,C,UNVERIFIED
B0125,T8106986011,1998-10-02,600000.00,C,UNVERIFIED
B0126,T51d6c04ee5,1998-10-12,3000000.00,C,UNVERIFIED
B0127,T07daba2c36,1998-10-12,1250000.00,C,UNVERIFIED
B0128,Tc400d7fd2a,1998-10-26,500000.00,C,UNVERIFIED
B0129,T26819d9836,1998-10-30,4250000.00,C,UNVERIFIED
B0130,T40b7fc4161,1998-11-04,300000.00,C,UNVERIFIED
B0131,Tbc13f7a8d6,1998-11-06,3500000.00,C,UNVERIFIED
B0132,Tc53c86086a,1998-12-08,4400000.00,C,UNVERIFIED
B0133,T6356b61012,1998-12-16,2350000.00,C,UNVERIFIED
B0134,T288e5d9185,1998-12-17,650000.00,C,UNVERIFIED
B0135,T57ee5d676c,1998-12-29,4500000.00,C,UNVERIFIED
B0136,Tb80e4a238b,1999-01-08,2000000.00,C,VERIFIED
B0137,T1a4e8fae52,1999-01-13,2000000.00,C,UNVERIFIED
B0138,T8a33680cd3,1999-01-15,4500000.00,C,UNVERIFIED
B0139,T77d3b07b5d,1999-01-18,4100000.00,C,VERIFIED
B0140,T8d177aa936,1999-01-22,2600000.00,C,VERIFIED
B0141,Tca08fbee50,1999-01-27,4000000.00,C,UNVERIFIED
B0142,T24c63f1f8d,1999-01-27,1750000.00,C,UNVERIFIED
B0143,T25942689ca,1999-01-31,4000000.00,C,UNVERIFIED
B0144,Tb7cc88d006,1999-02-01,200000.00,C,UNVERIFIED
B0145,T8bae1e8415,1999-02-04,4000000.00,C,UNVERIFIED
B0146,T90b559123b,1999-02-05,2000000.00,C,UNVERIFIED
B0147,Td0951ee3fa,1999-02-20,750000.00,C,UNVERIFIED
B0148,T2494657fb3,1999-03-05,800000.00,C,UNVERIFIED
B0149,Ta03fcc4aa9,1999-03-09,250000.00,C,UNVERIFIED
B0150,Tdaef027582,1999-03-11,5500000.00,C,UNVERIFIED
B0151,Tba68cd5b1f,1999-03-18,700000.00,C,UNVERIFIED
B0152,T6cb5503e1b,1999-03-22,682500.00,C,UNVERIFIED
B0153,T5697146ef3,1999-03-22,3400000.00,C,VERIFIED
B0154,T9fd824527b,1999-03-23,230000.00,C,UNVERIFIED
B0155,T298b3696e4,1999-03-23,1100000.00,C,VERIFIED
B0156,T866ff1b201,1999-03-25,500000.00,C,UNVERIFIED
B0157,T2853f2b383,1999-03-25,950000.00,C,UNVERIFIED
B0158,T4f53a82acd,1999-03-31,3650000.00,C,UNVERIFIED
B0159,T9ead2e2223,1999-04-16,1000000.00,C,UNVERIFIED
B0160,Tb3739f63e0,1999-04-28,250000.00,C,UNVERIFIED
B0161,T83e1ee02a9,1999-05-18,3000000.00,C,UNVERIFIED
B0162,T226e83b846,1999-05-18,3000000.00,C,VERIFIED
B0163,Td6ef6358d0,1999-05-25,1750000.00,C,UNVERIFIED
B0164,T4e4498150b,1999-05-28,1800000.00,C,UNVERIFIED
B0165,T4a5e2dd35d,1999-05-28,1200000.00,C,UNVERIFIED
B0166,Tf4307cd12e,1999-06-02,2600000.00,C,UNVERIFIED
B0167,T7311e27416,1999-06-03,3500000.00,C,UNVERIFIED
B0168,T543a44f017,1999-06-15,4700000.00,C,UNVERIFIED
B0169,T11a5c99945,1999-06-15,4000000.00,C,VERIFIED
B0170,T369208182e,1999-06-15,4000000.00,C,VERIFIED
B0171,T8e6a8fe866,1999-06-17,1700000.00,C,VERIFIED
B0172,T5bf6beb5ff,1999-06-21,3000000.00,C,VERIFIED
B0173,T63a01def0d,1999-06-22,4000000.00,C,VERIFIED
B0174,Tce144add8a,1999-06-29,6500000.00,C,UNVERIFIED
B0175,T78751a7624,1999-06-29,800000.00,C,UNVERIFIED
B0176,Td0804c9b4a,1999-06-30,1400000.00,C,UNVERIFIED
B0177,Tad1ed70849,1999-07-01,4200000.00,C,UNVERIFIED
B0178,T7fec135dc8,1999-07-07,3000000.00,C,UNVERIFIED
B0179,Td9514cf753,1999-07-08,5750000.00,C,UNVERIFIED
B0180,Tdd2840c45d,1999-07-08,3000000.00,C,VERIFIED
B0181,T7a1819c164,1999-07-09,4500000.00,C,VERIFIED
B0182,T49a10b54a2,1999-07-10,2000000.00,C,UNVERIFIED
B0183,T3ac411e3f0,1999-07-10,3000000.00,C,UNVERIFIED
B0184,T4aafd66733,1999-07-14,3000000.00,C,UNVERIFIED
B0185,T63092d4b86,1999-07-16,750000.00,C,UNVERIFIED
B0186,T43ed1ffb14,1999-07-16,3500000.00,C,VERIFIED
B0187,T2a227adec7,1999-07-20,1000000.00,C,UNVERIFIED
B0188,Td5ce353a86,1999-07-23,5000000.00,C,VERIFIED
B0189,T952aeac71a,1999-07-26,2000000.00,C,UNVERIFIED
B0190,Ta4d200f913,1999-07-30,1700000.00,C,UNVERIFIED
B0191,T5ade3aa3f1,1999-07-30,1000000.00,C,UNVERIFIED
B0192,T530bf93e3a,1999-07-30,2100000.00,C,UNVERIFIED
B0193,T54d0ddd7c6,1999-07-31,4000000.00,C,VERIFIED
B0194,T2b24256749,1999-07-31,1000000.00,C,UNVERIFIED
B0195,T8e51863348,1999-08-05,800000.00,C,UNVERIFIED
B0196,T2d6d7e8342,1999-08-06,1000000.00,C,VERIFIED
B0197,Tee4be26274,1999-08-06,3000000.00,C,VERIFIED
B0198,T05bae9a47f,1999-08-11,4000000.00,C,UNVERIFIED
B0199,T01b4eb0b78,1999-08-14,3500000.00,C,UNVERIFIED
B0200,T6a21ab9b3b,1999-08-31,4500000.00,C,VERIFIED
B0201,Tc6a185cbe6,1999-09-03,1500000.00,C,UNVERIFIED
B0202,T9ca00bad33,1999-09-10,4000000.00,C,UNVERIFIED
B0203,Ta64e8edc9e,1999-09-17,500000.00,C,UNVERIFIED
B0204,T7340e9b7ab,1999-10-20,800000.00,C,UNVERIFIED
B0205,T6fb210eeda,1999-10-22,500000.00,C,UNVERIFIED
B0206,T7535818c8a,1999-10-27,1500000.00,C,UNVERIFIED
B0207,T0780e6c287,1999-11-12,1000000.00,C,UNVERIFIED
B0208,T7540f28110,1999-11-18,500000.00,C,UNVERIFIED
B0209,T2c7047dc3a,1999-12-08,250000.00,C,UNVERIFIED
B0210,T221424b3df,1999-12-10,3200000.00,C,UNVERIFIED
B0211,T8dec021e0d,1999-12-15,2200000.00,C,VERIFIED
B0212,T4ebcc70718,1999-12-17,3000000.00,C,UNVERIFIED
B0213,Te72de3114e,1999-12-20,250000.00,C,UNVERIFIED
B0214,Td1aa311c0e,1999-12-23,2700000.00,C,VERIFIED
B0215,T42bbc9458e,1999-12-24,450000.00,C,UNVERIFIED
B0216,Tec5ae11ac9,2000-01-11,1500000.00,C,VERIFIED
B0217,T33d9bb77c2,2000-01-20,1200000.00,C,VERIFIED
B0218,Tdce31cfe88,2000-01-20,500000.00,C,UNVERIFIED
B0219,T559fc41ba3,2000-01-21,750000.00,C,UNVERIFIED
B0220,Tdbc01d4240,2000-01-28,2000000.00,C,UNVERIFIED
B0221,T3489177939,2000-02-24,750000.00,C,UNVERIFIED
B0222,T8408e260ad,2000-03-07,3000000.00,C,UNVERIFIED
B0223,Tf2e634352e,2000-03-23,1600000.00,C,UNVERIFIED
B0224,Tceb54c25cf,2000-04-19,3000000.00,C,UNVERIFIED
B0225,Td14afa65dd,2000-05-15,3700000.00,C,VERIFIED
B0226,Ta9263033d0,2000-05-18,6000000.00,C,VERIFIED
B0227,T8783654a57,2000-05-25,500000.00,C,UNVERIFIED
B0228,T87c5c3a1dd,2000-05-31,1500000.00,C,UNVERIFIED
B0229,Td4b24fee0b,2000-06-01,1200000.00,C,UNVERIFIED
B0230,Tf1a549b132,2000-06-08,3000000.00,C,UNVERIFIED
B0231,Tc47f91366c,2000-06-13,2500000.00,C,VERIFIED
B0232,Tc6e0adb485,2000-06-19,4000000.00,C,UNVERIFIED
B0233,T7bb9645a5d,2000-06-26,500000.00,C,UNVERIFIED
B0234,T1eebd4699b,2000-06-28,5600000.00,C,UNVERIFIED
B0235,T1d7c4c312d,2000-06-30,3000000.00,C,VERIFIED
B0236,T75c8039621,2000-07-04,3000000.00,C,UNVERIFIED
B0237,T68e93a78f4,2000-07-04,2500000.00,C,VERIFIED
B0238,Tf169e35d28,2000-07-05,2100000.00,C,VERIFIED
B0239,Tc8a08627ae,2000-07-05,2000000.00,C,VERIFIED
B0240,Tba31d29c8c,2000-07-07,2500000.00,C,UNVERIFIED
B0241,Tc2ed58cb1d,2000-07-08,2500000.00,C,UNVERIFIED
B0242,T84c8a0ffcc,2000-07-12,1000000.00,C,VERIFIED
B0243,Tbe72609c46,2000-07-13,4500000.00,C,UNVERIFIED
B0244,Tc749dfed02,2000-07-14,2500000.00,C,UNVERIFIED
B0245,T79e7cf1b8d,2000-07-14,2000000.00,C,VERIFIED
B0246,Tc74318cc29,2000-07-19,2500000.00,C,UNVERIFIED
B0247,T856c88c629,2000-07-21,2000000.00,C,UNVERIFIED
B0248,T821aae03e9,2000-07-24,2500000.00,C,VERIFIED
B0249,T7897f683cb,2000-07-25,3500000.00,C,VERIFIED
B0250,Td8503c7fc9,2000-07-26,5000000.00,C,UNVERIFIED
B0251,T08de1a0cfc,2000-07-28,5600000.00,C,UNVERIFIED
B0252,T60ac9cf904,2000-07-28,3700000.00,C,VERIFIED
B0253,T653714cbb1,2000-07-30,3000000.00,C,VERIFIED
B0254,T91a7d9dbf4,2000-07-31,3750000.00,C,UNVERIFIED
B0255,T75035dd407,2000-07-31,3000000.00,C,UNVERIFIED
B0256,T3c5be8f094,2000-07-31,2000000.00,C,UNVERIFIED
B0257,Te5d97ee8e7,2000-07-31,1500000.00,C,UNVERIFIED
B0258,T5b32fd5abf,2000-08-02,3000000.00,C,VERIFIED
B0259,T86370b5613,2000-08-07,2500000.00,C,UNVERIFIED
B0260,T215deecd20,2000-08-17,4750000.00,C,UNVERIFIED
B0261,T6c5d0d7b4b,2000-08-17,3750000.00,C,VERIFIED
B0262,T5cdaf04638,2000-08-18,4000000.00,C,UNVERIFIED
B0263,Te11e277017,2000-08-25,5500000.00,C,UNVERIFIED
B0264,T19ccc3a152,2000-08-31,3000000.00,C,UNVERIFIED
B0265,T8fa9d49e7e,2000-08-31,900000.00,C,UNVERIFIED
B0266,T83f756e6b7,2000-09-04,1000000.00,C,UNVERIFIED
B0267,Td11441e3fe,2000-09-30,2200000.00,C,UNVERIFIED
B0268,Tc485dfada0,2000-10-16,3000000.00,C,VERIFIED
B0269,T2f6e5b1049,2000-10-31,1000000.00,C,UNVERIFIED
B0270,T9f0582e884,2000-11-08,700000.00,C,UNVERIFIED
B0271,T896053a874,2000-11-28,250000.00,C,UNVERIFIED
B0272,Tc70a66c9bd,2000-11-28,2500000.00,C,VERIFIED
B0273,Tf18155f167,2000-12-01,500000.00,C,UNVERIFIED
B0274,T3db19c1465,2000-12-07,5500000.00,C,UNVERIFIED
B0275,T0a71ac5fdc,2000-12-14,3000000.00,C,UNVERIFIED
B0276,Td9a8496aa5,2000-12-15,1750000.00,C,VERIFIED
B0277,T1145b94ece,2000-12-21,2200000.00,C,VERIFIED
B0278,T209d790dff,2000-12-29,2500000.00,C,UNVERIFIED
B0279,T190a68cdee,2001-01-03,1500000.00,C,UNVERIFIED
B0280,Td4d67c6541,2001-01-13,9500000.00,B,UNVERIFIED
B0281,Te6f03968a2,2001-01-18,1750000.00,C,UNVERIFIED
B0282,T1a3553cb57,2001-01-31,4000000.00,C,VERIFIED
B0283,T22a92aa89d,2001-01-31,1000000.00,C,UNVERIFIED
B0284,T21ba7765ce,2001-02-28,1000000.00,C,UNVERIFIED
B0285,T2de816a352,2001-03-07,1250000.00,C,UNVERIFIED
B0286,T4ae34bddbf,2001-03-08,600000.00,C,UNVERIFIED
B0287,T8f26aafb09,2001-03-13,250000.00,C,UNVERIFIED
B0288,T956ec7c8b0,2001-03-19,2000000.00,C,UNVERIFIED
B0289,Tae117e3ff5,2001-05-18,3500000.00,C,UNVERIFIED
B0290,T4f74d0bd37,2001-05-21,6200000.00,C,UNVERIFIED
B0291,Tdfc7fcd337,2001-05-22,2000000.00,C,UNVERIFIED
B0292,T3e65fe3a38,2001-06-14,8000000.00,C,VERIFIED
B0293,T0d4103295e,2001-06-14,11000000.00,C,UNVERIFIED
B0294,Tc9185f7ee3,2001-06-14,1700000.00,C,UNVERIFIED
B0295,T28b2b8c29f,2001-06-18,7000000.00,C,UNVERIFIED
B0296,T86f0f204ef,2001-06-19,8500000.00,C,UNVERIFIED
B0297,Tc1a4590744,2001-06-20,4000000.00,C,UNVERIFIED
B0298,T7c0cdd2585,2001-06-25,1600000.00,C,UNVERIFIED
B0299,T7787c9bb13,2001-06-26,7500000.00,C,VERIFIED
B0300,T6e95e72a1c,2001-06-29,1500000.00,C,UNVERIFIED
B0301,Tc9fd0225c1,2001-06-30,6000000.00,C,VERIFIED
B0302,T893f4b5d1d,2001-07-01,500000.00,C,UNVERIFIED
B0303,T58af80b99d,2001-07-07,2500000.00,C,VERIFIED
B0304,Ta6234958bd,2001-07-09,2500000.00,C,UNVERIFIED
B0305,Tdef035e283,2001-07-10,4000000.00,C,VERIFIED
B0306,Tba138caf79,2001-07-11,3500000.00,C,UNVERIFIED
B0307,Tdf883470d5,2001-07-11,6500000.00,C,VERIFIED
B0308,T46ae7f9da4,2001-07-12,28100000.00,B,UNVERIFIED
B0309,Tebcd9d65b0,2001-07-17,4500000.00,C,VERIFIED
B0310,Td59e232ad5,2001-07-19,2000000.00,C,VERIFIED
B0311,T376c60f00d,2001-07-19,5000000.00,C,UNVERIFIED
B0312,T0069cfd7e1,2001-07-25,3000000.00,C,VERIFIED
B0313,Tbdcfc81f91,2001-07-26,3200000.00,C,UNVERIFIED
B0314,Tc172053ced,2001-07-31,3000000.00,C,VERIFIED
B0315,Tf003f739a9,2001-08-01,2000000.00,C,UNVERIFIED
B0316,T2590ace874,2001-08-01,9500000.00,C,UNVERIFIED
B0317,Tcf27805fb6,2001-08-02,7500000.00,C,UNVERIFIED
B0318,T9e19c2d56d,2001-08-08,3500000.00,C,UNVERIFIED
B0319,Tf289fbafdc,2001-08-09,2000000.00,C,VERIFIED
B0320,Tabb04bd45a,2001-08-09,1500000.00,C,VERIFIED
B0321,T0dd4b2fff4,2001-08-17,4500000.00,C,VERIFIED
B0322,Tdc9bdce94c,2001-08-17,6500000.00,C,UNVERIFIED
B0323,T8883ce4d69,2001-08-24,5800000.00,C,UNVERIFIED
B0324,T3cca703aa8,2001-08-30,5000000.00,C,UNVERIFIED
B0325,T47b31fdf74,2001-08-31,4850000.00,C,UNVERIFIED
B0326,T8cb9f6a3f7,2001-09-07,1000000.00,C,VERIFIED
B0327,Tf9bb0d3eb3,2001-09-09,600000.00,C,UNVERIFIED
B0328,Tf229574974,2001-09-11,500000.00,C,UNVERIFIED
B0329,T926196c050,2001-09-13,1500000.00,C,UNVERIFIED
B0330,T3424d33547,2001-09-14,5500000.00,C,UNVERIFIED
B0331,T96f8bcc399,2001-09-19,1200000.00,C,UNVERIFIED
B0332,Td88aa3283f,2001-11-15,375000.00,C,UNVERIFIED
B0333,Tb90db1a94e,2001-11-30,1250000.00,C,UNVERIFIED
B0334,Tcea7ef8a71,2001-12-11,350000.00,C,UNVERIFIED
B0335,T9045bbc5f3,2002-01-07,350000.00,C,UNVERIFIED
B0336,T5bf9501895,2002-01-22,6900000.00,B,UNVERIFIED
B0337,Tabff4f3b4c,2002-01-28,1500000.00,C,UNVERIFIED
B0338,Td7dbd3ee82,2002-01-30,800000.00,C,UNVERIFIED
B0339,T5035b42a7a,2002-01-31,2500000.00,C,UNVERIFIED
B0340,T484a42687f,2002-02-05,2200000.00,C,UNVERIFIED
B0341,Td2fbe31d82,2002-02-08,1900000.00,C,UNVERIFIED
B0342,T442cffad68,2002-03-27,5000000.00,C,UNVERIFIED
