window,deal_id,date,player,from_club,to_club,type,what_we_need
January 2004,T3a8f92f7a2,2003-11-28,Chris Perry,Tottenham Hotspur,Charlton Athletic,permanent,the fee confirmed at a club/league or grade A/B source (only Wikipedia gives it now)
January 2004,T5addc78f14,2003-12-13,Boaz Myhill,Aston Villa,Hull City,permanent,the fee confirmed at a club/league or grade A/B source (only Wikipedia gives it now)
January 2004,Tf943c32e7c,2003-12-23,Danny Jackman,Aston Villa,Stockport County,permanent,the fee confirmed at a club/league or grade A/B source (only Wikipedia gives it now)
January 2004,Tef74b6c18a,2004-01-12,Dong Fangzhuo,Dalian Shide,Manchester United,permanent,the fee confirmed at a club/league or grade A/B source (only Wikipedia gives it now)
January 2004,Tbcefd5f388,2004-01-28,Jonathan Blondel,Tottenham Hotspur,Club Brugge,undisclosed,a reported fee from club/league or grade A/B press (the clubs did not disclose it)
January 2004,T95dc03dcd3,2004-01-29,Paul Jones,Southampton,Wolverhampton Wanderers,permanent,the fee confirmed at a club/league or grade A/B source (only Wikipedia gives it now)
January 2004,T1aac99a7e5,2004-02-06,Alan Tate,Manchester United,Swansea City,undisclosed,a reported fee from club/league or grade A/B press (the clubs did not disclose it)
January 2005,T7c6bab4507,2004-11-08,Scott Dobie,West Bromwich Albion,Millwall,permanent,the fee confirmed at a club/league or grade A/B source (only Wikipedia gives it now)
January 2005,T3392bd8b67,2004-12-02,Larus Sigurdsson,West Bromwich Albion,,permanent,"the fee, or confirmation that there was none, from club/league or grade A/B press"
January 2005,T6b489e3c8d,2004-12-06,Simon Brown,West Bromwich Albion,Mansfield Town,permanent,the fee confirmed at a club/league or grade A/B source (only Wikipedia gives it now)
January 2005,T3af4818ba5,2004-12-27,Bojan Djordjic,Manchester United,Rangers,undisclosed,a reported fee from club/league or grade A/B press (the clubs did not disclose it)
January 2005,Taeb005f0f4,2005-01-31,Graham Stuart,Charlton Athletic,Norwich City,undisclosed,a reported fee from club/league or grade A/B press (the clubs did not disclose it)
January 2005,T2ff371c946,2005-03-24,James O'Connor,West Bromwich Albion,Burnley,permanent,the fee confirmed at a club/league or grade A/B source (only Wikipedia gives it now)
summer 2007,T984362b8fe,2007-05-14,Alessandro Pistone,Everton,''Released'',permanent,"the fee, or confirmation that there was none, from club/league or grade A/B press"
summer 2007,T333f8da0c4,2007-05-17,David Dowson,Youth system,Sunderland,permanent,"the fee, or confirmation that there was none, from club/league or grade A/B press"
summer 2007,T68ec5890fa,2007-05-17,Jamie Chandler,Youth system,Sunderland,permanent,"the fee, or confirmation that there was none, from club/league or grade A/B press"
summer 2007,Tcb2a9a38cb,2007-05-17,Robbie Weir,Youth system,Sunderland,permanent,"the fee, or confirmation that there was none, from club/league or grade A/B press"
summer 2007,T68eea2ee88,2007-05-18,Kenny Cunningham,Sunderland,–,permanent,"the fee, or confirmation that there was none, from club/league or grade A/B press"
summer 2007,Tcace54d083,2007-06-30,Andreas Weimann,Rapid Wien,Aston Villa,undisclosed,a reported fee from club/league or grade A/B press (the clubs did not disclose it)
summer 2007,T4e7303ba42,2007-07-01,Chris Sutton,Aston Villa,Retired,permanent,"the fee, or confirmation that there was none, from club/league or grade A/B press"
summer 2007,T31d04c27f7,2007-07-01,Mark Delaney,Aston Villa,Retired,permanent,"the fee, or confirmation that there was none, from club/league or grade A/B press"
summer 2007,Tc88f58c352,2007-08-25,Tobias Hysén,Sunderland,Göteborg,undisclosed,a reported fee from club/league or grade A/B press (the clubs did not disclose it)
summer 2013,T324ea27567,2013-05-20,Michael Owen,Stoke City,Retired,permanent,"the fee, or confirmation that there was none, from club/league or grade A/B press"
summer 2013,T4b71eb00c7,2013-06-30,Dean Parrett,Tottenham Hotspur,Stevenage,permanent,"the fee, or confirmation that there was none, from club/league or grade A/B press"
summer 2013,T142d66932c,2013-06-30,Jack Barthram,Tottenham Hotspur,Swindon Town,permanent,"the fee, or confirmation that there was none, from club/league or grade A/B press"
summer 2013,Tc4246eecfd,2013-06-30,Jack Munns,Tottenham Hotspur,Birmingham City,permanent,"the fee, or confirmation that there was none, from club/league or grade A/B press"
summer 2013,T851873708b,2013-06-30,Jake Nicholson,Tottenham Hotspur,Greenock Morton,permanent,"the fee, or confirmation that there was none, from club/league or grade A/B press"
summer 2013,T41c6d0446b,2013-06-30,John Bostock,Tottenham Hotspur,Royal Antwerp,permanent,"the fee, or confirmation that there was none, from club/league or grade A/B press"
summer 2013,Tc3b817f50e,2013-06-30,William Gallas,Tottenham Hotspur,Perth Glory,permanent,"the fee, or confirmation that there was none, from club/league or grade A/B press"
summer 2013,Tfcf54ba493,2013-07-04,Mats Møller Dæhli,Manchester United,Molde,undisclosed,a reported fee from club/league or grade A/B press (the clubs did not disclose it)
summer 2013,Tc35bc1a71c,2013-09-02,Gabriel Tamaș,West Bromwich Albion,CFR Cluj,permanent,"the fee, or confirmation that there was none, from club/league or grade A/B press"
summer 2013,Te1b84689b9,2013-09-02,Saidy Janko,Zürich,Manchester United,undisclosed,a reported fee from club/league or grade A/B press (the clubs did not disclose it)
summer 2013,Tb3fdad7ec1,2013-10-23,Matt Macey,Bristol Rovers,Arsenal,permanent,the fee confirmed at a club/league or grade A/B source (only Wikipedia gives it now)
summer 2019,Tc7ceb0ec1f,2019-05-23,Hong Wan,Yeovil Town,Wolverhampton Wanderers,undisclosed,a reported fee from club/league or grade A/B press (the clubs did not disclose it)
summer 2019,T04b13a1d12,2019-06-28,Raphaël Nya,Paris Saint-Germain,Wolverhampton Wanderers,undisclosed,a reported fee from club/league or grade A/B press (the clubs did not disclose it)
summer 2019,T99f297e6a4,2019-06-30,Callum Gribbin,Manchester United,Sheffield United,permanent,"the fee, or confirmation that there was none, from club/league or grade A/B press"
summer 2019,Tbfc06eb2b8,2019-06-30,James Thompson,Manchester United,Released,permanent,"the fee, or confirmation that there was none, from club/league or grade A/B press"
summer 2019,Tf4ba016148,2019-06-30,Tyrell Warren,Manchester United,Released,permanent,"the fee, or confirmation that there was none, from club/league or grade A/B press"
summer 2019,Ta5a56847b2,2019-06-30,Zak Dearnley,Manchester United,New Mills,permanent,"the fee, or confirmation that there was none, from club/league or grade A/B press"
summer 2019,Tfdd6bc5766,2019-07-01,Archie Mair,Aberdeen,Norwich City,undisclosed,a reported fee from club/league or grade A/B press (the clubs did not disclose it)
summer 2019,T9e8032ee36,2019-07-01,Bruno,Brighton & Hove Albion,Retired,permanent,"the fee, or confirmation that there was none, from club/league or grade A/B press"
summer 2019,Tfde2f95d6c,2019-07-01,Christian Veliky,Slavia Prague,West Ham United,undisclosed,a reported fee from club/league or grade A/B press (the clubs did not disclose it)
summer 2019,T33edc60d33,2019-07-01,Christopher Farrugia,Floriana,Sheffield United,undisclosed,a reported fee from club/league or grade A/B press (the clubs did not disclose it)
summer 2019,T0cbdcd610b,2019-07-01,Isak Midttun Solberg,Bryne,Tottenham Hotspur,undisclosed,a reported fee from club/league or grade A/B press (the clubs did not disclose it)
summer 2019,T7cfb5e5a72,2019-07-01,Jared Thompson,Chelsea,Exeter City,permanent,"the fee, or confirmation that there was none, from club/league or grade A/B press"
summer 2019,Te00bf2ff36,2019-07-01,Joel Senior,Curzon Ashton,Burnley,undisclosed,a reported fee from club/league or grade A/B press (the clubs did not disclose it)
summer 2019,Tb20c4f9d09,2019-07-01,Jonathan Walters,Burnley,Retired,permanent,"the fee, or confirmation that there was none, from club/league or grade A/B press"
summer 2019,T098de880ec,2019-07-01,Kion Etete,Notts County,Tottenham Hotspur,undisclosed,a reported fee from club/league or grade A/B press (the clubs did not disclose it)
summer 2019,Tf47b4b6f05,2019-07-01,Leander Dendoncker,Anderlecht,Wolverhampton Wanderers,permanent,the fee confirmed at a club/league or grade A/B source (only Wikipedia gives it now)
summer 2019,T307dc005f4,2019-07-01,Marcel Franke,Norwich City,Hannover 96,undisclosed,a reported fee from club/league or grade A/B press (the clubs did not disclose it)
summer 2019,Tbe34482396,2019-07-01,Obbi Oularé,Watford,Standard Liège,undisclosed,a reported fee from club/league or grade A/B press (the clubs did not disclose it)
summer 2019,Td16ee856ee,2019-07-01,Peter Crouch,Burnley,Retired,permanent,"the fee, or confirmation that there was none, from club/league or grade A/B press"
summer 2019,Td76e16393c,2019-07-01,Rob Nizet,Anderlecht,Norwich City,undisclosed,a reported fee from club/league or grade A/B press (the clubs did not disclose it)
summer 2019,T63c4cfeacc,2019-07-01,Robert Green,Chelsea,Retired,permanent,"the fee, or confirmation that there was none, from club/league or grade A/B press"
summer 2019,Tab0cc7e2f3,2019-07-01,Sebastian Kristensen,Lyngby,Everton,undisclosed,a reported fee from club/league or grade A/B press (the clubs did not disclose it)
summer 2019,Tbbf14f119d,2019-07-01,Sulayman Marreh,Watford,Eupen,undisclosed,a reported fee from club/league or grade A/B press (the clubs did not disclose it)
summer 2019,T2f54879715,2019-07-01,Tomáš Kalas,Chelsea,Bristol City,permanent,the fee confirmed at a club/league or grade A/B source (only Wikipedia gives it now)
summer 2019,T1dd3ac5987,2019-07-02,João Caiado,Wolverhampton Wanderers,Famalicão,undisclosed,a reported fee from club/league or grade A/B press (the clubs did not disclose it)
summer 2019,T7c61cd340e,2019-07-02,Pedro Gonçalves,Wolverhampton Wanderers,Famalicão,undisclosed,a reported fee from club/league or grade A/B press (the clubs did not disclose it)
summer 2019,Td96470339f,2019-07-03,Lee Harkin,Moyola Park,Wolverhampton Wanderers,undisclosed,a reported fee from club/league or grade A/B press (the clubs did not disclose it)
summer 2019,T5b9feb38e0,2019-07-05,Ali Reghba,Bohemians,Leicester City,undisclosed,a reported fee from club/league or grade A/B press (the clubs did not disclose it)
summer 2019,Tcf7b7f87bb,2019-07-05,George Hirst,OH Leuven,Leicester City,undisclosed,a reported fee from club/league or grade A/B press (the clubs did not disclose it)
summer 2019,T08069a5c75,2019-07-08,Ashton Hall,Matlock Town,Sheffield United,undisclosed,a reported fee from club/league or grade A/B press (the clubs did not disclose it)
summer 2019,T27b1e7989a,2019-07-08,Sherwin Seedorf,Wolverhampton Wanderers,Motherwell,undisclosed,a reported fee from club/league or grade A/B press (the clubs did not disclose it)
summer 2019,T45ba7b289c,2019-07-10,Tsun Dai,Oxford United,Wolverhampton Wanderers,undisclosed,a reported fee from club/league or grade A/B press (the clubs did not disclose it)
summer 2019,T79e18adf28,2019-07-12,Erik Bugarin,Celta Vigo,Wolverhampton Wanderers,undisclosed,a reported fee from club/league or grade A/B press (the clubs did not disclose it)
summer 2019,T8f5f627a38,2019-07-12,Jack Scott,Linfield,Wolverhampton Wanderers,undisclosed,a reported fee from club/league or grade A/B press (the clubs did not disclose it)
summer 2019,Ta2b4b3a7d4,2019-07-12,Owen Hesketh,Manchester City,Wolverhampton Wanderers,undisclosed,a reported fee from club/league or grade A/B press (the clubs did not disclose it)
summer 2019,T277bb0b3d4,2019-07-12,Sam Dalby,Leeds United,Watford,undisclosed,a reported fee from club/league or grade A/B press (the clubs did not disclose it)
summer 2019,T4eeaff02ca,2019-07-18,Daishawn Redan,Chelsea,Hertha BSC,permanent,the fee confirmed at a club/league or grade A/B source (only Wikipedia gives it now)
summer 2019,T2251064294,2019-07-18,Taylor Richards,Manchester City,Brighton & Hove Albion,undisclosed,a reported fee from club/league or grade A/B press (the clubs did not disclose it)
summer 2019,Te1dfdf5bcf,2019-07-19,Todd Miller,Colchester United,Brighton & Hove Albion,undisclosed,a reported fee from club/league or grade A/B press (the clubs did not disclose it)
summer 2019,T395e6ea2de,2019-07-20,Nélson Oliveira,Norwich City,AEK Athens,undisclosed,a reported fee from club/league or grade A/B press (the clubs did not disclose it)
summer 2019,T6b8236c0f9,2019-07-22,Jordy Clasie,Southampton,AZ Alkmaar,undisclosed,a reported fee from club/league or grade A/B press (the clubs did not disclose it)
summer 2019,Te8c0606835,2019-07-23,Bassala Sambou,Everton,Fortuna Sittard,compensation,"the fee, or confirmation that there was none, from club/league or grade A/B press"
summer 2019,T4abc5ae3de,2019-07-26,Reece McAlear,Motherwell,Norwich City,undisclosed,a reported fee from club/league or grade A/B press (the clubs did not disclose it)
summer 2019,T8cd1e5b82b,2019-07-27,Nishan Burkart,Manchester United,Freiburg,undisclosed,a reported fee from club/league or grade A/B press (the clubs did not disclose it)
summer 2019,T84cbccc04c,2019-07-27,Tobi Oluwayemi,Tottenham Hotspur,Celtic,undisclosed,a reported fee from club/league or grade A/B press (the clubs did not disclose it)
summer 2019,T535e294242,2019-07-28,Xavier Amaechi,Arsenal,Hamburger SV,permanent,the fee confirmed at a club/league or grade A/B source (only Wikipedia gives it now)
summer 2019,T9346cedfa7,2019-08-02,Chituru Odunze,Vancouver Whitecaps,Leicester City,undisclosed,a reported fee from club/league or grade A/B press (the clubs did not disclose it)
summer 2019,T9c14bf6fc0,2019-08-04,Takuma Asano,Arsenal,Partizan Belgrade,permanent,the fee confirmed at a club/league or grade A/B source (only Wikipedia gives it now)
summer 2019,Tcef2e0b7c8,2019-08-09,Callum Hulme,Bury,Leicester City,undisclosed,a reported fee from club/league or grade A/B press (the clubs did not disclose it)
summer 2019,Ta7d2015290,2019-08-09,Cyriaque Mayounga,Lyon,Wolverhampton Wanderers,undisclosed,a reported fee from club/league or grade A/B press (the clubs did not disclose it)
summer 2019,T7e45d715d4,2019-08-12,Henry Onyekuru,Everton,Monaco,undisclosed,a reported fee from club/league or grade A/B press (the clubs did not disclose it)
summer 2019,T9fe7af02a5,2019-08-22,Georges-Kévin Nkoudou,Tottenham Hotspur,Beşiktaş,permanent,the fee confirmed at a club/league or grade A/B source (only Wikipedia gives it now)
summer 2019,T6ccafdae0b,2019-08-23,Samuel Shashoua,Tottenham Hotspur,Tenerife,undisclosed,a reported fee from club/league or grade A/B press (the clubs did not disclose it)
summer 2019,T71c84f8213,2019-08-27,Darragh O'Connor,Wexford,Leicester City,undisclosed,a reported fee from club/league or grade A/B press (the clubs did not disclose it)
summer 2019,T10a162c18b,2019-08-30,Alex Pașcanu,Leicester City,CFR Cluj,permanent,the fee confirmed at a club/league or grade A/B source (only Wikipedia gives it now)
summer 2019,T1513c0e674,2019-09-16,Lukas Jensen,Hellerup,Burnley,undisclosed,a reported fee from club/league or grade A/B press (the clubs did not disclose it)
summer 2019,T8d38b36613,2019-10-08,Joel Mumbongo,Hellas Verona,Burnley,undisclosed,a reported fee from club/league or grade A/B press (the clubs did not disclose it)
