month_end,top12_in_rank_order
1992-05-31,arsenal;aston_villa;blackburn_rovers;chelsea;coventry_city;crystal_palace;everton;ipswich_town;leeds_united;liverpool;manchester_city;manchester_united
1992-06-30,arsenal;aston_villa;blackburn_rovers;chelsea;coventry_city;crystal_palace;everton;ipswich_town;leeds_united;liverpool;manchester_city;manchester_united
1992-07-31,blackburn_rovers;leeds_united;liverpool;chelsea;sheffield_wednesday;oldham_athletic;ipswich_town;aston_villa;coventry_city;crystal_palace;everton;manchester_city
1992-08-31,blackburn_rovers;leeds_united;manchester_city;liverpool;chelsea;sheffield_wednesday;oldham_athletic;ipswich_town;aston_villa;coventry_city;crystal_palace;everton
1992-09-30,blackburn_rovers;leeds_united;manchester_city;aston_villa;sheffield_wednesday;chelsea;oldham_athletic;ipswich_town;liverpool;coventry_city;everton;qpr
1992-10-31,blackburn_rovers;leeds_united;manchester_city;aston_villa;sheffield_wednesday;chelsea;oldham_athletic;ipswich_town;liverpool;coventry_city;everton;qpr
1992-11-30,blackburn_rovers;manchester_city;aston_villa;sheffield_wednesday;leeds_united;chelsea;manchester_united;oldham_athletic;ipswich_town;liverpool;coventry_city;everton
1992-12-31,blackburn_rovers;manchester_city;aston_villa;sheffield_wednesday;leeds_united;chelsea;manchester_united;oldham_athletic;ipswich_town;liverpool;coventry_city;everton
1993-01-31,blackburn_rovers;manchester_city;aston_villa;sheffield_wednesday;leeds_united;chelsea;manchester_united;oldham_athletic;ipswich_town;liverpool;coventry_city;everton
1993-02-28,blackburn_rovers;manchester_city;aston_villa;sheffield_wednesday;leeds_united;chelsea;manchester_united;oldham_athletic;ipswich_town;arsenal;liverpool;coventry_city
1993-03-31,blackburn_rovers;manchester_city;aston_villa;sheffield_wednesday;chelsea;manchester_united;leeds_united;oldham_athletic;ipswich_town;arsenal;liverpool;qpr
1993-04-30,blackburn_rovers;manchester_city;aston_villa;sheffield_wednesday;chelsea;manchester_united;leeds_united;oldham_athletic;ipswich_town;arsenal;liverpool;qpr
1993-05-31,blackburn_rovers;manchester_city;aston_villa;sheffield_wednesday;chelsea;manchester_united;leeds_united;oldham_athletic;ipswich_town;arsenal;liverpool;newcastle_united
1993-06-30,blackburn_rovers;manchester_city;aston_villa;liverpool;sheffield_wednesday;chelsea;arsenal;manchester_united;ipswich_town;leeds_united;oldham_athletic;qpr
1993-07-31,blackburn_rovers;manchester_united;liverpool;aston_villa;leeds_united;manchester_city;sheffield_wednesday;arsenal;ipswich_town;newcastle_united;oldham_athletic;qpr
1993-08-31,blackburn_rovers;aston_villa;manchester_united;liverpool;sheffield_wednesday;leeds_united;manchester_city;arsenal;chelsea;swindon_town;ipswich_town;newcastle_united
1993-09-30,blackburn_rovers;liverpool;aston_villa;manchester_united;leeds_united;manchester_city;sheffield_wednesday;arsenal;ipswich_town;chelsea;swindon_town;crystal_palace
1993-10-31,blackburn_rovers;liverpool;aston_villa;manchester_united;manchester_city;chelsea;sheffield_wednesday;arsenal;ipswich_town;leeds_united;swindon_town;crystal_palace
1993-11-30,blackburn_rovers;liverpool;aston_villa;manchester_united;manchester_city;chelsea;sheffield_wednesday;arsenal;ipswich_town;swindon_town;leeds_united;crystal_palace
1993-12-31,blackburn_rovers;liverpool;aston_villa;manchester_united;manchester_city;chelsea;sheffield_wednesday;arsenal;ipswich_town;swindon_town;leeds_united;crystal_palace
1994-01-31,blackburn_rovers;liverpool;aston_villa;manchester_united;manchester_city;chelsea;sheffield_wednesday;arsenal;ipswich_town;swindon_town;leeds_united;crystal_palace
1994-02-28,blackburn_rovers;liverpool;aston_villa;manchester_united;manchester_city;chelsea;sheffield_wednesday;arsenal;newcastle_united;ipswich_town;leeds_united;swindon_town
1994-03-31,blackburn_rovers;liverpool;aston_villa;manchester_united;newcastle_united;manchester_city;chelsea;sheffield_wednesday;ipswich_town;leeds_united;swindon_town;crystal_palace
1994-04-30,blackburn_rovers;liverpool;aston_villa;manchester_united;newcastle_united;manchester_city;chelsea;sheffield_wednesday;ipswich_town;leeds_united;swindon_town;crystal_palace
1994-05-31,blackburn_rovers;liverpool;chelsea;manchester_united;aston_villa;newcastle_united;manchester_city;sheffield_wednesday;ipswich_town;leeds_united;swindon_town;leicester_city
1994-06-30,blackburn_rovers;liverpool;manchester_city;chelsea;manchester_united;aston_villa;newcastle_united;leeds_united;ipswich_town;arsenal;crystal_palace;swindon_town
1994-07-31,blackburn_rovers;liverpool;manchester_united;manchester_city;chelsea;newcastle_united;aston_villa;leeds_united;ipswich_town;arsenal;leicester_city;crystal_palace
1994-08-31,blackburn_rovers;newcastle_united;manchester_united;chelsea;liverpool;aston_villa;sheffield_wednesday;manchester_city;leeds_united;everton;ipswich_town;leicester_city
1994-09-30,blackburn_rovers;liverpool;newcastle_united;chelsea;aston_villa;manchester_united;ipswich_town;sheffield_wednesday;manchester_city;leeds_united;everton;leicester_city
1994-10-31,blackburn_rovers;liverpool;newcastle_united;chelsea;aston_villa;manchester_united;ipswich_town;sheffield_wednesday;manchester_city;leeds_united;everton;leicester_city
1994-11-30,blackburn_rovers;liverpool;newcastle_united;chelsea;aston_villa;manchester_united;ipswich_town;sheffield_wednesday;manchester_city;leeds_united;everton;leicester_city
1994-12-31,blackburn_rovers;liverpool;newcastle_united;everton;chelsea;aston_villa;manchester_united;ipswich_town;manchester_city;sheffield_wednesday;leeds_united;leicester_city
1995-01-31,blackburn_rovers;liverpool;manchester_united;everton;leeds_united;aston_villa;arsenal;chelsea;manchester_city;sheffield_wednesday;leicester_city;newcastle_united
1995-02-28,blackburn_rovers;liverpool;manchester_united;everton;arsenal;leeds_united;aston_villa;chelsea;leicester_city;manchester_city;sheffield_wednesday;newcastle_united
1995-03-31,blackburn_rovers;liverpool;manchester_united;everton;arsenal;leeds_united;aston_villa;chelsea;leicester_city;manchester_city;newcastle_united;ipswich_town
1995-04-30,blackburn_rovers;liverpool;manchester_united;everton;arsenal;leeds_united;aston_villa;chelsea;leicester_city;manchester_city;newcastle_united;ipswich_town
1995-05-31,blackburn_rovers;liverpool;manchester_united;everton;arsenal;leeds_united;aston_villa;chelsea;leicester_city;manchester_city;newcastle_united;ipswich_town
1995-06-30,blackburn_rovers;arsenal;liverpool;newcastle_united;everton;chelsea;leeds_united;aston_villa;leicester_city;manchester_city;tottenham_hotspur;manchester_united
1995-07-31,liverpool;blackburn_rovers;arsenal;newcastle_united;aston_villa;everton;chelsea;leeds_united;manchester_city;sheffield_wednesday;leicester_city;west_ham
1995-08-31,liverpool;blackburn_rovers;newcastle_united;everton;arsenal;aston_villa;manchester_city;chelsea;leeds_united;middlesbrough;sheffield_wednesday;leicester_city
1995-09-30,liverpool;blackburn_rovers;newcastle_united;everton;arsenal;aston_villa;manchester_city;chelsea;leeds_united;middlesbrough;sheffield_wednesday;leicester_city
1995-10-31,liverpool;blackburn_rovers;everton;arsenal;newcastle_united;aston_villa;middlesbrough;manchester_city;chelsea;leeds_united;sheffield_wednesday;leicester_city
1995-11-30,liverpool;blackburn_rovers;everton;arsenal;newcastle_united;leeds_united;aston_villa;middlesbrough;chelsea;manchester_city;leicester_city;west_ham
1995-12-31,liverpool;blackburn_rovers;everton;arsenal;newcastle_united;aston_villa;middlesbrough;chelsea;leeds_united;manchester_city;leicester_city;west_ham
1996-01-31,liverpool;blackburn_rovers;everton;arsenal;newcastle_united;aston_villa;middlesbrough;chelsea;leeds_united;manchester_city;leicester_city;tottenham_hotspur
1996-02-29,liverpool;newcastle_united;blackburn_rovers;everton;arsenal;aston_villa;middlesbrough;chelsea;leeds_united;manchester_city;coventry_city;leicester_city
1996-03-31,liverpool;blackburn_rovers;newcastle_united;everton;arsenal;aston_villa;middlesbrough;chelsea;leeds_united;manchester_city;coventry_city;leicester_city
1996-04-30,liverpool;blackburn_rovers;newcastle_united;everton;arsenal;aston_villa;middlesbrough;chelsea;leeds_united;manchester_city;coventry_city;leicester_city
1996-05-31,liverpool;blackburn_rovers;newcastle_united;everton;arsenal;middlesbrough;aston_villa;chelsea;leeds_united;manchester_city;coventry_city;leicester_city
1996-06-30,liverpool;blackburn_rovers;newcastle_united;everton;arsenal;middlesbrough;aston_villa;chelsea;manchester_city;coventry_city;leeds_united;leicester_city
1996-07-31,newcastle_united;liverpool;middlesbrough;everton;chelsea;arsenal;aston_villa;blackburn_rovers;coventry_city;west_ham;leeds_united;manchester_city
1996-08-31,newcastle_united;liverpool;middlesbrough;everton;arsenal;chelsea;aston_villa;leeds_united;blackburn_rovers;coventry_city;west_ham;sheffield_wednesday
1996-09-30,newcastle_united;liverpool;middlesbrough;everton;arsenal;chelsea;aston_villa;leeds_united;blackburn_rovers;coventry_city;west_ham;sheffield_wednesday
1996-10-31,newcastle_united;liverpool;everton;arsenal;chelsea;aston_villa;middlesbrough;sheffield_wednesday;leeds_united;blackburn_rovers;coventry_city;west_ham
1996-11-30,newcastle_united;liverpool;everton;arsenal;chelsea;aston_villa;middlesbrough;sheffield_wednesday;leeds_united;coventry_city;blackburn_rovers;west_ham
1996-12-31,newcastle_united;liverpool;everton;arsenal;chelsea;aston_villa;middlesbrough;sheffield_wednesday;leeds_united;coventry_city;blackburn_rovers;tottenham_hotspur
1997-01-31,newcastle_united;liverpool;everton;arsenal;chelsea;aston_villa;middlesbrough;tottenham_hotspur;coventry_city;leeds_united;sheffield_wednesday;blackburn_rovers
1997-02-28,newcastle_united;liverpool;everton;chelsea;aston_villa;middlesbrough;arsenal;west_ham;tottenham_hotspur;coventry_city;leeds_united;sheffield_wednesday
1997-03-31,newcastle_united;liverpool;everton;chelsea;aston_villa;middlesbrough;west_ham;arsenal;tottenham_hotspur;coventry_city;leeds_united;sheffield_wednesday
1997-04-30,newcastle_united;liverpool;chelsea;everton;aston_villa;middlesbrough;west_ham;arsenal;tottenham_hotspur;coventry_city;sheffield_wednesday;leeds_united
1997-05-31,newcastle_united;everton;aston_villa;liverpool;chelsea;arsenal;middlesbrough;tottenham_hotspur;coventry_city;sheffield_wednesday;leeds_united;west_ham
1997-06-30,newcastle_united;arsenal;liverpool;aston_villa;everton;chelsea;middlesbrough;leeds_united;sheffield_wednesday;coventry_city;west_ham;blackburn_rovers
1997-07-31,newcastle_united;liverpool;aston_villa;everton;arsenal;chelsea;leeds_united;tottenham_hotspur;middlesbrough;blackburn_rovers;sheffield_wednesday;west_ham
1997-08-31,newcastle_united;liverpool;everton;chelsea;aston_villa;arsenal;tottenham_hotspur;leeds_united;middlesbrough;sheffield_wednesday;west_ham;coventry_city
1997-09-30,newcastle_united;liverpool;everton;chelsea;aston_villa;arsenal;tottenham_hotspur;sheffield_wednesday;leeds_united;middlesbrough;west_ham;coventry_city
1997-10-31,newcastle_united;liverpool;everton;chelsea;aston_villa;arsenal;tottenham_hotspur;leeds_united;sheffield_wednesday;middlesbrough;west_ham;coventry_city
1997-11-30,newcastle_united;liverpool;everton;chelsea;aston_villa;arsenal;tottenham_hotspur;leeds_united;sheffield_wednesday;middlesbrough;west_ham;coventry_city
1997-12-31,liverpool;newcastle_united;everton;chelsea;aston_villa;arsenal;sheffield_wednesday;tottenham_hotspur;leeds_united;middlesbrough;west_ham;coventry_city
1998-01-31,liverpool;newcastle_united;chelsea;aston_villa;everton;arsenal;sheffield_wednesday;tottenham_hotspur;west_ham;middlesbrough;leeds_united;coventry_city
1998-02-28,newcastle_united;liverpool;chelsea;aston_villa;arsenal;tottenham_hotspur;sheffield_wednesday;everton;leeds_united;west_ham;middlesbrough;coventry_city
1998-03-31,newcastle_united;liverpool;chelsea;aston_villa;arsenal;tottenham_hotspur;sheffield_wednesday;everton;leeds_united;west_ham;middlesbrough;coventry_city
1998-04-30,newcastle_united;liverpool;chelsea;aston_villa;arsenal;tottenham_hotspur;sheffield_wednesday;everton;leeds_united;west_ham;middlesbrough;coventry_city
1998-05-31,newcastle_united;liverpool;chelsea;aston_villa;arsenal;tottenham_hotspur;sheffield_wednesday;leeds_united;everton;west_ham;middlesbrough;coventry_city
1998-06-30,newcastle_united;liverpool;aston_villa;chelsea;tottenham_hotspur;arsenal;leeds_united;everton;sheffield_wednesday;middlesbrough;west_ham;coventry_city
1998-07-31,newcastle_united;liverpool;aston_villa;chelsea;everton;manchester_united;tottenham_hotspur;arsenal;leeds_united;sheffield_wednesday;middlesbrough;west_ham
1998-08-31,newcastle_united;liverpool;manchester_united;everton;chelsea;sheffield_wednesday;tottenham_hotspur;middlesbrough;leeds_united;arsenal;aston_villa;blackburn_rovers
1998-09-30,newcastle_united;liverpool;manchester_united;everton;chelsea;sheffield_wednesday;arsenal;tottenham_hotspur;leeds_united;aston_villa;middlesbrough;blackburn_rovers
1998-10-31,newcastle_united;everton;liverpool;manchester_united;chelsea;aston_villa;sheffield_wednesday;arsenal;tottenham_hotspur;leeds_united;middlesbrough;blackburn_rovers
1998-11-30,newcastle_united;liverpool;manchester_united;everton;chelsea;aston_villa;tottenham_hotspur;sheffield_wednesday;arsenal;leeds_united;middlesbrough;blackburn_rovers
1998-12-31,newcastle_united;liverpool;manchester_united;everton;chelsea;aston_villa;leeds_united;blackburn_rovers;tottenham_hotspur;sheffield_wednesday;arsenal;middlesbrough
1999-01-31,newcastle_united;manchester_united;liverpool;blackburn_rovers;everton;chelsea;aston_villa;arsenal;leeds_united;tottenham_hotspur;sheffield_wednesday;middlesbrough
1999-02-28,newcastle_united;manchester_united;liverpool;everton;chelsea;aston_villa;blackburn_rovers;tottenham_hotspur;arsenal;leeds_united;sheffield_wednesday;middlesbrough
1999-03-31,newcastle_united;aston_villa;manchester_united;liverpool;blackburn_rovers;everton;chelsea;arsenal;tottenham_hotspur;leeds_united;sheffield_wednesday;middlesbrough
1999-04-30,newcastle_united;aston_villa;manchester_united;liverpool;blackburn_rovers;everton;chelsea;arsenal;tottenham_hotspur;leeds_united;sheffield_wednesday;middlesbrough
1999-05-31,newcastle_united;liverpool;aston_villa;manchester_united;blackburn_rovers;everton;chelsea;arsenal;tottenham_hotspur;leeds_united;sheffield_wednesday;middlesbrough
1999-06-30,newcastle_united;liverpool;aston_villa;manchester_united;chelsea;blackburn_rovers;leeds_united;arsenal;tottenham_hotspur;sheffield_wednesday;everton;middlesbrough
1999-07-31,liverpool;newcastle_united;aston_villa;chelsea;leeds_united;manchester_united;blackburn_rovers;arsenal;sheffield_wednesday;tottenham_hotspur;middlesbrough;everton
1999-08-31,liverpool;newcastle_united;aston_villa;chelsea;manchester_united;blackburn_rovers;leeds_united;tottenham_hotspur;sheffield_wednesday;middlesbrough;everton;arsenal
1999-09-30,liverpool;newcastle_united;manchester_united;aston_villa;chelsea;blackburn_rovers;leeds_united;tottenham_hotspur;sheffield_wednesday;middlesbrough;everton;arsenal
1999-10-31,liverpool;newcastle_united;manchester_united;aston_villa;chelsea;blackburn_rovers;tottenham_hotspur;leeds_united;sheffield_wednesday;middlesbrough;everton;arsenal
1999-11-30,liverpool;newcastle_united;manchester_united;aston_villa;chelsea;blackburn_rovers;tottenham_hotspur;leeds_united;sheffield_wednesday;middlesbrough;everton;arsenal
1999-12-31,liverpool;newcastle_united;chelsea;manchester_united;aston_villa;blackburn_rovers;tottenham_hotspur;leeds_united;middlesbrough;sheffield_wednesday;everton;arsenal
2000-01-31,liverpool;newcastle_united;chelsea;manchester_united;aston_villa;blackburn_rovers;tottenham_hotspur;leeds_united;middlesbrough;sheffield_wednesday;everton;arsenal
2000-02-29,liverpool;newcastle_united;chelsea;manchester_united;aston_villa;blackburn_rovers;tottenham_hotspur;leeds_united;middlesbrough;sheffield_wednesday;everton;arsenal
2000-03-31,liverpool;newcastle_united;chelsea;manchester_united;aston_villa;blackburn_rovers;tottenham_hotspur;leeds_united;middlesbrough;sheffield_wednesday;everton;arsenal
2000-04-30,liverpool;newcastle_united;chelsea;manchester_united;aston_villa;blackburn_rovers;tottenham_hotspur;leeds_united;middlesbrough;sheffield_wednesday;everton;arsenal
2000-05-31,liverpool;chelsea;manchester_united;newcastle_united;aston_villa;tottenham_hotspur;leeds_united;blackburn_rovers;middlesbrough;sheffield_wednesday;arsenal;everton
2000-06-30,liverpool;chelsea;newcastle_united;manchester_united;aston_villa;tottenham_hotspur;leeds_united;blackburn_rovers;middlesbrough;sheffield_wednesday;everton;arsenal
2000-07-31,liverpool;chelsea;newcastle_united;aston_villa;manchester_united;tottenham_hotspur;leeds_united;middlesbrough;blackburn_rovers;everton;sheffield_wednesday;charlton_athletic
2000-08-31,liverpool;chelsea;aston_villa;newcastle_united;manchester_united;leeds_united;tottenham_hotspur;blackburn_rovers;middlesbrough;everton;sheffield_wednesday;sunderland
2000-09-30,liverpool;chelsea;aston_villa;newcastle_united;manchester_united;leeds_united;tottenham_hotspur;blackburn_rovers;middlesbrough;everton;sheffield_wednesday;sunderland
2000-10-31,liverpool;chelsea;newcastle_united;manchester_united;aston_villa;leeds_united;middlesbrough;tottenham_hotspur;blackburn_rovers;everton;sheffield_wednesday;manchester_city
2000-11-30,liverpool;leeds_united;newcastle_united;manchester_united;chelsea;aston_villa;middlesbrough;tottenham_hotspur;blackburn_rovers;everton;sheffield_wednesday;manchester_city
2000-12-31,liverpool;chelsea;leeds_united;newcastle_united;manchester_united;aston_villa;middlesbrough;tottenham_hotspur;blackburn_rovers;everton;sheffield_wednesday;manchester_city
2001-01-31,liverpool;chelsea;leeds_united;aston_villa;newcastle_united;manchester_united;middlesbrough;tottenham_hotspur;blackburn_rovers;everton;sheffield_wednesday;manchester_city
2001-02-28,liverpool;chelsea;leeds_united;aston_villa;newcastle_united;manchester_united;middlesbrough;tottenham_hotspur;blackburn_rovers;everton;sheffield_wednesday;manchester_city
2001-03-31,liverpool;chelsea;leeds_united;aston_villa;manchester_united;newcastle_united;middlesbrough;tottenham_hotspur;blackburn_rovers;everton;sheffield_wednesday;manchester_city
2001-04-30,liverpool;leeds_united;chelsea;aston_villa;manchester_united;newcastle_united;middlesbrough;tottenham_hotspur;blackburn_rovers;everton;sheffield_wednesday;manchester_city
2001-05-31,liverpool;leeds_united;chelsea;aston_villa;manchester_united;newcastle_united;middlesbrough;tottenham_hotspur;blackburn_rovers;everton;sheffield_wednesday;manchester_city
2001-06-30,liverpool;chelsea;leeds_united;aston_villa;newcastle_united;manchester_united;blackburn_rovers;middlesbrough;tottenham_hotspur;sheffield_wednesday;arsenal;manchester_city
2001-07-31,manchester_united;liverpool;chelsea;leeds_united;aston_villa;newcastle_united;middlesbrough;blackburn_rovers;tottenham_hotspur;arsenal;sheffield_wednesday;charlton_athletic
2001-08-31,liverpool;chelsea;manchester_united;leeds_united;newcastle_united;aston_villa;middlesbrough;blackburn_rovers;fulham;tottenham_hotspur;arsenal;sheffield_wednesday
2001-09-30,liverpool;chelsea;manchester_united;leeds_united;newcastle_united;aston_villa;middlesbrough;tottenham_hotspur;blackburn_rovers;fulham;arsenal;sheffield_wednesday
2001-10-31,liverpool;chelsea;manchester_united;leeds_united;newcastle_united;aston_villa;middlesbrough;tottenham_hotspur;blackburn_rovers;fulham;arsenal;sheffield_wednesday
2001-11-30,leeds_united;chelsea;liverpool;manchester_united;newcastle_united;aston_villa;middlesbrough;tottenham_hotspur;blackburn_rovers;fulham;arsenal;sheffield_wednesday
2001-12-31,leeds_united;chelsea;liverpool;manchester_united;newcastle_united;aston_villa;middlesbrough;blackburn_rovers;tottenham_hotspur;fulham;arsenal;sheffield_wednesday
2002-01-31,leeds_united;chelsea;liverpool;manchester_united;newcastle_united;aston_villa;middlesbrough;blackburn_rovers;tottenham_hotspur;fulham;arsenal;sheffield_wednesday
2002-02-28,leeds_united;chelsea;liverpool;manchester_united;newcastle_united;aston_villa;middlesbrough;blackburn_rovers;tottenham_hotspur;fulham;arsenal;sheffield_wednesday
2002-03-31,leeds_united;chelsea;liverpool;manchester_united;newcastle_united;aston_villa;middlesbrough;blackburn_rovers;tottenham_hotspur;fulham;arsenal;sheffield_wednesday
2002-04-30,leeds_united;chelsea;liverpool;manchester_united;newcastle_united;aston_villa;middlesbrough;blackburn_rovers;tottenham_hotspur;fulham;arsenal;sheffield_wednesday
2002-05-31,leeds_united;chelsea;liverpool;manchester_united;newcastle_united;aston_villa;middlesbrough;blackburn_rovers;tottenham_hotspur;fulham;arsenal;manchester_city
2002-06-30,liverpool;leeds_united;chelsea;newcastle_united;manchester_united;aston_villa;middlesbrough;blackburn_rovers;manchester_city;tottenham_hotspur;fulham;arsenal
2002-07-31,manchester_united;liverpool;chelsea;newcastle_united;aston_villa;middlesbrough;leeds_united;blackburn_rovers;manchester_city;tottenham_hotspur;fulham;arsenal
2002-08-31,manchester_united;liverpool;chelsea;newcastle_united;middlesbrough;aston_villa;tottenham_hotspur;blackburn_rovers;leeds_united;manchester_city;fulham;arsenal
2002-09-30,manchester_united;liverpool;chelsea;newcastle_united;middlesbrough;aston_villa;tottenham_hotspur;blackburn_rovers;leeds_united;manchester_city;fulham;arsenal
2002-10-31,manchester_united;liverpool;chelsea;newcastle_united;middlesbrough;aston_villa;tottenham_hotspur;blackburn_rovers;leeds_united;manchester_city;fulham;arsenal
2002-11-30,manchester_united;liverpool;chelsea;newcastle_united;middlesbrough;aston_villa;tottenham_hotspur;blackburn_rovers;leeds_united;manchester_city;fulham;arsenal
2002-12-31,manchester_united;liverpool;chelsea;newcastle_united;middlesbrough;aston_villa;tottenham_hotspur;blackburn_rovers;leeds_united;manchester_city;fulham;arsenal
2003-01-31,manchester_united;liverpool;newcastle_united;chelsea;middlesbrough;aston_villa;manchester_city;tottenham_hotspur;blackburn_rovers;fulham;leeds_united;arsenal
2003-02-28,manchester_united;liverpool;newcastle_united;chelsea;middlesbrough;aston_villa;manchester_city;tottenham_hotspur;blackburn_rovers;fulham;leeds_united;arsenal
2003-03-31,manchester_united;liverpool;newcastle_united;chelsea;middlesbrough;aston_villa;manchester_city;tottenham_hotspur;blackburn_rovers;fulham;leeds_united;arsenal
2003-04-30,manchester_united;liverpool;newcastle_united;chelsea;middlesbrough;aston_villa;manchester_city;tottenham_hotspur;blackburn_rovers;fulham;leeds_united;arsenal
2003-05-31,manchester_united;liverpool;newcastle_united;chelsea;middlesbrough;aston_villa;manchester_city;tottenham_hotspur;blackburn_rovers;fulham;leeds_united;arsenal
2003-06-30,manchester_united;liverpool;newcastle_united;chelsea;middlesbrough;aston_villa;tottenham_hotspur;manchester_city;blackburn_rovers;fulham;leeds_united;arsenal
2003-07-31,chelsea;liverpool;newcastle_united;manchester_united;middlesbrough;aston_villa;tottenham_hotspur;manchester_city;fulham;arsenal;leeds_united;charlton_athletic
2003-08-31,chelsea;liverpool;manchester_united;newcastle_united;middlesbrough;aston_villa;manchester_city;tottenham_hotspur;fulham;arsenal;blackburn_rovers;leeds_united
2003-09-30,chelsea;liverpool;manchester_united;newcastle_united;middlesbrough;aston_villa;manchester_city;tottenham_hotspur;fulham;arsenal;blackburn_rovers;leeds_united
2003-10-31,chelsea;liverpool;manchester_united;newcastle_united;middlesbrough;aston_villa;manchester_city;tottenham_hotspur;fulham;arsenal;blackburn_rovers;leeds_united
2003-11-30,chelsea;liverpool;manchester_united;newcastle_united;middlesbrough;aston_villa;manchester_city;tottenham_hotspur;fulham;arsenal;blackburn_rovers;leeds_united
2003-12-31,chelsea;liverpool;manchester_united;newcastle_united;middlesbrough;aston_villa;manchester_city;tottenham_hotspur;fulham;arsenal;blackburn_rovers;leeds_united
2004-01-31,chelsea;manchester_united;liverpool;newcastle_united;middlesbrough;aston_villa;manchester_city;tottenham_hotspur;arsenal;blackburn_rovers;leeds_united;sunderland
2004-02-29,chelsea;manchester_united;liverpool;newcastle_united;middlesbrough;tottenham_hotspur;aston_villa;manchester_city;arsenal;blackburn_rovers;leeds_united;sunderland
2004-03-31,chelsea;manchester_united;liverpool;newcastle_united;middlesbrough;tottenham_hotspur;aston_villa;manchester_city;arsenal;blackburn_rovers;leeds_united;sunderland
2004-04-30,chelsea;manchester_united;liverpool;newcastle_united;middlesbrough;tottenham_hotspur;aston_villa;manchester_city;arsenal;blackburn_rovers;leeds_united;sunderland
2004-05-31,chelsea;manchester_united;liverpool;newcastle_united;middlesbrough;tottenham_hotspur;aston_villa;manchester_city;arsenal;blackburn_rovers;leeds_united;sunderland
2004-06-30,chelsea;manchester_united;liverpool;newcastle_united;middlesbrough;tottenham_hotspur;aston_villa;manchester_city;arsenal;blackburn_rovers;leeds_united;sunderland
2004-07-31,chelsea;manchester_united;liverpool;newcastle_united;middlesbrough;tottenham_hotspur;aston_villa;manchester_city;arsenal;blackburn_rovers;leeds_united;sunderland
2004-08-31,chelsea;manchester_united;liverpool;middlesbrough;newcastle_united;tottenham_hotspur;aston_villa;manchester_city;arsenal;blackburn_rovers;leeds_united;sunderland
2004-09-30,chelsea;manchester_united;liverpool;middlesbrough;newcastle_united;tottenham_hotspur;aston_villa;manchester_city;arsenal;blackburn_rovers;leeds_united;sunderland
2004-10-31,chelsea;manchester_united;liverpool;middlesbrough;newcastle_united;tottenham_hotspur;aston_villa;manchester_city;arsenal;blackburn_rovers;leeds_united;sunderland
2004-11-30,chelsea;manchester_united;liverpool;middlesbrough;newcastle_united;tottenham_hotspur;aston_villa;manchester_city;arsenal;blackburn_rovers;leeds_united;sunderland
2004-12-31,chelsea;manchester_united;liverpool;middlesbrough;newcastle_united;tottenham_hotspur;aston_villa;manchester_city;arsenal;blackburn_rovers;leeds_united;sunderland
2005-01-31,chelsea;manchester_united;liverpool;newcastle_united;middlesbrough;tottenham_hotspur;aston_villa;manchester_city;arsenal;leeds_united;blackburn_rovers;sunderland
2005-02-28,chelsea;manchester_united;liverpool;newcastle_united;middlesbrough;tottenham_hotspur;aston_villa;manchester_city;arsenal;leeds_united;blackburn_rovers;sunderland
2005-03-31,chelsea;manchester_united;liverpool;newcastle_united;middlesbrough;tottenham_hotspur;aston_villa;manchester_city;arsenal;leeds_united;blackburn_rovers;sunderland
2005-04-30,chelsea;manchester_united;liverpool;newcastle_united;middlesbrough;tottenham_hotspur;aston_villa;manchester_city;arsenal;leeds_united;blackburn_rovers;sunderland
2005-05-31,chelsea;manchester_united;liverpool;newcastle_united;middlesbrough;tottenham_hotspur;aston_villa;manchester_city;arsenal;leeds_united;blackburn_rovers;sunderland
2005-06-30,chelsea;manchester_united;liverpool;newcastle_united;middlesbrough;tottenham_hotspur;aston_villa;arsenal;manchester_city;leeds_united;sunderland;blackburn_rovers
2005-07-31,chelsea;manchester_united;liverpool;middlesbrough;newcastle_united;tottenham_hotspur;aston_villa;manchester_city;arsenal;blackburn_rovers;leeds_united;sunderland
2005-08-31,chelsea;manchester_united;liverpool;newcastle_united;middlesbrough;tottenham_hotspur;aston_villa;manchester_city;arsenal;blackburn_rovers;leeds_united;sunderland
2005-09-30,chelsea;manchester_united;liverpool;newcastle_united;middlesbrough;tottenham_hotspur;aston_villa;manchester_city;arsenal;blackburn_rovers;leeds_united;sunderland
2005-10-31,chelsea;manchester_united;liverpool;newcastle_united;middlesbrough;tottenham_hotspur;aston_villa;manchester_city;arsenal;blackburn_rovers;leeds_united;sunderland
2005-11-30,chelsea;manchester_united;liverpool;newcastle_united;middlesbrough;tottenham_hotspur;aston_villa;manchester_city;arsenal;blackburn_rovers;leeds_united;sunderland
2005-12-31,chelsea;manchester_united;liverpool;newcastle_united;middlesbrough;tottenham_hotspur;aston_villa;manchester_city;arsenal;blackburn_rovers;leeds_united;sunderland
2006-01-31,chelsea;manchester_united;liverpool;newcastle_united;middlesbrough;tottenham_hotspur;aston_villa;manchester_city;arsenal;blackburn_rovers;leeds_united;sunderland
2006-02-28,chelsea;manchester_united;liverpool;newcastle_united;middlesbrough;tottenham_hotspur;aston_villa;manchester_city;arsenal;blackburn_rovers;leeds_united;sunderland
2006-03-31,chelsea;manchester_united;liverpool;newcastle_united;middlesbrough;tottenham_hotspur;aston_villa;manchester_city;arsenal;blackburn_rovers;leeds_united;sunderland
2006-04-30,chelsea;manchester_united;liverpool;newcastle_united;middlesbrough;tottenham_hotspur;aston_villa;manchester_city;arsenal;blackburn_rovers;leeds_united;sunderland
2006-05-31,chelsea;manchester_united;liverpool;newcastle_united;middlesbrough;tottenham_hotspur;aston_villa;manchester_city;arsenal;everton;blackburn_rovers;leeds_united
2006-06-30,chelsea;liverpool;manchester_united;newcastle_united;middlesbrough;tottenham_hotspur;aston_villa;manchester_city;arsenal;everton;leeds_united;sunderland
2006-07-31,chelsea;manchester_united;liverpool;newcastle_united;middlesbrough;tottenham_hotspur;aston_villa;manchester_city;arsenal;everton;leeds_united;sunderland
2006-08-31,chelsea;manchester_united;liverpool;newcastle_united;middlesbrough;tottenham_hotspur;aston_villa;manchester_city;arsenal;everton;leeds_united;sunderland
2006-09-30,chelsea;manchester_united;liverpool;newcastle_united;middlesbrough;tottenham_hotspur;aston_villa;manchester_city;arsenal;everton;leeds_united;sunderland
2006-10-31,chelsea;manchester_united;liverpool;newcastle_united;middlesbrough;tottenham_hotspur;aston_villa;manchester_city;arsenal;everton;leeds_united;sunderland
2006-11-30,chelsea;manchester_united;liverpool;newcastle_united;middlesbrough;tottenham_hotspur;aston_villa;manchester_city;arsenal;everton;leeds_united;sunderland
2006-12-31,chelsea;manchester_united;liverpool;newcastle_united;middlesbrough;tottenham_hotspur;aston_villa;manchester_city;arsenal;everton;leeds_united;sunderland
2007-01-31,chelsea;manchester_united;liverpool;newcastle_united;middlesbrough;aston_villa;tottenham_hotspur;manchester_city;arsenal;everton;leeds_united;sunderland
2007-02-28,chelsea;manchester_united;liverpool;newcastle_united;middlesbrough;aston_villa;tottenham_hotspur;manchester_city;arsenal;everton;leeds_united;sunderland
2007-03-31,chelsea;manchester_united;liverpool;newcastle_united;middlesbrough;aston_villa;tottenham_hotspur;manchester_city;arsenal;everton;leeds_united;sunderland
2007-04-30,chelsea;manchester_united;liverpool;newcastle_united;middlesbrough;aston_villa;tottenham_hotspur;manchester_city;arsenal;everton;leeds_united;sunderland
2007-05-31,chelsea;manchester_united;liverpool;newcastle_united;middlesbrough;aston_villa;tottenham_hotspur;manchester_city;arsenal;everton;leeds_united;sunderland
2007-06-30,chelsea;manchester_united;liverpool;newcastle_united;middlesbrough;aston_villa;tottenham_hotspur;manchester_city;everton;arsenal;leeds_united;sunderland
2007-07-31,chelsea;manchester_united;liverpool;newcastle_united;middlesbrough;aston_villa;tottenham_hotspur;manchester_city;everton;fulham;sunderland;arsenal
2007-08-31,chelsea;manchester_united;liverpool;newcastle_united;middlesbrough;aston_villa;manchester_city;tottenham_hotspur;everton;sunderland;fulham;arsenal
2007-09-30,chelsea;manchester_united;liverpool;newcastle_united;middlesbrough;aston_villa;manchester_city;tottenham_hotspur;everton;sunderland;fulham;arsenal
2007-10-31,chelsea;manchester_united;liverpool;newcastle_united;middlesbrough;aston_villa;manchester_city;tottenham_hotspur;everton;sunderland;fulham;arsenal
2007-11-30,chelsea;manchester_united;liverpool;newcastle_united;middlesbrough;aston_villa;manchester_city;tottenham_hotspur;everton;sunderland;fulham;arsenal
2007-12-31,chelsea;manchester_united;liverpool;newcastle_united;middlesbrough;aston_villa;manchester_city;tottenham_hotspur;everton;sunderland;fulham;arsenal
2008-01-31,chelsea;manchester_united;liverpool;newcastle_united;middlesbrough;tottenham_hotspur;manchester_city;aston_villa;everton;sunderland;fulham;leeds_united
2008-02-29,chelsea;liverpool;manchester_united;newcastle_united;middlesbrough;tottenham_hotspur;manchester_city;aston_villa;everton;sunderland;fulham;leeds_united
2008-03-31,chelsea;liverpool;manchester_united;newcastle_united;middlesbrough;tottenham_hotspur;manchester_city;aston_villa;everton;sunderland;fulham;leeds_united
2008-04-30,chelsea;liverpool;manchester_united;newcastle_united;tottenham_hotspur;middlesbrough;manchester_city;aston_villa;everton;sunderland;fulham;leeds_united
2008-05-31,chelsea;liverpool;manchester_united;newcastle_united;tottenham_hotspur;middlesbrough;manchester_city;aston_villa;everton;sunderland;fulham;leeds_united
2008-06-30,chelsea;liverpool;manchester_united;newcastle_united;tottenham_hotspur;middlesbrough;manchester_city;aston_villa;everton;sunderland;fulham;leeds_united
2008-07-31,chelsea;liverpool;manchester_united;newcastle_united;manchester_city;middlesbrough;tottenham_hotspur;aston_villa;everton;sunderland;fulham;leeds_united
2008-08-31,chelsea;liverpool;manchester_united;aston_villa;newcastle_united;manchester_city;middlesbrough;tottenham_hotspur;sunderland;fulham;everton;leeds_united
2008-09-30,chelsea;manchester_united;liverpool;manchester_city;aston_villa;newcastle_united;middlesbrough;tottenham_hotspur;sunderland;everton;fulham;leeds_united
2008-10-31,chelsea;manchester_united;liverpool;manchester_city;aston_villa;newcastle_united;middlesbrough;tottenham_hotspur;sunderland;everton;fulham;leeds_united
2008-11-30,chelsea;manchester_united;liverpool;manchester_city;aston_villa;newcastle_united;middlesbrough;tottenham_hotspur;sunderland;everton;fulham;leeds_united
2008-12-31,chelsea;manchester_united;liverpool;manchester_city;aston_villa;newcastle_united;middlesbrough;tottenham_hotspur;sunderland;everton;fulham;leeds_united
2009-01-31,chelsea;manchester_united;liverpool;manchester_city;newcastle_united;aston_villa;tottenham_hotspur;middlesbrough;sunderland;everton;fulham;leeds_united
2009-02-28,chelsea;manchester_united;liverpool;manchester_city;newcastle_united;aston_villa;tottenham_hotspur;middlesbrough;sunderland;everton;fulham;leeds_united
2009-03-31,chelsea;manchester_united;liverpool;manchester_city;newcastle_united;aston_villa;tottenham_hotspur;middlesbrough;sunderland;everton;fulham;leeds_united
2009-04-30,chelsea;manchester_united;liverpool;manchester_city;newcastle_united;aston_villa;tottenham_hotspur;middlesbrough;sunderland;everton;fulham;leeds_united
2009-05-31,chelsea;manchester_united;liverpool;manchester_city;newcastle_united;aston_villa;tottenham_hotspur;middlesbrough;sunderland;everton;fulham;leeds_united
2009-06-30,chelsea;manchester_united;liverpool;manchester_city;newcastle_united;tottenham_hotspur;aston_villa;middlesbrough;sunderland;everton;fulham;birmingham_city
2009-07-31,chelsea;manchester_city;liverpool;manchester_united;newcastle_united;aston_villa;tottenham_hotspur;middlesbrough;sunderland;everton;fulham;birmingham_city
2009-08-31,chelsea;manchester_city;liverpool;manchester_united;aston_villa;newcastle_united;tottenham_hotspur;sunderland;middlesbrough;fulham;everton;birmingham_city
2009-09-30,chelsea;manchester_city;liverpool;manchester_united;aston_villa;newcastle_united;tottenham_hotspur;sunderland;middlesbrough;fulham;everton;birmingham_city
2009-10-31,chelsea;manchester_city;liverpool;manchester_united;aston_villa;newcastle_united;tottenham_hotspur;sunderland;middlesbrough;fulham;everton;birmingham_city
2009-11-30,chelsea;manchester_city;liverpool;manchester_united;aston_villa;newcastle_united;tottenham_hotspur;sunderland;middlesbrough;fulham;everton;birmingham_city
2009-12-31,chelsea;manchester_city;liverpool;manchester_united;aston_villa;newcastle_united;tottenham_hotspur;sunderland;middlesbrough;fulham;everton;birmingham_city
2010-01-31,chelsea;manchester_city;liverpool;manchester_united;aston_villa;newcastle_united;tottenham_hotspur;sunderland;middlesbrough;fulham;everton;birmingham_city
2010-02-28,chelsea;manchester_city;liverpool;manchester_united;aston_villa;newcastle_united;tottenham_hotspur;sunderland;middlesbrough;fulham;everton;birmingham_city
2010-03-31,chelsea;manchester_city;liverpool;manchester_united;aston_villa;newcastle_united;tottenham_hotspur;sunderland;middlesbrough;fulham;everton;birmingham_city
2010-04-30,chelsea;manchester_city;liverpool;manchester_united;aston_villa;newcastle_united;tottenham_hotspur;sunderland;middlesbrough;fulham;everton;birmingham_city
2010-05-31,chelsea;manchester_city;liverpool;manchester_united;aston_villa;newcastle_united;tottenham_hotspur;sunderland;middlesbrough;fulham;birmingham_city;everton
2010-06-30,chelsea;manchester_city;liverpool;manchester_united;aston_villa;newcastle_united;tottenham_hotspur;sunderland;middlesbrough;fulham;birmingham_city;everton
2010-07-31,chelsea;manchester_city;liverpool;manchester_united;aston_villa;newcastle_united;tottenham_hotspur;sunderland;middlesbrough;fulham;birmingham_city;everton
2010-08-31,chelsea;manchester_city;liverpool;manchester_united;newcastle_united;tottenham_hotspur;aston_villa;middlesbrough;sunderland;fulham;birmingham_city;everton
2010-09-30,chelsea;manchester_city;liverpool;manchester_united;newcastle_united;tottenham_hotspur;aston_villa;middlesbrough;sunderland;fulham;birmingham_city;everton
2010-10-31,chelsea;manchester_city;liverpool;manchester_united;newcastle_united;tottenham_hotspur;aston_villa;middlesbrough;sunderland;fulham;birmingham_city;everton
2010-11-30,chelsea;manchester_city;liverpool;manchester_united;newcastle_united;tottenham_hotspur;aston_villa;middlesbrough;sunderland;fulham;birmingham_city;everton
2010-12-31,chelsea;manchester_city;liverpool;manchester_united;newcastle_united;tottenham_hotspur;aston_villa;middlesbrough;sunderland;fulham;birmingham_city;everton
2011-01-31,chelsea;manchester_city;liverpool;manchester_united;aston_villa;tottenham_hotspur;middlesbrough;newcastle_united;sunderland;fulham;birmingham_city;everton
2011-02-28,chelsea;manchester_city;liverpool;manchester_united;aston_villa;tottenham_hotspur;middlesbrough;newcastle_united;sunderland;fulham;birmingham_city;everton
2011-03-31,chelsea;manchester_city;liverpool;manchester_united;aston_villa;tottenham_hotspur;middlesbrough;newcastle_united;sunderland;fulham;birmingham_city;everton
2011-04-30,chelsea;manchester_city;liverpool;manchester_united;aston_villa;tottenham_hotspur;middlesbrough;newcastle_united;sunderland;fulham;birmingham_city;everton
2011-05-31,chelsea;manchester_city;liverpool;manchester_united;aston_villa;tottenham_hotspur;middlesbrough;newcastle_united;sunderland;fulham;birmingham_city;everton
2011-06-30,chelsea;manchester_city;liverpool;manchester_united;aston_villa;tottenham_hotspur;middlesbrough;sunderland;newcastle_united;fulham;birmingham_city;everton
2011-07-31,chelsea;manchester_city;liverpool;manchester_united;tottenham_hotspur;aston_villa;middlesbrough;sunderland;newcastle_united;fulham;birmingham_city;everton
2011-08-31,chelsea;manchester_city;liverpool;manchester_united;aston_villa;tottenham_hotspur;middlesbrough;sunderland;newcastle_united;fulham;birmingham_city;stoke_city
2011-09-30,chelsea;manchester_city;liverpool;manchester_united;aston_villa;tottenham_hotspur;middlesbrough;sunderland;newcastle_united;fulham;birmingham_city;stoke_city
2011-10-31,chelsea;manchester_city;liverpool;manchester_united;aston_villa;tottenham_hotspur;middlesbrough;sunderland;newcastle_united;fulham;birmingham_city;stoke_city
2011-11-30,chelsea;manchester_city;liverpool;manchester_united;aston_villa;tottenham_hotspur;middlesbrough;sunderland;newcastle_united;fulham;birmingham_city;stoke_city
2011-12-31,chelsea;manchester_city;liverpool;manchester_united;aston_villa;tottenham_hotspur;middlesbrough;sunderland;newcastle_united;fulham;birmingham_city;stoke_city
2012-01-31,chelsea;manchester_city;liverpool;manchester_united;aston_villa;tottenham_hotspur;middlesbrough;newcastle_united;sunderland;fulham;birmingham_city;stoke_city
2012-02-29,chelsea;manchester_city;liverpool;manchester_united;aston_villa;tottenham_hotspur;middlesbrough;newcastle_united;sunderland;fulham;birmingham_city;stoke_city
2012-03-31,chelsea;manchester_city;liverpool;manchester_united;aston_villa;tottenham_hotspur;middlesbrough;newcastle_united;sunderland;fulham;birmingham_city;stoke_city
2012-04-30,chelsea;manchester_city;liverpool;manchester_united;aston_villa;tottenham_hotspur;middlesbrough;newcastle_united;sunderland;fulham;birmingham_city;stoke_city
2012-05-31,chelsea;manchester_city;liverpool;manchester_united;aston_villa;tottenham_hotspur;middlesbrough;newcastle_united;sunderland;fulham;birmingham_city;stoke_city
2012-06-30,chelsea;manchester_city;liverpool;manchester_united;aston_villa;tottenham_hotspur;middlesbrough;newcastle_united;sunderland;fulham;birmingham_city;stoke_city
2012-07-31,chelsea;manchester_city;liverpool;manchester_united;aston_villa;tottenham_hotspur;middlesbrough;newcastle_united;sunderland;fulham;birmingham_city;stoke_city
2012-08-31,chelsea;manchester_city;liverpool;manchester_united;aston_villa;sunderland;middlesbrough;newcastle_united;tottenham_hotspur;birmingham_city;stoke_city;fulham
2012-09-30,chelsea;manchester_city;liverpool;manchester_united;aston_villa;sunderland;middlesbrough;newcastle_united;tottenham_hotspur;birmingham_city;stoke_city;fulham
2012-10-31,chelsea;manchester_city;liverpool;manchester_united;aston_villa;sunderland;middlesbrough;newcastle_united;tottenham_hotspur;birmingham_city;stoke_city;fulham
2012-11-30,chelsea;manchester_city;liverpool;manchester_united;aston_villa;sunderland;middlesbrough;newcastle_united;tottenham_hotspur;birmingham_city;stoke_city;fulham
2012-12-31,chelsea;manchester_city;liverpool;manchester_united;aston_villa;sunderland;middlesbrough;newcastle_united;tottenham_hotspur;birmingham_city;stoke_city;fulham
2013-01-31,chelsea;manchester_city;liverpool;manchester_united;aston_villa;sunderland;middlesbrough;tottenham_hotspur;newcastle_united;stoke_city;birmingham_city;fulham
2013-02-28,chelsea;manchester_city;liverpool;manchester_united;aston_villa;sunderland;middlesbrough;tottenham_hotspur;newcastle_united;stoke_city;birmingham_city;fulham
2013-03-31,chelsea;manchester_city;liverpool;manchester_united;aston_villa;sunderland;middlesbrough;tottenham_hotspur;newcastle_united;stoke_city;birmingham_city;fulham
2013-04-30,chelsea;manchester_city;liverpool;manchester_united;aston_villa;sunderland;middlesbrough;tottenham_hotspur;newcastle_united;stoke_city;birmingham_city;fulham
2013-05-31,chelsea;manchester_city;liverpool;manchester_united;aston_villa;sunderland;middlesbrough;tottenham_hotspur;newcastle_united;stoke_city;birmingham_city;fulham
2013-06-30,chelsea;manchester_city;liverpool;manchester_united;aston_villa;middlesbrough;sunderland;tottenham_hotspur;newcastle_united;stoke_city;birmingham_city;fulham
2013-07-31,chelsea;manchester_city;liverpool;manchester_united;aston_villa;middlesbrough;tottenham_hotspur;sunderland;newcastle_united;stoke_city;birmingham_city;fulham
2013-08-31,chelsea;manchester_city;liverpool;manchester_united;tottenham_hotspur;aston_villa;middlesbrough;sunderland;newcastle_united;stoke_city;birmingham_city;fulham
2013-09-30,chelsea;manchester_city;liverpool;manchester_united;aston_villa;middlesbrough;sunderland;newcastle_united;stoke_city;birmingham_city;tottenham_hotspur;fulham
2013-10-31,chelsea;manchester_city;liverpool;manchester_united;aston_villa;middlesbrough;sunderland;newcastle_united;stoke_city;birmingham_city;tottenham_hotspur;fulham
2013-11-30,chelsea;manchester_city;liverpool;manchester_united;aston_villa;middlesbrough;sunderland;newcastle_united;stoke_city;birmingham_city;tottenham_hotspur;fulham
2013-12-31,chelsea;manchester_city;liverpool;manchester_united;aston_villa;middlesbrough;sunderland;newcastle_united;stoke_city;birmingham_city;tottenham_hotspur;fulham
2014-01-31,chelsea;manchester_city;manchester_united;liverpool;aston_villa;middlesbrough;sunderland;stoke_city;newcastle_united;fulham;birmingham_city;tottenham_hotspur
2014-02-28,chelsea;manchester_city;manchester_united;liverpool;aston_villa;middlesbrough;sunderland;stoke_city;newcastle_united;fulham;birmingham_city;tottenham_hotspur
2014-03-31,chelsea;manchester_city;manchester_united;liverpool;aston_villa;middlesbrough;sunderland;stoke_city;newcastle_united;fulham;birmingham_city;tottenham_hotspur
2014-04-30,chelsea;manchester_city;manchester_united;liverpool;aston_villa;middlesbrough;sunderland;stoke_city;newcastle_united;fulham;birmingham_city;tottenham_hotspur
2014-05-31,chelsea;manchester_city;manchester_united;liverpool;aston_villa;middlesbrough;sunderland;stoke_city;newcastle_united;fulham;birmingham_city;tottenham_hotspur
2014-06-30,chelsea;manchester_city;manchester_united;liverpool;aston_villa;middlesbrough;sunderland;stoke_city;newcastle_united;fulham;birmingham_city;wolves
2014-07-31,chelsea;manchester_city;manchester_united;liverpool;aston_villa;middlesbrough;sunderland;stoke_city;fulham;birmingham_city;everton;newcastle_united
2014-08-31,chelsea;manchester_city;manchester_united;liverpool;aston_villa;sunderland;middlesbrough;stoke_city;fulham;birmingham_city;everton;newcastle_united
2014-09-30,chelsea;manchester_city;manchester_united;liverpool;aston_villa;sunderland;middlesbrough;stoke_city;fulham;birmingham_city;everton;newcastle_united
2014-10-31,chelsea;manchester_city;manchester_united;liverpool;aston_villa;sunderland;middlesbrough;stoke_city;fulham;birmingham_city;everton;newcastle_united
2014-11-30,chelsea;manchester_city;manchester_united;liverpool;aston_villa;sunderland;middlesbrough;stoke_city;fulham;birmingham_city;everton;newcastle_united
2014-12-31,chelsea;manchester_city;manchester_united;liverpool;aston_villa;sunderland;middlesbrough;stoke_city;fulham;birmingham_city;everton;newcastle_united
2015-01-31,chelsea;manchester_city;manchester_united;liverpool;aston_villa;sunderland;middlesbrough;stoke_city;fulham;birmingham_city;everton;newcastle_united
2015-02-28,chelsea;manchester_city;manchester_united;liverpool;aston_villa;sunderland;middlesbrough;stoke_city;fulham;birmingham_city;everton;newcastle_united
2015-03-31,chelsea;manchester_city;manchester_united;liverpool;aston_villa;sunderland;middlesbrough;stoke_city;fulham;birmingham_city;everton;newcastle_united
2015-04-30,chelsea;manchester_city;manchester_united;liverpool;aston_villa;sunderland;middlesbrough;stoke_city;fulham;birmingham_city;everton;newcastle_united
2015-05-31,chelsea;manchester_city;manchester_united;liverpool;aston_villa;sunderland;middlesbrough;stoke_city;fulham;birmingham_city;everton;newcastle_united
2015-06-30,chelsea;manchester_city;manchester_united;liverpool;aston_villa;sunderland;middlesbrough;stoke_city;fulham;birmingham_city;everton;newcastle_united
2015-07-31,chelsea;manchester_city;manchester_united;liverpool;sunderland;middlesbrough;aston_villa;newcastle_united;fulham;birmingham_city;west_ham;stoke_city
2015-08-31,manchester_city;chelsea;manchester_united;liverpool;sunderland;aston_villa;middlesbrough;newcastle_united;stoke_city;fulham;birmingham_city;west_ham
2015-09-30,manchester_city;chelsea;manchester_united;liverpool;sunderland;aston_villa;middlesbrough;newcastle_united;stoke_city;everton;fulham;birmingham_city
2015-10-31,manchester_city;chelsea;manchester_united;liverpool;sunderland;aston_villa;middlesbrough;newcastle_united;stoke_city;everton;fulham;birmingham_city
2015-11-30,manchester_city;chelsea;manchester_united;liverpool;sunderland;aston_villa;middlesbrough;newcastle_united;stoke_city;everton;fulham;birmingham_city
2015-12-31,manchester_city;chelsea;manchester_united;liverpool;sunderland;aston_villa;middlesbrough;newcastle_united;stoke_city;everton;fulham;birmingham_city
2016-01-31,manchester_city;chelsea;manchester_united;liverpool;sunderland;newcastle_united;aston_villa;middlesbrough;stoke_city;fulham;birmingham_city;west_ham
2016-02-29,manchester_city;chelsea;manchester_united;liverpool;sunderland;newcastle_united;aston_villa;middlesbrough;stoke_city;everton;fulham;birmingham_city
2016-03-31,manchester_city;chelsea;manchester_united;liverpool;sunderland;newcastle_united;aston_villa;middlesbrough;stoke_city;everton;fulham;birmingham_city
2016-04-30,manchester_city;chelsea;manchester_united;liverpool;sunderland;newcastle_united;aston_villa;middlesbrough;stoke_city;everton;fulham;birmingham_city
2016-05-31,manchester_city;chelsea;manchester_united;liverpool;sunderland;newcastle_united;aston_villa;middlesbrough;stoke_city;everton;arsenal;fulham
2016-06-30,manchester_city;chelsea;manchester_united;liverpool;sunderland;newcastle_united;aston_villa;middlesbrough;stoke_city;everton;arsenal;fulham
2016-07-31,manchester_city;chelsea;manchester_united;liverpool;middlesbrough;sunderland;stoke_city;newcastle_united;aston_villa;everton;arsenal;fulham
2016-08-31,manchester_city;chelsea;manchester_united;liverpool;sunderland;middlesbrough;stoke_city;newcastle_united;arsenal;aston_villa;west_ham;leicester_city
2016-09-30,manchester_city;chelsea;manchester_united;liverpool;sunderland;middlesbrough;stoke_city;newcastle_united;arsenal;aston_villa;west_ham;leicester_city
2016-10-31,manchester_city;chelsea;manchester_united;liverpool;sunderland;middlesbrough;stoke_city;newcastle_united;arsenal;aston_villa;west_ham;leicester_city
2016-11-30,manchester_city;chelsea;manchester_united;liverpool;sunderland;middlesbrough;stoke_city;newcastle_united;arsenal;aston_villa;west_ham;leicester_city
2016-12-31,manchester_city;chelsea;manchester_united;liverpool;sunderland;middlesbrough;stoke_city;newcastle_united;arsenal;aston_villa;west_ham;leicester_city
2017-01-31,manchester_city;chelsea;manchester_united;liverpool;sunderland;middlesbrough;stoke_city;newcastle_united;arsenal;aston_villa;everton;leicester_city
2017-02-28,manchester_city;chelsea;manchester_united;liverpool;sunderland;middlesbrough;stoke_city;newcastle_united;arsenal;aston_villa;everton;leicester_city
2017-03-31,manchester_city;chelsea;manchester_united;liverpool;sunderland;middlesbrough;stoke_city;newcastle_united;arsenal;aston_villa;everton;leicester_city
2017-04-30,manchester_city;chelsea;manchester_united;liverpool;sunderland;middlesbrough;stoke_city;newcastle_united;arsenal;aston_villa;everton;leicester_city
2017-05-31,manchester_city;chelsea;manchester_united;liverpool;sunderland;middlesbrough;stoke_city;newcastle_united;arsenal;aston_villa;everton;leicester_city
2017-06-30,manchester_city;chelsea;manchester_united;liverpool;everton;sunderland;middlesbrough;stoke_city;newcastle_united;arsenal;aston_villa;leicester_city
2017-07-31,manchester_city;chelsea;manchester_united;liverpool;arsenal;newcastle_united;sunderland;middlesbrough;leicester_city;aston_villa;stoke_city;west_ham
2017-08-31,manchester_city;chelsea;manchester_united;liverpool;leicester_city;arsenal;newcastle_united;everton;sunderland;middlesbrough;stoke_city;west_brom
2017-09-30,manchester_city;chelsea;manchester_united;liverpool;arsenal;newcastle_united;everton;sunderland;middlesbrough;stoke_city;leicester_city;crystal_palace
2017-10-31,manchester_city;chelsea;manchester_united;liverpool;arsenal;newcastle_united;everton;sunderland;middlesbrough;stoke_city;leicester_city;crystal_palace
2017-11-30,manchester_city;chelsea;manchester_united;liverpool;arsenal;newcastle_united;everton;sunderland;middlesbrough;stoke_city;leicester_city;crystal_palace
2017-12-31,manchester_city;chelsea;manchester_united;liverpool;arsenal;newcastle_united;everton;sunderland;middlesbrough;stoke_city;leicester_city;crystal_palace
2018-01-31,manchester_city;chelsea;manchester_united;liverpool;arsenal;everton;newcastle_united;sunderland;middlesbrough;stoke_city;leicester_city;crystal_palace
2018-02-28,manchester_city;chelsea;manchester_united;liverpool;arsenal;everton;newcastle_united;sunderland;middlesbrough;stoke_city;leicester_city;crystal_palace
2018-03-31,manchester_city;chelsea;manchester_united;liverpool;arsenal;everton;newcastle_united;sunderland;middlesbrough;stoke_city;leicester_city;crystal_palace
2018-04-30,manchester_city;chelsea;manchester_united;liverpool;arsenal;everton;newcastle_united;sunderland;middlesbrough;stoke_city;leicester_city;crystal_palace
2018-05-31,manchester_city;chelsea;manchester_united;liverpool;arsenal;everton;newcastle_united;sunderland;middlesbrough;stoke_city;leicester_city;crystal_palace
2018-06-30,manchester_city;chelsea;manchester_united;liverpool;arsenal;everton;newcastle_united;leicester_city;sunderland;middlesbrough;stoke_city;crystal_palace
2018-07-31,manchester_city;chelsea;manchester_united;liverpool;everton;arsenal;west_ham;sunderland;middlesbrough;stoke_city;newcastle_united;fulham
2018-08-31,manchester_city;chelsea;manchester_united;liverpool;everton;arsenal;fulham;sunderland;west_ham;middlesbrough;stoke_city;crystal_palace
2018-09-30,manchester_city;chelsea;manchester_united;liverpool;everton;arsenal;fulham;sunderland;west_ham;middlesbrough;stoke_city;crystal_palace
2018-10-31,manchester_city;chelsea;manchester_united;liverpool;everton;arsenal;fulham;sunderland;west_ham;middlesbrough;stoke_city;crystal_palace
2018-11-30,manchester_city;chelsea;manchester_united;liverpool;everton;arsenal;fulham;sunderland;west_ham;middlesbrough;stoke_city;crystal_palace
2018-12-31,manchester_city;chelsea;manchester_united;liverpool;everton;arsenal;fulham;sunderland;west_ham;middlesbrough;stoke_city;crystal_palace
2019-01-31,manchester_city;chelsea;manchester_united;liverpool;everton;arsenal;fulham;bournemouth;newcastle_united;sunderland;west_ham;middlesbrough
2019-02-28,manchester_city;chelsea;manchester_united;liverpool;everton;arsenal;fulham;bournemouth;newcastle_united;sunderland;west_ham;middlesbrough
2019-03-31,manchester_city;chelsea;manchester_united;liverpool;everton;arsenal;fulham;bournemouth;newcastle_united;sunderland;west_ham;middlesbrough
2019-04-30,manchester_city;chelsea;manchester_united;liverpool;everton;arsenal;fulham;bournemouth;newcastle_united;sunderland;wolves;west_ham
2019-05-31,manchester_city;chelsea;manchester_united;liverpool;everton;arsenal;fulham;bournemouth;newcastle_united;sunderland;wolves;west_ham
2019-06-30,manchester_city;chelsea;manchester_united;liverpool;everton;arsenal;fulham;west_ham;bournemouth;newcastle_united;aston_villa;sunderland
2019-07-31,manchester_city;chelsea;manchester_united;liverpool;arsenal;everton;aston_villa;fulham;west_ham;newcastle_united;leicester_city;wolves
2019-08-31,manchester_city;chelsea;manchester_united;liverpool;arsenal;everton;aston_villa;west_ham;fulham;newcastle_united;bournemouth;wolves
2019-09-30,manchester_city;chelsea;manchester_united;liverpool;arsenal;everton;aston_villa;west_ham;fulham;newcastle_united;bournemouth;wolves
2019-10-31,manchester_city;chelsea;manchester_united;liverpool;arsenal;everton;aston_villa;west_ham;fulham;newcastle_united;bournemouth;wolves
2019-11-30,manchester_city;chelsea;manchester_united;liverpool;arsenal;everton;aston_villa;west_ham;fulham;newcastle_united;bournemouth;wolves
2019-12-31,manchester_city;chelsea;manchester_united;liverpool;arsenal;everton;aston_villa;west_ham;fulham;newcastle_united;bournemouth;wolves
2020-01-31,manchester_city;chelsea;manchester_united;liverpool;arsenal;everton;aston_villa;west_ham;fulham;newcastle_united;tottenham_hotspur;bournemouth
2020-02-29,manchester_city;chelsea;manchester_united;liverpool;arsenal;everton;aston_villa;west_ham;fulham;newcastle_united;tottenham_hotspur;bournemouth
2020-03-31,manchester_city;chelsea;manchester_united;liverpool;arsenal;everton;aston_villa;west_ham;fulham;newcastle_united;tottenham_hotspur;bournemouth
2020-04-30,manchester_city;chelsea;manchester_united;liverpool;arsenal;everton;aston_villa;west_ham;fulham;newcastle_united;tottenham_hotspur;bournemouth
2020-05-31,manchester_city;chelsea;manchester_united;liverpool;arsenal;everton;aston_villa;west_ham;fulham;newcastle_united;tottenham_hotspur;bournemouth
2020-06-30,manchester_city;chelsea;manchester_united;liverpool;arsenal;everton;aston_villa;west_ham;fulham;newcastle_united;tottenham_hotspur;bournemouth
2020-07-31,manchester_city;chelsea;manchester_united;liverpool;arsenal;everton;aston_villa;west_ham;fulham;newcastle_united;tottenham_hotspur;bournemouth
2020-08-31,manchester_city;chelsea;manchester_united;liverpool;arsenal;everton;aston_villa;fulham;west_ham;tottenham_hotspur;newcastle_united;bournemouth
2020-09-30,manchester_city;chelsea;manchester_united;liverpool;everton;arsenal;aston_villa;tottenham_hotspur;newcastle_united;fulham;west_ham;bournemouth
2020-10-31,manchester_city;chelsea;manchester_united;liverpool;arsenal;everton;aston_villa;tottenham_hotspur;newcastle_united;fulham;west_ham;bournemouth
2020-11-30,manchester_city;chelsea;manchester_united;liverpool;arsenal;everton;aston_villa;tottenham_hotspur;newcastle_united;fulham;west_ham;bournemouth
2020-12-31,manchester_city;chelsea;manchester_united;liverpool;arsenal;everton;aston_villa;tottenham_hotspur;newcastle_united;fulham;west_ham;bournemouth
2021-01-31,manchester_city;chelsea;manchester_united;liverpool;arsenal;everton;aston_villa;tottenham_hotspur;newcastle_united;fulham;west_ham;bournemouth
2021-02-28,manchester_city;chelsea;manchester_united;liverpool;arsenal;everton;aston_villa;tottenham_hotspur;newcastle_united;fulham;west_ham;bournemouth
2021-03-31,manchester_city;chelsea;manchester_united;liverpool;arsenal;everton;aston_villa;tottenham_hotspur;newcastle_united;fulham;west_ham;bournemouth
2021-04-30,manchester_city;chelsea;manchester_united;liverpool;arsenal;everton;aston_villa;tottenham_hotspur;newcastle_united;fulham;west_ham;bournemouth
2021-05-31,manchester_city;chelsea;manchester_united;liverpool;arsenal;everton;aston_villa;tottenham_hotspur;newcastle_united;fulham;west_ham;bournemouth
2021-06-30,manchester_city;chelsea;manchester_united;liverpool;arsenal;everton;aston_villa;tottenham_hotspur;newcastle_united;fulham;west_ham;bournemouth
2021-07-31,manchester_city;chelsea;manchester_united;arsenal;liverpool;everton;aston_villa;tottenham_hotspur;newcastle_united;fulham;west_ham;crystal_palace
2021-08-31,manchester_city;chelsea;manchester_united;arsenal;liverpool;everton;aston_villa;tottenham_hotspur;newcastle_united;west_ham;fulham;crystal_palace
2021-09-30,manchester_city;chelsea;manchester_united;arsenal;liverpool;everton;aston_villa;tottenham_hotspur;newcastle_united;west_ham;fulham;crystal_palace
2021-10-31,manchester_city;chelsea;manchester_united;arsenal;liverpool;everton;aston_villa;tottenham_hotspur;newcastle_united;west_ham;fulham;crystal_palace
2021-11-30,manchester_city;chelsea;manchester_united;arsenal;liverpool;everton;aston_villa;tottenham_hotspur;newcastle_united;west_ham;fulham;crystal_palace
2021-12-31,manchester_city;chelsea;manchester_united;arsenal;liverpool;everton;aston_villa;tottenham_hotspur;newcastle_united;west_ham;fulham;crystal_palace
2022-01-31,manchester_city;chelsea;manchester_united;liverpool;arsenal;everton;aston_villa;newcastle_united;tottenham_hotspur;west_ham;fulham;crystal_palace
2022-02-28,manchester_city;chelsea;manchester_united;liverpool;arsenal;everton;aston_villa;newcastle_united;tottenham_hotspur;west_ham;fulham;crystal_palace
2022-03-31,manchester_city;chelsea;manchester_united;liverpool;arsenal;everton;aston_villa;newcastle_united;tottenham_hotspur;west_ham;fulham;crystal_palace
2022-04-30,manchester_city;chelsea;manchester_united;liverpool;arsenal;everton;aston_villa;newcastle_united;tottenham_hotspur;west_ham;fulham;crystal_palace
2022-05-31,manchester_city;chelsea;manchester_united;liverpool;arsenal;everton;aston_villa;newcastle_united;tottenham_hotspur;west_ham;fulham;crystal_palace
2022-06-30,manchester_city;chelsea;manchester_united;liverpool;arsenal;everton;aston_villa;newcastle_united;tottenham_hotspur;west_ham;fulham;leeds_united
2022-07-31,manchester_city;chelsea;manchester_united;arsenal;liverpool;newcastle_united;aston_villa;tottenham_hotspur;west_ham;everton;fulham;crystal_palace
2022-08-31,chelsea;manchester_city;manchester_united;arsenal;liverpool;newcastle_united;west_ham;everton;tottenham_hotspur;aston_villa;fulham;wolves
2022-09-30,chelsea;manchester_city;manchester_united;arsenal;liverpool;newcastle_united;west_ham;everton;tottenham_hotspur;aston_villa;fulham;wolves
2022-10-31,chelsea;manchester_city;manchester_united;arsenal;liverpool;newcastle_united;west_ham;everton;tottenham_hotspur;aston_villa;fulham;wolves
2022-11-30,chelsea;manchester_city;manchester_united;arsenal;liverpool;newcastle_united;west_ham;everton;tottenham_hotspur;aston_villa;fulham;wolves
2022-12-31,chelsea;manchester_city;manchester_united;arsenal;liverpool;newcastle_united;west_ham;everton;tottenham_hotspur;aston_villa;fulham;wolves
2023-01-31,chelsea;manchester_city;manchester_united;arsenal;liverpool;newcastle_united;west_ham;aston_villa;tottenham_hotspur;everton;wolves;fulham
2023-02-28,chelsea;manchester_city;manchester_united;arsenal;liverpool;newcastle_united;west_ham;aston_villa;tottenham_hotspur;everton;wolves;fulham
2023-03-31,chelsea;manchester_city;manchester_united;arsenal;liverpool;newcastle_united;west_ham;aston_villa;tottenham_hotspur;everton;wolves;fulham
2023-04-30,chelsea;manchester_city;manchester_united;arsenal;liverpool;newcastle_united;west_ham;aston_villa;tottenham_hotspur;everton;wolves;fulham
2023-05-31,chelsea;manchester_city;manchester_united;arsenal;liverpool;newcastle_united;west_ham;aston_villa;tottenham_hotspur;everton;wolves;fulham
2023-06-30,chelsea;manchester_city;manchester_united;arsenal;liverpool;newcastle_united;west_ham;tottenham_hotspur;aston_villa;everton;fulham;bournemouth
2023-07-31,chelsea;manchester_city;manchester_united;arsenal;liverpool;newcastle_united;tottenham_hotspur;aston_villa;everton;west_ham;fulham;bournemouth
2023-08-31,chelsea;manchester_city;manchester_united;arsenal;liverpool;newcastle_united;aston_villa;tottenham_hotspur;west_ham;everton;bournemouth;fulham
2023-09-30,chelsea;manchester_city;manchester_united;arsenal;liverpool;newcastle_united;tottenham_hotspur;aston_villa;west_ham;everton;bournemouth;fulham
2023-10-31,chelsea;manchester_city;manchester_united;arsenal;liverpool;newcastle_united;tottenham_hotspur;aston_villa;west_ham;everton;bournemouth;fulham
2023-11-30,chelsea;manchester_city;manchester_united;arsenal;liverpool;newcastle_united;tottenham_hotspur;aston_villa;west_ham;everton;bournemouth;fulham
2023-12-31,chelsea;manchester_city;manchester_united;arsenal;liverpool;newcastle_united;tottenham_hotspur;aston_villa;west_ham;everton;bournemouth;fulham
2024-01-31,chelsea;manchester_city;manchester_united;arsenal;liverpool;newcastle_united;tottenham_hotspur;aston_villa;west_ham;everton;bournemouth;fulham
2024-02-29,chelsea;manchester_city;manchester_united;arsenal;liverpool;newcastle_united;tottenham_hotspur;aston_villa;west_ham;everton;bournemouth;fulham
2024-03-31,chelsea;manchester_city;manchester_united;arsenal;liverpool;newcastle_united;tottenham_hotspur;aston_villa;west_ham;everton;bournemouth;fulham
2024-04-30,chelsea;manchester_city;manchester_united;arsenal;liverpool;newcastle_united;tottenham_hotspur;aston_villa;west_ham;everton;bournemouth;fulham
2024-05-31,chelsea;manchester_city;manchester_united;arsenal;liverpool;newcastle_united;tottenham_hotspur;aston_villa;west_ham;everton;bournemouth;fulham
2024-06-30,chelsea;manchester_city;manchester_united;arsenal;liverpool;newcastle_united;tottenham_hotspur;west_ham;aston_villa;bournemouth;everton;fulham
2024-07-31,chelsea;manchester_city;manchester_united;arsenal;liverpool;newcastle_united;tottenham_hotspur;west_ham;aston_villa;bournemouth;everton;fulham
2024-08-31,chelsea;manchester_united;manchester_city;arsenal;liverpool;newcastle_united;tottenham_hotspur;west_ham;aston_villa;bournemouth;fulham;everton
2024-09-30,chelsea;manchester_united;manchester_city;arsenal;liverpool;newcastle_united;tottenham_hotspur;west_ham;aston_villa;bournemouth;fulham;everton
2024-10-31,chelsea;manchester_united;manchester_city;arsenal;liverpool;newcastle_united;tottenham_hotspur;west_ham;aston_villa;bournemouth;fulham;everton
2024-11-30,chelsea;manchester_united;manchester_city;arsenal;liverpool;newcastle_united;tottenham_hotspur;west_ham;aston_villa;bournemouth;fulham;everton
2024-12-31,chelsea;manchester_united;manchester_city;arsenal;liverpool;newcastle_united;tottenham_hotspur;west_ham;aston_villa;bournemouth;fulham;everton
2025-01-31,chelsea;manchester_city;manchester_united;arsenal;liverpool;newcastle_united;tottenham_hotspur;west_ham;bournemouth;fulham;aston_villa;everton
2025-02-28,chelsea;manchester_city;manchester_united;arsenal;liverpool;newcastle_united;tottenham_hotspur;west_ham;bournemouth;fulham;aston_villa;everton
2025-03-31,chelsea;manchester_city;manchester_united;arsenal;liverpool;newcastle_united;tottenham_hotspur;west_ham;bournemouth;fulham;aston_villa;everton
2025-04-30,chelsea;manchester_city;manchester_united;arsenal;liverpool;newcastle_united;tottenham_hotspur;west_ham;bournemouth;fulham;aston_villa;everton
2025-05-31,chelsea;manchester_city;manchester_united;arsenal;liverpool;newcastle_united;tottenham_hotspur;west_ham;bournemouth;fulham;aston_villa;everton
2025-06-30,chelsea;manchester_city;manchester_united;liverpool;arsenal;tottenham_hotspur;newcastle_united;west_ham;fulham;aston_villa;everton;bournemouth
2025-07-31,chelsea;manchester_city;manchester_united;arsenal;liverpool;tottenham_hotspur;newcastle_united;west_ham;fulham;aston_villa;everton;bournemouth
2025-08-31,chelsea;manchester_united;manchester_city;arsenal;newcastle_united;tottenham_hotspur;liverpool;west_ham;everton;fulham;aston_villa;nottingham_forest
2025-09-30,chelsea;manchester_city;manchester_united;arsenal;liverpool;tottenham_hotspur;newcastle_united;west_ham;fulham;everton;aston_villa;nottingham_forest
2025-10-31,chelsea;manchester_city;manchester_united;arsenal;liverpool;tottenham_hotspur;newcastle_united;west_ham;fulham;everton;aston_villa;nottingham_forest
2025-11-30,chelsea;manchester_city;manchester_united;arsenal;liverpool;tottenham_hotspur;newcastle_united;west_ham;fulham;everton;aston_villa;nottingham_forest
2025-12-31,chelsea;manchester_city;manchester_united;arsenal;liverpool;tottenham_hotspur;newcastle_united;west_ham;fulham;everton;aston_villa;nottingham_forest
2026-01-31,chelsea;manchester_city;manchester_united;arsenal;liverpool;tottenham_hotspur;newcastle_united;west_ham;fulham;everton;aston_villa;nottingham_forest
2026-02-28,chelsea;manchester_city;manchester_united;arsenal;liverpool;tottenham_hotspur;newcastle_united;west_ham;fulham;everton;aston_villa;nottingham_forest
2026-03-31,chelsea;manchester_city;manchester_united;arsenal;liverpool;tottenham_hotspur;newcastle_united;west_ham;fulham;everton;aston_villa;nottingham_forest
2026-04-30,chelsea;manchester_city;manchester_united;arsenal;liverpool;tottenham_hotspur;newcastle_united;west_ham;fulham;everton;aston_villa;nottingham_forest
2026-05-31,chelsea;manchester_city;manchester_united;arsenal;liverpool;tottenham_hotspur;newcastle_united;west_ham;fulham;everton;aston_villa;nottingham_forest
2026-06-30,chelsea;manchester_city;manchester_united;arsenal;liverpool;tottenham_hotspur;newcastle_united;west_ham;fulham;everton;aston_villa;nottingham_forest
2026-07-31,chelsea;manchester_city;manchester_united;arsenal;liverpool;tottenham_hotspur;newcastle_united;west_ham;everton;fulham;aston_villa;leeds_united
2026-08-31,chelsea;manchester_united;manchester_city;arsenal;liverpool;tottenham_hotspur;newcastle_united;west_ham;fulham;everton;leeds_united;ipswich_town
2026-09-01,chelsea;manchester_city;manchester_united;arsenal;liverpool;tottenham_hotspur;newcastle_united;west_ham;fulham;aston_villa;ipswich_town;leeds_united
