title,revid,api_response_sha256,url
1991–92 Arsenal F.C. season,1374698767,3f7fe4a0ab57212a7601f46daece2ee8bbc8503dce4fa8f3daf52951b28aa9a2,https://en.wikipedia.org/w/index.php?oldid=1374698767
1991–92 Football League,1367493986,2dd30daff58d5a449f42ff9ce8ab9ced193946d57b251fa05d5bd1c0e67de7f3,https://en.wikipedia.org/w/index.php?oldid=1367493986
1991–92 Football League First Division,1376474318,7e0f6aa80e7a4d51c977a9c4ad7cf320682312cc821fb32a3ddb0eea80adb101,https://en.wikipedia.org/w/index.php?oldid=1376474318
1991–92 Leeds United A.F.C. season,1367683699,a31c5a969d0e463b57fac1bc599886d27db6e6a8fd14a1ecf0153c8b7b6ffdc4,https://en.wikipedia.org/w/index.php?oldid=1367683699
1991–92 Liverpool F.C. season,1364097133,d58771fb2f9dacd1f08f323075bdb3099af57ca1bd53eedfa228b5c87f1e434c,https://en.wikipedia.org/w/index.php?oldid=1364097133
1991–92 Luton Town F.C. season,1308066605,7664b703b5ca9030387d664b59129f4009a87b06ee780fec77f87409d475a5dc,https://en.wikipedia.org/w/index.php?oldid=1308066605
1991–92 Manchester United F.C. season,1375460188,8ffc87d9c58e9fe56fbcb3c9bfc2f91bb2154bf993c346e31c9bc80ff03bc42e,https://en.wikipedia.org/w/index.php?oldid=1375460188
1991–92 Norwich City F.C. season,1335542310,3f4c28a646f47b589dfc20bba9306f8b77dede033c821b87dd29deeda1215662,https://en.wikipedia.org/w/index.php?oldid=1335542310
1991–92 Sheffield Wednesday F.C. season,1335542428,2244e9ec083e3fe36df6aabeb7ca4609f3801455330c2314e3ad4d9e194344a4,https://en.wikipedia.org/w/index.php?oldid=1335542428
1991–92 West Ham United F.C. season,1335418324,ce8f2180c998730f5d3c2d5ee8c48ed42604a6931031650dd14222b6e061694a,https://en.wikipedia.org/w/index.php?oldid=1335418324
1992–93 Arsenal F.C. season,1378542689,defe4546040277da602e76b49dc19fe7e5c8a20ecf1d594d891d17422d79e627,https://en.wikipedia.org/w/index.php?oldid=1378542689
1992–93 Aston Villa F.C. season,1372727199,d0e5019e40469d72b980361db598e19f6d51a3271c6cd38d2ea61fcb3389c069,https://en.wikipedia.org/w/index.php?oldid=1372727199
1992–93 Blackburn Rovers F.C. season,1356932925,3f17e03d64ce1492785ba1e272ade6ee1497f1aa775ce5948f40845f9b23d71a,https://en.wikipedia.org/w/index.php?oldid=1356932925
1992–93 Chelsea F.C. season,1335413497,b24ecb346d7dc619acc5f84ad52e6d4e38d307394fc6b27074b387d3d7561fd9,https://en.wikipedia.org/w/index.php?oldid=1335413497
1992–93 Coventry City F.C. season,1353623520,30268e4e693975c45103192988e67875fb3cbdf724a6d5e419c5e53dd0fa69ec,https://en.wikipedia.org/w/index.php?oldid=1353623520
1992–93 Crystal Palace F.C. season,1361539088,25e3bacce3d05693257616d5a60dfbad10faea7213a1cef61d04dd36eeca95f8,https://en.wikipedia.org/w/index.php?oldid=1361539088
1992–93 Everton F.C. season,1335413296,e9655a3668f7103eba01aa90274a51d9bc880b9e00de9ab0e5cd76b7d7fda7de,https://en.wikipedia.org/w/index.php?oldid=1335413296
1992–93 FA Premier League,1371793412,a0671df30e4bf292308115cea1c89f1f0f3e697004042ff96017ab198faf75ef,https://en.wikipedia.org/w/index.php?oldid=1371793412
1992–93 Ipswich Town F.C. season,1338376984,73df94789236e73cf3ddad54726489ddb6be441538ae2ec588e070c76b8adb11,https://en.wikipedia.org/w/index.php?oldid=1338376984
1992–93 Leeds United A.F.C. season,1360299589,ab57464537967fcc065af31565ee3f75ba8b4e81ae237d28bdcaab286719c1bb,https://en.wikipedia.org/w/index.php?oldid=1360299589
1992–93 Liverpool F.C. season,1354427539,8dd137150ab9740c47e7d6fe56d3f21a13f46de6a54115a5816daa674708c951,https://en.wikipedia.org/w/index.php?oldid=1354427539
1992–93 Manchester City F.C. season,1352647110,27b00ee2a3db1ddab27e812c985f4a203b9eae467e9c27f758a896b0d798a029,https://en.wikipedia.org/w/index.php?oldid=1352647110
1992–93 Manchester United F.C. season,1365820424,4b37308b7eb100193190611ac79ac426fa69d3378021f6c5899d198f27cb7337,https://en.wikipedia.org/w/index.php?oldid=1365820424
1992–93 Middlesbrough F.C. season,1335411586,3a1286bd89d3bc7b11ce544f983026f3b667594b3bb01167f1501f3310b44b7c,https://en.wikipedia.org/w/index.php?oldid=1335411586
1992–93 Norwich City F.C. season,1372692101,48b82f681c9aef277fbd52f60941ac70872af4178cd8b24d85e52336178c9ba8,https://en.wikipedia.org/w/index.php?oldid=1372692101
1992–93 Nottingham Forest F.C. season,1335408960,892dd466b8cde64729c304b4c1df74b3b0ed05ad0af51ce085503e63ec17bb3d,https://en.wikipedia.org/w/index.php?oldid=1335408960
1992–93 Oldham Athletic A.F.C. season,1373603359,77a245b3f432293fb12b8cb7d2195a1160a1e22bf9e6136d27ea5b5696c17d0f,https://en.wikipedia.org/w/index.php?oldid=1373603359
1992–93 Queens Park Rangers F.C. season,1360318037,b884d70f456bb7e9ffbd722bd8b69457c5ec4e6de21f12b10e78941d91c40501,https://en.wikipedia.org/w/index.php?oldid=1360318037
1992–93 Sheffield United F.C. season,1335408812,57b7ea234f0c8353514140df1f220328b9db75af8c918f901743f789a29dc062,https://en.wikipedia.org/w/index.php?oldid=1335408812
1992–93 Sheffield Wednesday F.C. season,1335408803,97ecb0a582aa3165bab3048726f2209033370f771d06784163a111d92a4b92ca,https://en.wikipedia.org/w/index.php?oldid=1335408803
1992–93 Southampton F.C. season,1367318555,28e81d2f4b36153987621f5207612c6d1b90dbfe0f112499cd9684fe0beabbf6,https://en.wikipedia.org/w/index.php?oldid=1367318555
1992–93 Tottenham Hotspur F.C. season,1335716938,c64db10be9d129bbaab2f9971c5c7bd9ee3a31970d5238940de8934de95384a1,https://en.wikipedia.org/w/index.php?oldid=1335716938
1992–93 Wimbledon F.C. season,1336820958,10bfd0f3f2e28194320acd4126790a87f3c1069b692df9677d5f044bb18202df,https://en.wikipedia.org/w/index.php?oldid=1336820958
1992–93 in English football,1372582646,e078e45e34f7dd080e19f2f8d44371c648edd1dc13ba52c3619ddee9f8723262,https://en.wikipedia.org/w/index.php?oldid=1372582646
1993–94 Arsenal F.C. season,1350553508,f4ff17f88448e5526bdc67d5cac1cf32d9e555368d57eb929b700e734751af95,https://en.wikipedia.org/w/index.php?oldid=1350553508
1993–94 Aston Villa F.C. season,1367347090,1231a76a750396823505d8bd2b2f515751a5b5d12ed660691a575c1cb370105d,https://en.wikipedia.org/w/index.php?oldid=1367347090
1993–94 Blackburn Rovers F.C. season,1356932862,c9b9d1130fd305fc880e15eed20d70d0a7faf0c99bf565d553aaf76b1f58239d,https://en.wikipedia.org/w/index.php?oldid=1356932862
1993–94 Chelsea F.C. season,1354182209,1eb7aac472529d5229d7aedd2b931d8f96324eaa8971b5ec5d39502dbcd6b53f,https://en.wikipedia.org/w/index.php?oldid=1354182209
1993–94 Coventry City F.C. season,1327423027,dd8824537c373bb6bcf2b460709c766af152d7794e65e2ce4434872bc687fe5f,https://en.wikipedia.org/w/index.php?oldid=1327423027
1993–94 Everton F.C. season,1336639996,6b71238c7ca3b00436679db97dcd75666ccf106c6808baf14e683384a420a550,https://en.wikipedia.org/w/index.php?oldid=1336639996
1993–94 FA Premier League,1371793527,e6b7283a7a5fb0ed2f4e322ff723ca28cd3b3825a632f5603aa607ee59f8ffee,https://en.wikipedia.org/w/index.php?oldid=1371793527
1993–94 Ipswich Town F.C. season,1338376942,c0f9d2dce20f45eeab58b03d7309503723b4497e998ad84cee7870c825bb0efc,https://en.wikipedia.org/w/index.php?oldid=1338376942
1993–94 Leeds United A.F.C. season,1366908846,8ac09634180fd409a0e87a200f2d4e471e6c3dd95acfa9cd3674e5868cade829,https://en.wikipedia.org/w/index.php?oldid=1366908846
1993–94 Liverpool F.C. season,1374917425,7ddb07281a535825dc52d9e25f5725008852bb0aff225afb108de98f1b9893e7,https://en.wikipedia.org/w/index.php?oldid=1374917425
1993–94 Manchester City F.C. season,1346765817,00fe4722558691f9320cc989e110f04dd0ce85f2cd7c6e42267d7a3776d47c60,https://en.wikipedia.org/w/index.php?oldid=1346765817
1993–94 Manchester United F.C. season,1368529229,3bd93831364248fa13e3fa1a448a3050b30dcb4bdd7f481fca0b4d758294aa8e,https://en.wikipedia.org/w/index.php?oldid=1368529229
1993–94 Newcastle United F.C. season,1367351292,6d650cf7d5eead27dc84be410bf601000161ae3b9b78729ce9f0d4e7398e9b10,https://en.wikipedia.org/w/index.php?oldid=1367351292
1993–94 Norwich City F.C. season,1344833434,5da8e605fce11ba6dfc502434200e92d534be3e14cf4ff7cba2e39ceae7418c5,https://en.wikipedia.org/w/index.php?oldid=1344833434
1993–94 Oldham Athletic A.F.C. season,1373603370,8bac391edd5f7033e5f2aa44b7890767ee74ed683577197a167251e23dab015d,https://en.wikipedia.org/w/index.php?oldid=1373603370
1993–94 Queens Park Rangers F.C. season,1358653302,a08167f26941dfa65e2c896c01c198234e5412594700d21887359fb6429c3532,https://en.wikipedia.org/w/index.php?oldid=1358653302
1993–94 Sheffield United F.C. season,1296260879,b84149d138e92b15b09a64f43d56ff8c5a3112a8eafb1c544e6665a509ca9ffb,https://en.wikipedia.org/w/index.php?oldid=1296260879
1993–94 Sheffield Wednesday F.C. season,1377282734,bf10dcaf0edb0bc249c2939638bd12e3cb7d20f76261975e983c0621a2342db4,https://en.wikipedia.org/w/index.php?oldid=1377282734
1993–94 Southampton F.C. season,1365907298,d15740b0e7b4ca17ede4f48a5a6de3900cb706d78a47a1062b337cf78ea75dce,https://en.wikipedia.org/w/index.php?oldid=1365907298
1993–94 Swindon Town F.C. season,1368992160,ae4fd41c290036b4f27a003ee7508ba549de4853a4f74d5f3311defa3ace5a93,https://en.wikipedia.org/w/index.php?oldid=1368992160
1993–94 Tottenham Hotspur F.C. season,1375559849,4a6a442ebb68d3ca5f1d96fe3e839c4e8664b0ecd3ac035585a8cc3311190d11,https://en.wikipedia.org/w/index.php?oldid=1375559849
1993–94 West Ham United F.C. season,1306470905,bcbce41bb4899b294e02f893f6618c6a168e6e5388f245ac70a97621972e83ba,https://en.wikipedia.org/w/index.php?oldid=1306470905
1993–94 Wimbledon F.C. season,1336821457,3d926139315ba647126c5143a534abe2e05b4fa26d158b7fe592c3bdc245e787,https://en.wikipedia.org/w/index.php?oldid=1336821457
1994–95 Arsenal F.C. season,1377987528,62428626816498311b8c400929f98ea67d677565998502cd400cf6d86e657e56,https://en.wikipedia.org/w/index.php?oldid=1377987528
1994–95 Aston Villa F.C. season,1367392128,b5bdde8fee26223a114cdcf23c9e81c2573c582f5d216b100da7a0ecf6812048,https://en.wikipedia.org/w/index.php?oldid=1367392128
1994–95 Blackburn Rovers F.C. season,1333957096,3b996254310148c7775ca4b1cee825df1bc00b84bda30a289a8487c57177f0c1,https://en.wikipedia.org/w/index.php?oldid=1333957096
1994–95 Chelsea F.C. season,1365907313,f4ebf21ca139efc4d090040d85c3948c43eb555714a63ab324a6185ac2685ef4,https://en.wikipedia.org/w/index.php?oldid=1365907313
1994–95 Coventry City F.C. season,1356470605,e2a58fe3b7500e5a3bf576664ec72b1c1f5df85592e9d629f6d9aa0d75f2bb58,https://en.wikipedia.org/w/index.php?oldid=1356470605
1994–95 Crystal Palace F.C. season,1356470688,83f8e969f71da20d76a3a1c0bf525e5004a9096faf09860c513b9c6e0402c47b,https://en.wikipedia.org/w/index.php?oldid=1356470688
1994–95 Everton F.C. season,1357096621,d3f1f22337d2bd38aa219770efb9d0dfceaa8300d5a63e932e529b868ca666a2,https://en.wikipedia.org/w/index.php?oldid=1357096621
1994–95 FA Premier League,1371793541,df384722630d0be10040677336316e6dda841eec9ade18971a429add36c659ea,https://en.wikipedia.org/w/index.php?oldid=1371793541
1994–95 Ipswich Town F.C. season,1338376923,33db2f886379257f7e7d64c2be3aac2eb133e37d7dc81f495856c97c02406dcc,https://en.wikipedia.org/w/index.php?oldid=1338376923
1994–95 Leeds United A.F.C. season,1376376618,4fbbceaa8bbd2dbe419bc5903fe8d03f93954fe88d4eb6c51333f203833478f4,https://en.wikipedia.org/w/index.php?oldid=1376376618
1994–95 Leicester City F.C. season,1356470837,c9a906da2bd4c0c7b4fc28da40a2ff74d5858dc084e87c5f48607448bb72324c,https://en.wikipedia.org/w/index.php?oldid=1356470837
1994–95 Liverpool F.C. season,1365907233,226bd0e425694297544c6b6de9d00685378181584838dbd6f8e71a34edcd7dc1,https://en.wikipedia.org/w/index.php?oldid=1365907233
1994–95 Manchester City F.C. season,1357436524,2953f64b71858366c60618681eb4a00f8b411b6be3cf3ca9764410c33619f55a,https://en.wikipedia.org/w/index.php?oldid=1357436524
1994–95 Manchester United F.C. season,1367397711,ba1842fe62f2f88b4ccb452cc1ef4ef736769237e8def36c60673c5d5327b224,https://en.wikipedia.org/w/index.php?oldid=1367397711
1994–95 Newcastle United F.C. season,1367398519,cd208407eec0fc75debd84f5c430f1660ca855bc8ce395aa7a0d289f0ca6cdc6,https://en.wikipedia.org/w/index.php?oldid=1367398519
1994–95 Norwich City F.C. season,1358701199,3add41f7a20ee7cbfc6bf2810601eb235477bfb4aad9d3f5f7d9587802c8dd86,https://en.wikipedia.org/w/index.php?oldid=1358701199
1994–95 Nottingham Forest F.C. season,1369133212,9fe11acaa5c35baf0b73f76ce45d352d323483a543453c141c825ab5fde5c20b,https://en.wikipedia.org/w/index.php?oldid=1369133212
1994–95 Queens Park Rangers F.C. season,1369042896,9452094865ff7edf80283b5337c04ab8eddfb6d044c94818724bcc246095ebe0,https://en.wikipedia.org/w/index.php?oldid=1369042896
1994–95 Sheffield Wednesday F.C. season,1376704601,3d4a8d41a8447e3125adb1d019e56151965e1787c3af7533a501e23b70e08f34,https://en.wikipedia.org/w/index.php?oldid=1376704601
1994–95 Southampton F.C. season,1365907448,dc499a5a536fa18121a8eedc0c9e76d300f240fec9f186dfb94c91cde905df15,https://en.wikipedia.org/w/index.php?oldid=1365907448
1994–95 Tottenham Hotspur F.C. season,1356886104,0c5b1bb930f8228974e7faf133472939ac63096e4f09c90831fbf41b142f3163,https://en.wikipedia.org/w/index.php?oldid=1356886104
1994–95 West Ham United F.C. season,1362431404,cc7f9f6e399507e10eeee4633c0da806fba2937cc7738303826ae089b792ddaf,https://en.wikipedia.org/w/index.php?oldid=1362431404
1994–95 Wimbledon F.C. season,1365774829,8edb6c3861bab5167406fefae4d14c82d83c3fd8c6fd47bce0131f65e3e3148e,https://en.wikipedia.org/w/index.php?oldid=1365774829
1995–96 Arsenal F.C. season,1377987529,a949726303c252bbe2147e0aa1ba60d027189a59bbe31d581e8ce4ffa97a7a56,https://en.wikipedia.org/w/index.php?oldid=1377987529
1995–96 Aston Villa F.C. season,1360326048,44ca12cfd5d10658dad80666288e506bf6e6532f2fcb204edfcf3d10f2827959,https://en.wikipedia.org/w/index.php?oldid=1360326048
1995–96 Blackburn Rovers F.C. season,1356932787,45f11e962c3fcb3e8116bbc788ee133a8d3a8a774b7438c5ae23411fdffecfa7,https://en.wikipedia.org/w/index.php?oldid=1356932787
1995–96 Bolton Wanderers F.C. season,1356932769,31191e4342063f7d912eb02ba2ac27ce0ec134543c129ca16384fbec5cbd995f,https://en.wikipedia.org/w/index.php?oldid=1356932769
1995–96 Chelsea F.C. season,1308780048,1497d57ddbc75a47773a32ae2e5c97b5737aa65d4e6e01d5cdf504d17ae814b4,https://en.wikipedia.org/w/index.php?oldid=1308780048
1995–96 Coventry City F.C. season,1356895195,98ce78a083a6b24e7a822b87150060565009adca60432b7e4e85b173e5c2d53e,https://en.wikipedia.org/w/index.php?oldid=1356895195
1995–96 Everton F.C. season,1358633616,207d1ea5c1f27833e8151c49c975589978d648c9fd0bb3b9a4d87e6cfef037fe,https://en.wikipedia.org/w/index.php?oldid=1358633616
1995–96 FA Premier League,1371813190,c14c9f856eda5bc89ebc1ddd3ae6d6449e4e0a8487fd124b6ec3f1fdf3128b45,https://en.wikipedia.org/w/index.php?oldid=1371813190
1995–96 Leeds United A.F.C. season,1360288624,8b47ddbcfa2e9fe8699184f2e8576a5532246411f519f1c055211e5e7f07df0f,https://en.wikipedia.org/w/index.php?oldid=1360288624
1995–96 Liverpool F.C. season,1367476464,04c132e42a1c829abc49eb7fb036eb761edf25467f9b6beedc4163fcde9f588e,https://en.wikipedia.org/w/index.php?oldid=1367476464
1995–96 Manchester City F.C. season,1324706545,5b6ef04771aae132910fc5129189446e33071ade4f0eecdedf5aca78c7fa3116,https://en.wikipedia.org/w/index.php?oldid=1324706545
1995–96 Manchester United F.C. season,1372113462,94d4c3a94b0958ad6ca6a39463c2f0e8956c14ee4019610b0f0e5bb66ea4baeb,https://en.wikipedia.org/w/index.php?oldid=1372113462
1995–96 Middlesbrough F.C. season,1356622875,339387cd1abdf3ea7185f3ac03e7520f4bf1dabc5b215498c0c4f38ee8c8728b,https://en.wikipedia.org/w/index.php?oldid=1356622875
1995–96 Newcastle United F.C. season,1365907270,c7d3fa0f0d68c993c58a30a42c4e9fa8c694261240e1fd7bb00e3047d55bbfb7,https://en.wikipedia.org/w/index.php?oldid=1365907270
1995–96 Nottingham Forest F.C. season,1368547831,b10e23ba373b8daace43f663652f9915f8a46033766b0931e08a91a7ba93b48f,https://en.wikipedia.org/w/index.php?oldid=1368547831
1995–96 Queens Park Rangers F.C. season,1369043073,2457562a26414c0b891a2767f2574c1346654ae77a8f23f9098c0c6e13a53d9b,https://en.wikipedia.org/w/index.php?oldid=1369043073
1995–96 Sheffield Wednesday F.C. season,1376704592,019563ee8b27bbbc213b2ea43d38a37021df339e7a8ea6fab032b20a740160b2,https://en.wikipedia.org/w/index.php?oldid=1376704592
1995–96 Southampton F.C. season,1365907464,d32bfe4ec95f891deebb32fabfd8d2729c1eff3fd398cc581ca37aea5ac5bf2a,https://en.wikipedia.org/w/index.php?oldid=1365907464
1995–96 Tottenham Hotspur F.C. season,1357096657,e639e580523db5a24f0633f76991a9dd403bb9e109f10b2cb345b69e98b35238,https://en.wikipedia.org/w/index.php?oldid=1357096657
1995–96 West Ham United F.C. season,1357130164,a03b845aac5131c0a40e68eced1033e67cc64fe5366621cef81e9c120e208fd0,https://en.wikipedia.org/w/index.php?oldid=1357130164
1995–96 Wimbledon F.C. season,1357118980,f3251b88c2e8f5b771c3b333141bf7743089f68462f95b993d1997bf3c130c97,https://en.wikipedia.org/w/index.php?oldid=1357118980
1996–97 Arsenal F.C. season,1369856790,00c88840878b8610494251305786d9377a84476f962f7d85ad0c28d6c3d5f488,https://en.wikipedia.org/w/index.php?oldid=1369856790
1996–97 Aston Villa F.C. season,1371087515,46ba8dcde484612f57be29f2b44f8cca94a84e47e21829fc7902d3381573e6a7,https://en.wikipedia.org/w/index.php?oldid=1371087515
1996–97 Blackburn Rovers F.C. season,1369560701,6d53ac2412683735ae460f3b83e99d50df24d27ac916eef13366a3e4b43e88f0,https://en.wikipedia.org/w/index.php?oldid=1369560701
1996–97 Chelsea F.C. season,1375834452,af1009be1fe7d100deb1da83ed60ba9060c6fb274e4d80ac02c21763185c5d28,https://en.wikipedia.org/w/index.php?oldid=1375834452
1996–97 Coventry City F.C. season,1365069898,78235db54ae76abc0242f4fe3ec8e1ae62f7e6354d3942378e3ed66cd90fa8fe,https://en.wikipedia.org/w/index.php?oldid=1365069898
1996–97 Derby County F.C. season,1354465333,ae496a7d00096cf389e910c28c76d1ed697a43cadf7df9a8bfd4c77173f7e974,https://en.wikipedia.org/w/index.php?oldid=1354465333
1996–97 Everton F.C. season,1356621871,389ee226e72f5a9da72f2aecd8f80629ac6be7e70992f38349dbbed1124545de,https://en.wikipedia.org/w/index.php?oldid=1356621871
1996–97 FA Premier League,1371812927,61f4eb4ece7863a500be0b6f5960e2492fb7a87e05cc45f5ec6d95aede77b935,https://en.wikipedia.org/w/index.php?oldid=1371812927
1996–97 Leeds United A.F.C. season,1360288846,0cf9402fe4b3d4d29342fe8c9323c2ab9e0711dd4176e57b8bce80a7d3bd9959,https://en.wikipedia.org/w/index.php?oldid=1360288846
1996–97 Leicester City F.C. season,1370389719,c268fc4444ba469c3c1ed980df00f61313f501c692690e4480ffc025c6898601,https://en.wikipedia.org/w/index.php?oldid=1370389719
1996–97 Liverpool F.C. season,1306469522,58b6376d280f0b36a887c2410d7df2b4d011632a25a7b8c2a824ee6a68c79936,https://en.wikipedia.org/w/index.php?oldid=1306469522
1996–97 Manchester United F.C. season,1366660527,6c6a686a1ce7d3425b6c99ddaaeaf20c34c7a82152ef27607402c01241c2fa9c,https://en.wikipedia.org/w/index.php?oldid=1366660527
1996–97 Middlesbrough F.C. season,1357778540,3b891eb7de9a7396e72d965ab8466ae14364f8b380b9e42d2702b3b13184b8fa,https://en.wikipedia.org/w/index.php?oldid=1357778540
1996–97 Newcastle United F.C. season,1369516237,b3d7f6c1973d8fc4372d4d38d99b8ba949e9bfafab7e3868735cdfbf3a15f5d7,https://en.wikipedia.org/w/index.php?oldid=1369516237
1996–97 Nottingham Forest F.C. season,1368547881,354f55199f07cdd1bbbd8b0bc5c5b9258a9d3fdb4df8e2f1dfa1ee6e3cd21604,https://en.wikipedia.org/w/index.php?oldid=1368547881
1996–97 Sheffield Wednesday F.C. season,1376687106,5ff6dc5c5893fdba5a869cfae826bb78b275b7c46d98289dc4aa754fa828e77b,https://en.wikipedia.org/w/index.php?oldid=1376687106
1996–97 Southampton F.C. season,1356622041,998818ab71686c8221ab01b9b562ab9e8b51db63136e8403075983d505c3f830,https://en.wikipedia.org/w/index.php?oldid=1356622041
1996–97 Sunderland A.F.C. season,1356622070,9b41b4cdcb31f4fb3d00564f5f1c939a152d43be955df575ce500e4e161cc673,https://en.wikipedia.org/w/index.php?oldid=1356622070
1996–97 Tottenham Hotspur F.C. season,1356622094,43c8ef9505520caa2daeb6bcfec8e7d1c2a20a84b424831c8b78b0568db8ee2b,https://en.wikipedia.org/w/index.php?oldid=1356622094
1996–97 West Ham United F.C. season,1306470924,f4a4e28407baa9bef432565853b5366fdd2b6a7710ffeeedefd099461a2df55b,https://en.wikipedia.org/w/index.php?oldid=1306470924
1996–97 Wimbledon F.C. season,1362175875,f063af67fdb248c4b17d75191bec9cf9160a28004f1b85172139b3c03b0bfcb1,https://en.wikipedia.org/w/index.php?oldid=1362175875
1997–98 Arsenal F.C. season,1378444853,04f58ce556690ae201aae3067bca93e4a68ed5cf5bfd98e1761834fbe7238204,https://en.wikipedia.org/w/index.php?oldid=1378444853
1997–98 Aston Villa F.C. season,1371087532,de30fcbe6b3fe5afa0c4f6c86fb3aa5bae47715a136ec8764d057685e8cea561,https://en.wikipedia.org/w/index.php?oldid=1371087532
1997–98 Barnsley F.C. season,1356932726,f696ee3496083aab784d17acde83c1690cd88b325aee789b7621e93330b1477e,https://en.wikipedia.org/w/index.php?oldid=1356932726
1997–98 Blackburn Rovers F.C. season,1369560566,d90f8f3534e03d1b895e9f7281f54ab5dd8264df1646206ae0ee391bb66c2b59,https://en.wikipedia.org/w/index.php?oldid=1369560566
1997–98 Bolton Wanderers F.C. season,1356925318,9241a3dabaa9cfe4102259f0b928a88b61bdc94cbeaa25d0f5dfa2d290decd13,https://en.wikipedia.org/w/index.php?oldid=1356925318
1997–98 Chelsea F.C. season,1354719696,c1f06c68f6308e41d35261eb545e66a13d67923420e30b9e6b4bff37ed6fc73c,https://en.wikipedia.org/w/index.php?oldid=1354719696
1997–98 Coventry City F.C. season,1303972091,59f8249a0a68104b1b439afd5d48ad36bd7faa1aaedfe8388f5d66fa4d35cf6e,https://en.wikipedia.org/w/index.php?oldid=1303972091
1997–98 Crystal Palace F.C. season,1376687670,5263f5dbd820085ff88813e497b47c267642db853286258df85c13ddcf0bfcff,https://en.wikipedia.org/w/index.php?oldid=1376687670
1997–98 Derby County F.C. season,1303978357,0d48cfd495e86975250431dff04b837bda9f8d647d748ee81e5212aacb73a23f,https://en.wikipedia.org/w/index.php?oldid=1303978357
1997–98 Everton F.C. season,1310775329,57bd7cef65c465d55b6ab5f239aa0ffae9c1adb3c11b10d5d99b95accef89dc0,https://en.wikipedia.org/w/index.php?oldid=1310775329
1997–98 FA Premier League,1371973163,4ee19fbba6214280354152594e76cf8a41d38330df57f5a4d8f46c8ee8aca4c1,https://en.wikipedia.org/w/index.php?oldid=1371973163
1997–98 Leeds United A.F.C. season,1369533342,6273adeb4a739d7a4df85e0b634efcfcef49ae3be92038e0ff8794961f10ed2c,https://en.wikipedia.org/w/index.php?oldid=1369533342
1997–98 Leicester City F.C. season,1357968526,dc9424e30446091ac354bfc47bbb786c1f96014d9bf72cd4793eaeeba3e397e6,https://en.wikipedia.org/w/index.php?oldid=1357968526
1997–98 Liverpool F.C. season,1368537681,21eac7b7545c69b69f418c7088b18c6e3cebdae78f866cc779118673ee74c7df,https://en.wikipedia.org/w/index.php?oldid=1368537681
1997–98 Manchester United F.C. season,1370139145,c74ec07ae351b48cd98cfbcc839bbdd836ef1b8d99acf32ee128abc6d4dc1457,https://en.wikipedia.org/w/index.php?oldid=1370139145
1997–98 Newcastle United F.C. season,1369516130,57db212b1b0aa1ef35ceb6d3042b7bfc26a5cede5103a39cbf685ddf515bba8b,https://en.wikipedia.org/w/index.php?oldid=1369516130
1997–98 Sheffield Wednesday F.C. season,1376697599,15419da9385c922a995512e53c19d59ecf3605dd875876a78924aaba34df9912,https://en.wikipedia.org/w/index.php?oldid=1376697599
1997–98 Southampton F.C. season,1357311977,56083336d019e9d11451cac0399732747b8255799cc818f92498819013861f0c,https://en.wikipedia.org/w/index.php?oldid=1357311977
1997–98 Tottenham Hotspur F.C. season,1343152672,66ef962a65c716a4c468a0c548581430a28c442a23417ebb6495cbcab1e7a8d3,https://en.wikipedia.org/w/index.php?oldid=1343152672
1997–98 West Ham United F.C. season,1372814150,2aa3c48782eae46bf39a8a16a1232f566e802a056b15bbe5e93f05337d1c8e36,https://en.wikipedia.org/w/index.php?oldid=1372814150
1997–98 Wimbledon F.C. season,1336821723,b9a435d7720d39237627ff97fa1101285817bf9572df24d1dd4513c7b81418d4,https://en.wikipedia.org/w/index.php?oldid=1336821723
1998–99 Arsenal F.C. season,1375540281,c9d07d19ee398f624ab59604def9b3ade0f9f292ff16ba04023d225516b214e8,https://en.wikipedia.org/w/index.php?oldid=1375540281
1998–99 Aston Villa F.C. season,1371087547,db43be35b1d7597a5f4bd9d10e2e0a019fe6bdd800db45a3e77e18fec3041e37,https://en.wikipedia.org/w/index.php?oldid=1371087547
1998–99 Blackburn Rovers F.C. season,1369560477,a932b37c2b5165a16eba50dcc8081d7df4c8c38616d072b7269c5c23a3190fba,https://en.wikipedia.org/w/index.php?oldid=1369560477
1998–99 Charlton Athletic F.C. season,1357259433,248ddcbf43d73c0fb627f17543af9f7e4ebb9d266069f76d0998309ba7f32bc5,https://en.wikipedia.org/w/index.php?oldid=1357259433
1998–99 Chelsea F.C. season,1377406577,89881318e841086444d9c817a77fdd99f9f68e9126ee995963c46c0da5a53926,https://en.wikipedia.org/w/index.php?oldid=1377406577
1998–99 Coventry City F.C. season,1328753630,df747d5591c6cb0905c9e95aae1bca62917985fc01651b46cfce0fe43440e172,https://en.wikipedia.org/w/index.php?oldid=1328753630
1998–99 Derby County F.C. season,1304072789,5e4f6cda0305517de3b1c5f977cdb6a0203de45072e2707308a996603023a436,https://en.wikipedia.org/w/index.php?oldid=1304072789
1998–99 Everton F.C. season,1335145796,13e2881bb45d73dfb3b1a2c39d13460bf0eb658359db44bd34fef9ba6ac88500,https://en.wikipedia.org/w/index.php?oldid=1335145796
1998–99 FA Premier League,1371813002,1ac8b552a41c52a718a5bd6400d2b34b01fd58751f8eb866f139b9fcaad16536,https://en.wikipedia.org/w/index.php?oldid=1371813002
1998–99 Leeds United A.F.C. season,1369916739,ff6002ebfd3f72dadb8e20cdd1c64dfe87ceefd8a5232a20d3dd985647550a90,https://en.wikipedia.org/w/index.php?oldid=1369916739
1998–99 Leicester City F.C. season,1356622333,ee69b8932c81fa2a17c614dbd319adde5df2c2914b3a208b059199189255e5f5,https://en.wikipedia.org/w/index.php?oldid=1356622333
1998–99 Liverpool F.C. season,1345570779,fef052ba0427c3e6784e85b248a5b2bafc722508ce4efea67913c10548e1af87,https://en.wikipedia.org/w/index.php?oldid=1345570779
1998–99 Manchester United F.C. season,1367188307,d45fac66d86272c4212948010b6bcfe6075d204c4d1b6b7c5718eea9d4dce01e,https://en.wikipedia.org/w/index.php?oldid=1367188307
1998–99 Middlesbrough F.C. season,1303978086,87af639c177f2aff9b73efed4cbfeb8ad61f08816461756d43de1a69b50cf701,https://en.wikipedia.org/w/index.php?oldid=1303978086
1998–99 Newcastle United F.C. season,1351820966,949deca364e6ac329d19c597ab94bfbc8e66d4885c670b876b06b8f5e4ba600f,https://en.wikipedia.org/w/index.php?oldid=1351820966
1998–99 Nottingham Forest F.C. season,1357977047,28eea7ec91e24003ec29ee44332eccc24f61b7e349ee8104d60b90d561c4c697,https://en.wikipedia.org/w/index.php?oldid=1357977047
1998–99 Sheffield Wednesday F.C. season,1364741788,34a14cde954da7d18d96e3f1ad1043619fe548d498a3c7743d7c71527df20669,https://en.wikipedia.org/w/index.php?oldid=1364741788
1998–99 Southampton F.C. season,1368547914,2aa42323645138d7d52fa843cfe03c186b6ca066a10e93af183086ae3e141e46,https://en.wikipedia.org/w/index.php?oldid=1368547914
1998–99 Tottenham Hotspur F.C. season,1332302913,066e6bc01909b724e92400909b4e189ac9340bb2bc524fad6ecbe18201f3f250,https://en.wikipedia.org/w/index.php?oldid=1332302913
1998–99 West Ham United F.C. season,1369956420,1f9ff9d8c29c9929631a440f89874d67ebebf709fcca0f560eaba7afa275ff75,https://en.wikipedia.org/w/index.php?oldid=1369956420
1998–99 Wimbledon F.C. season,1336821914,c0e26235fdf87427687761b4853be7d6075f4ac67a8999ce91f123f17feda4fa,https://en.wikipedia.org/w/index.php?oldid=1336821914
1999–2000 Arsenal F.C. season,1374696605,67704366c68262e36e973bb1561bc4c7f9c2a26bbb2d9975654ca72da1af1354,https://en.wikipedia.org/w/index.php?oldid=1374696605
1999–2000 Aston Villa F.C. season,1367755227,da4026ad5c377e8e1afb86601e634d275aa6aff05a82b0eb0833449c05880f02,https://en.wikipedia.org/w/index.php?oldid=1367755227
1999–2000 Bradford City A.F.C. season,1311392341,dbecd9c54b980bc806bfe8c6bde1976c201553e3fb1ce6371fdecb45c483ba2f,https://en.wikipedia.org/w/index.php?oldid=1311392341
1999–2000 Chelsea F.C. season,1376350150,c6640a1967a115bdb58fb423b855d3649342528893a5eaa2a8e1968662c25ecb,https://en.wikipedia.org/w/index.php?oldid=1376350150
1999–2000 Coventry City F.C. season,1311385723,bbc6f4ca33d5813f593cd50fcd5bfed396063d2f4bec41e4a898040f482787cf,https://en.wikipedia.org/w/index.php?oldid=1311385723
1999–2000 Derby County F.C. season,1323913670,8a5aad904e690faee1625fde3f1b93a51e8a1c1eeb90ed151112e179df2149f0,https://en.wikipedia.org/w/index.php?oldid=1323913670
1999–2000 Everton F.C. season,1311392356,617292bd4a2a8efcf997f58bdb2537b7a45d8bcbfccfc2be6f46052567c2a223,https://en.wikipedia.org/w/index.php?oldid=1311392356
1999–2000 FA Premier League,1373401087,df3f0c60af375d37505877717ba0467d3bbb0850d4196ccd9901c63299dafd6b,https://en.wikipedia.org/w/index.php?oldid=1373401087
1999–2000 Leeds United A.F.C. season,1369533254,08243dd15b1f470cfb88e9631fc118e77fcb70fc2496c71e3b56fc645b188dfd,https://en.wikipedia.org/w/index.php?oldid=1369533254
1999–2000 Leicester City F.C. season,1378908241,0737dccd47d88a4d96ba9ff23f81039f0103fd8b96b65a1e2a271e4a66ef6e62,https://en.wikipedia.org/w/index.php?oldid=1378908241
1999–2000 Liverpool F.C. season,1327468322,8cd2572a02348c7108b830c1726c0481d2f9866cf904684721749e7b4226aeef,https://en.wikipedia.org/w/index.php?oldid=1327468322
1999–2000 Manchester United F.C. season,1375078044,1f017b73f4d1c021bb47bd4ddd5c9ce7973608520c225d722d2343b0d8c77567,https://en.wikipedia.org/w/index.php?oldid=1375078044
1999–2000 Middlesbrough F.C. season,1356468084,4ef7a165093bec821bb90dc9c62f4af6fa74b0a698cd75a6afa0eb382d272c95,https://en.wikipedia.org/w/index.php?oldid=1356468084
1999–2000 Newcastle United F.C. season,1353833974,4aa67cf738f383bb277a2ce60b93b1e25e2f5f64feef795e5e24795bfeb03616,https://en.wikipedia.org/w/index.php?oldid=1353833974
1999–2000 Sheffield Wednesday F.C. season,1306466847,8044145267697e80049b05ba886381a8a1994578bbd3160aa94632da4a744090,https://en.wikipedia.org/w/index.php?oldid=1306466847
1999–2000 Southampton F.C. season,1357312019,826748bcfc9d54b150705318a9f474bdd47a999a01f50aa459389ca52d72767e,https://en.wikipedia.org/w/index.php?oldid=1357312019
1999–2000 Sunderland A.F.C. season,1353271995,7e4df1376277a1bc1d2f8ab208b33a8bd410abd6d88baf9557d9042632023b49,https://en.wikipedia.org/w/index.php?oldid=1353271995
1999–2000 Tottenham Hotspur F.C. season,1311385771,f89e5778437dc53f3ed487e2d8c23ca610622104c055230434339c514d7a4dfa,https://en.wikipedia.org/w/index.php?oldid=1311385771
1999–2000 Watford F.C. season,1314079739,c41ad773c62a202937b27bd99d7b8ebf3f3f8f722e7072b82890215b893c6959,https://en.wikipedia.org/w/index.php?oldid=1314079739
1999–2000 West Ham United F.C. season,1325983282,3b340d041b613cb2a44c4e5db0f5ec857e57e4ada25005a46c541d573b055051,https://en.wikipedia.org/w/index.php?oldid=1325983282
1999–2000 Wimbledon F.C. season,1362397690,002174b5dc393fc309e242a56ddf21c80785d8fac95f9897f5b8f1d4e6871200,https://en.wikipedia.org/w/index.php?oldid=1362397690
2000–01 Arsenal F.C. season,1367990274,87c952388eb91475ed98ca11545fbac4e1397e53fb620c637cc4a8e4bc0b65c2,https://en.wikipedia.org/w/index.php?oldid=1367990274
2000–01 Aston Villa F.C. season,1367990459,a00c5ff9e6600cd7c7450320eafa37d045609d16a2ecf2379d1438e14228f94a,https://en.wikipedia.org/w/index.php?oldid=1367990459
2000–01 Bradford City A.F.C. season,1356468245,b38700cd7a92cb6ce94140ad51edd17fafad99154c937f510f2c7bf1dcca6318,https://en.wikipedia.org/w/index.php?oldid=1356468245
2000–01 Charlton Athletic F.C. season,1357108615,c890e899735919d734edcb166260314f76f875e78a79a8f1ee1704793db8ce39,https://en.wikipedia.org/w/index.php?oldid=1357108615
2000–01 Chelsea F.C. season,1377271991,ef33e3cd2dc808aad66fb517c826508252d5408932d3d1586e5e1195585fb432,https://en.wikipedia.org/w/index.php?oldid=1377271991
2000–01 Coventry City F.C. season,1356469057,99b774775319efe16eebd6ee36c7bff89cacc6ab8cde2d7b3c1deea931c5d3b6,https://en.wikipedia.org/w/index.php?oldid=1356469057
2000–01 Derby County F.C. season,1356469080,c8f611b6fe3fb734c19a0c53f8935fc9b05100d1536eafa1eed862c48b6affd0,https://en.wikipedia.org/w/index.php?oldid=1356469080
2000–01 Everton F.C. season,1356469148,70b22326cad0e22494bf254cd1b3e0d1ae1b694857a1154c87334e67280dd0a3,https://en.wikipedia.org/w/index.php?oldid=1356469148
2000–01 FA Premier League,1371813087,1cf8f8aa72feca2fc0f043b1075711a1c30d744b09b85d47c2ac5a1794d48ccc,https://en.wikipedia.org/w/index.php?oldid=1371813087
2000–01 Ipswich Town F.C. season,1367996303,3467569ed1fd93f9e4bf9fb0b29c87e049b83da78a63eb761df1abf1e7ab4f38,https://en.wikipedia.org/w/index.php?oldid=1367996303
2000–01 Leeds United A.F.C. season,1369533210,d2287d6edafaec393dca1aa9f447f29673f05b6ad6c7022f5f1c482f0c620f27,https://en.wikipedia.org/w/index.php?oldid=1369533210
2000–01 Leicester City F.C. season,1374669572,1347d33bc9588c1dbcb0876c8cfbd49a9029e71e4bda65e9ad238aac2c03a656,https://en.wikipedia.org/w/index.php?oldid=1374669572
2000–01 Liverpool F.C. season,1372779992,e23c39253e00962ac982990b29abe70bf8bb49096caa6c0aa85b2c44eea3749b,https://en.wikipedia.org/w/index.php?oldid=1372779992
2000–01 Manchester City F.C. season,1377725834,a631b804f227b99de8f3766a19837964b6c6aaf5ec54ea03482965218cbe702e,https://en.wikipedia.org/w/index.php?oldid=1377725834
2000–01 Manchester United F.C. season,1366449772,d521e9fb0965100f73c8916604c4879f2ab0b0d0f921b0139ad13db7dbc83898,https://en.wikipedia.org/w/index.php?oldid=1366449772
2000–01 Middlesbrough F.C. season,1356469324,b253a62e0ef459525ef1bd0dc315a8f56535c0b39b55b67ca94fd2a226b3d166,https://en.wikipedia.org/w/index.php?oldid=1356469324
2000–01 Newcastle United F.C. season,1374735262,7ff6be0f19f39ba2de9d44cd35eda745c33596b3ea9e0050f95349cc2ca4543f,https://en.wikipedia.org/w/index.php?oldid=1374735262
2000–01 Southampton F.C. season,1356469457,5ae4b1722e341e2f2a2fbd2d2705e06c4cfaae16f8d43a3e24783c374a7b9ebd,https://en.wikipedia.org/w/index.php?oldid=1356469457
2000–01 Sunderland A.F.C. season,1368006257,764b29a08ffe89759ce4d21e5b17994df327f5fb180538859fe048484a690927,https://en.wikipedia.org/w/index.php?oldid=1368006257
2000–01 Tottenham Hotspur F.C. season,1318067495,7468a1f69a1257faff3783cb8ebfc31298627628e8831fb6eab56c48739674bc,https://en.wikipedia.org/w/index.php?oldid=1318067495
2000–01 West Ham United F.C. season,1369956168,c94a1d5a9e1c71b3cf86f0c1b29fd05165d6ee90a7248d2a53a7d5a1461d8b60,https://en.wikipedia.org/w/index.php?oldid=1369956168
2001–02 Arsenal F.C. season,1368121213,8b56fd22960b541f97a0f48a58216b864b6f5af304a8fd3e703c94b058847071,https://en.wikipedia.org/w/index.php?oldid=1368121213
2001–02 Aston Villa F.C. season,1358243596,2780e1a8a131afa049b75663dc0d7259095389a4f7a08372f89bf52bbb71acc6,https://en.wikipedia.org/w/index.php?oldid=1358243596
2001–02 Blackburn Rovers F.C. season,1321443254,594704e5b776bf8576fa0ffda05197c0e1a2169255bcd483f21e1770779b440e,https://en.wikipedia.org/w/index.php?oldid=1321443254
2001–02 Bolton Wanderers F.C. season,1319372400,5ec732113d5c3edb2a840465d27a077ba84240492db37bee926b39987fcb0692,https://en.wikipedia.org/w/index.php?oldid=1319372400
2001–02 Charlton Athletic F.C. season,1337153206,32c338324eab164c302e3c2dad39922eaab99cf1ae3f7c3705f38f90ce22b562,https://en.wikipedia.org/w/index.php?oldid=1337153206
2001–02 Chelsea F.C. season,1377237935,9953443410bda7f35d01f2ee70caf24bb8ea2c1243748d9cd95d3f44cd63c309,https://en.wikipedia.org/w/index.php?oldid=1377237935
2001–02 Derby County F.C. season,1345653135,9a2f38972bd3bc5237ef35a7ee4ecd1bc563d2252132ae9d724878b275313fa5,https://en.wikipedia.org/w/index.php?oldid=1345653135
2001–02 Everton F.C. season,1319022729,059ff2f482b23f70c70af7c87de4944f5ad7b2ab9b62bf8907624ae38bd33c44,https://en.wikipedia.org/w/index.php?oldid=1319022729
2001–02 FA Premier League,1377477843,506b66ee13539998245d66964b81c75150cfa59a60c74658b9b4b30a450e86b9,https://en.wikipedia.org/w/index.php?oldid=1377477843
2001–02 Fulham F.C. season,1359282388,b1d768eb926f66089b950a93acdf613aff5636945a9afbc13eed6489f6e7eae1,https://en.wikipedia.org/w/index.php?oldid=1359282388
2001–02 Ipswich Town F.C. season,1324788265,57a76788d31a70978130dc792349d9883fbf67d66e1ee082dcdc32a2fc5b2f37,https://en.wikipedia.org/w/index.php?oldid=1324788265
2001–02 Leeds United A.F.C. season,1371311511,140db66620c7311f27220c8919fe49e35828d7170196d7bd19c5e4d0c84f8e95,https://en.wikipedia.org/w/index.php?oldid=1371311511
2001–02 Leicester City F.C. season,1356089437,7d3214fef7971fa2a2499e3274fd69fa2c0ca1b9568e550072ea3f7dd0aa6725,https://en.wikipedia.org/w/index.php?oldid=1356089437
2001–02 Liverpool F.C. season,1372778775,fe8dc9f257ea535b83a05cb0b8b0d1266b6f61f211c2cb68911aa1964ef4fd79,https://en.wikipedia.org/w/index.php?oldid=1372778775
2001–02 Manchester United F.C. season,1370739684,b7d9e02d793ee5d7a47f626b454abd80a4675c848875399a86bd67ad5e41bf4a,https://en.wikipedia.org/w/index.php?oldid=1370739684
2001–02 Middlesbrough F.C. season,1316775555,e7cac61cdfb6031c61fe8b0ee414e7c966dd3202895163ced10533be9599918e,https://en.wikipedia.org/w/index.php?oldid=1316775555
2001–02 Newcastle United F.C. season,1341111528,ca4333f1360417474e7cd777db4146ae1e8ec5381bff5929d4f139971d6d030a,https://en.wikipedia.org/w/index.php?oldid=1341111528
2001–02 Southampton F.C. season,1361500200,9d43c06756a84848ebeff5602d1e2d869fdc244b821507d36965ce218529badc,https://en.wikipedia.org/w/index.php?oldid=1361500200
2001–02 Sunderland A.F.C. season,1309633035,9d4c37a05ea2a620ba53dd58bde987c4313fcb925a421bcb6cfe0f87f2b3c955,https://en.wikipedia.org/w/index.php?oldid=1309633035
2001–02 Tottenham Hotspur F.C. season,1356091548,293d27f93a182137ae9f0eedd2372a3a2bf78adc9b3e867d22cf906205a41e5d,https://en.wikipedia.org/w/index.php?oldid=1356091548
2001–02 West Ham United F.C. season,1356091263,d33e973dff8f095a165de302cd3580ec3152fb5a6711d0a6ce89542ed6ecc343,https://en.wikipedia.org/w/index.php?oldid=1356091263
2002–03 FA Premier League,1377477229,b82f9724d55621d25e0c362befa27a499fb3b83d7c6aefa3a18be20747e36c9f,https://en.wikipedia.org/w/index.php?oldid=1377477229
2003–04 Arsenal F.C. season,1374051020,7d442dbabfd557d7e749b318f79b2f1613513947afc86a25a5a7b823024f942d,https://en.wikipedia.org/w/index.php?oldid=1374051020
2003–04 Aston Villa F.C. season,1358243671,1f4c1e60b1bc9f4c2429eae38416d597fe4b4cf1939005b130836eb39c3d670e,https://en.wikipedia.org/w/index.php?oldid=1358243671
2003–04 Birmingham City F.C. season,1361530824,a3f869c56a72a7a2359abdf32a6ad9845166c42f2b8fc660c13cb951665ffb23,https://en.wikipedia.org/w/index.php?oldid=1361530824
2003–04 Blackburn Rovers F.C. season,1324706923,6c15af7c60a43a39942aee0342ce62e0126f51f0e3f4058455c9edb184cf544c,https://en.wikipedia.org/w/index.php?oldid=1324706923
2003–04 Bolton Wanderers F.C. season,1356931072,2e4587d91ab72f8cbcbcb6cb442f4e30cb9abbf4a91ae366da9bb6235ea904f1,https://en.wikipedia.org/w/index.php?oldid=1356931072
2003–04 Charlton Athletic F.C. season,1376687092,96d3a3bb8d42271ce15670053726c133499c48e62812e5881a99eafab242868e,https://en.wikipedia.org/w/index.php?oldid=1376687092
2003–04 Chelsea F.C. season,1377272088,0583d5dc6688706cf448f28eb0205c29c506e0a027461a3de56cb9cf9b175d1b,https://en.wikipedia.org/w/index.php?oldid=1377272088
2003–04 Everton F.C. season,1310759402,75b1284f8a97c4300d473eb86af759cf9ebda204badcdf8af53fb262b92673b9,https://en.wikipedia.org/w/index.php?oldid=1310759402
2003–04 FA Premier League,1377475949,a4262f09ad7f3bd337023a30a1bfbc736d595a85118f3119d091a91bbaa54ff9,https://en.wikipedia.org/w/index.php?oldid=1377475949
2003–04 Fulham F.C. season,1376055672,7a91a86c6125152e9a38ded9a7c4a049f09155679e4d129b8c95bdbaee90649c,https://en.wikipedia.org/w/index.php?oldid=1376055672
2003–04 Leicester City F.C. season,1359957833,570a2c6e83509bead27e4b48ddd902c29f6f740cfb3eb54fc92070ff202b4b71,https://en.wikipedia.org/w/index.php?oldid=1359957833
2003–04 Liverpool F.C. season,1347441096,02efe212fe8a936ba7000a1e731e1d5f161df1877f5206510c4f5ab90d2cbbb9,https://en.wikipedia.org/w/index.php?oldid=1347441096
2003–04 Manchester City F.C. season,1368519867,79d0222dc0e07a15e4b1490ac9d0595906a69e546a9de148672e07b7cf48addb,https://en.wikipedia.org/w/index.php?oldid=1368519867
2003–04 Manchester United F.C. season,1367300187,5f5ce6b30262a5d9c68dc48f50a950f69ba616fde0961831c30315c7743be6b8,https://en.wikipedia.org/w/index.php?oldid=1367300187
2003–04 Middlesbrough F.C. season,1351092667,2bbf38fd282544428a4e4ca70c7187ea1a52dc0829fc3d3f8b8834bc3fd19e26,https://en.wikipedia.org/w/index.php?oldid=1351092667
2003–04 Newcastle United F.C. season,1341111574,1d391e1b798786494fd39a8da5b9054ef46b4bee1512cbf227b243e0fd22440b,https://en.wikipedia.org/w/index.php?oldid=1341111574
2003–04 Portsmouth F.C. season,1324706954,37cb6415425dc3ffee5a7b19f6a8996c00117dc1c75fee8244511defcce4dd67,https://en.wikipedia.org/w/index.php?oldid=1324706954
2003–04 Southampton F.C. season,1315092920,8ea65be0a0989c4f3ab25510d2a40d1ce3136f6612e94647395d7748474fb798,https://en.wikipedia.org/w/index.php?oldid=1315092920
2003–04 Tottenham Hotspur F.C. season,1354724185,99ec5255dfcabe41b2c8846d374fc946ad1c7236da1c1849c23a62009ad2da5b,https://en.wikipedia.org/w/index.php?oldid=1354724185
2003–04 Wolverhampton Wanderers F.C. season,1360145173,26a8ac07809f8493665cebc505f111ab58c2bae280f13b96581a5032408ac75d,https://en.wikipedia.org/w/index.php?oldid=1360145173
2004–05 Arsenal F.C. season,1376158515,0584af94ba43db5df1d782472a05004e1cae6d72e0828c6280cfc19068e0f9ad,https://en.wikipedia.org/w/index.php?oldid=1376158515
2004–05 Aston Villa F.C. season,1368502119,5bb4abae5363a6fba335de5fa5d32f2d2b68adfe2f903aaddb92c88e4dd576ff,https://en.wikipedia.org/w/index.php?oldid=1368502119
2004–05 Birmingham City F.C. season,1361530928,daac90f3c4a4323207e088835115a066e32d17d5c9ed874fe93185db836e3286,https://en.wikipedia.org/w/index.php?oldid=1361530928
2004–05 Blackburn Rovers F.C. season,1357079541,e6c276ebf6ab6004f0f24dea4fbe25dafd124a1f926e09db969975995a997914,https://en.wikipedia.org/w/index.php?oldid=1357079541
2004–05 Bolton Wanderers F.C. season,1355692227,971aa2f4828eb7dc6e0a8fb685fefd642327c67ab766954cabd10fdc53f06d5b,https://en.wikipedia.org/w/index.php?oldid=1355692227
2004–05 Charlton Athletic F.C. season,1329055954,20d2eeea766b4216924a81234a8add4ddbcf2c2efd9e13445cc04fe4a97230dc,https://en.wikipedia.org/w/index.php?oldid=1329055954
2004–05 Chelsea F.C. season,1377272118,545027893ef5b89f940ba59ee899c6c4b66e21b35dfbeb09f1bbe6a27e48d754,https://en.wikipedia.org/w/index.php?oldid=1377272118
2004–05 Crystal Palace F.C. season,1353477088,c1644a18176d25c49081c38bd10bddd5051713377152ca2e89a14919bc3eaba9,https://en.wikipedia.org/w/index.php?oldid=1353477088
2004–05 Everton F.C. season,1354724198,918185a4f0dd81c330314d02f4cf888fca44548b2f6bd914326b48deb76dee0c,https://en.wikipedia.org/w/index.php?oldid=1354724198
2004–05 FA Premier League,1377460135,c720f10ea108f906eba1923c3461c5dd941945d62372502b50bf8cc05a70655c,https://en.wikipedia.org/w/index.php?oldid=1377460135
2004–05 Fulham F.C. season,1367635606,21418920d3b1db536eac2c881c5ac97c51da30dd789f217294968562df3e68ab,https://en.wikipedia.org/w/index.php?oldid=1367635606
2004–05 Liverpool F.C. season,1362419141,2684e87f2eed3c9b2af0a3e3acd114ed16d0135642face123871cf53298c94aa,https://en.wikipedia.org/w/index.php?oldid=1362419141
2004–05 Manchester City F.C. season,1371234616,7f2af5492d58bb8665a8ff857988e7438b851fabe4f512841762f0b23e37c63a,https://en.wikipedia.org/w/index.php?oldid=1371234616
2004–05 Manchester United F.C. season,1366449822,b951904b9c9518e02822b429c50baf9e2ad1edc0e1d068305cc6607e7ce97be8,https://en.wikipedia.org/w/index.php?oldid=1366449822
2004–05 Middlesbrough F.C. season,1368509497,a262678c17914be83935947c3d831e88e0fc223ef578ffbd51fb429fb003d731,https://en.wikipedia.org/w/index.php?oldid=1368509497
2004–05 Newcastle United F.C. season,1368513639,afd927ffe000e925120f53fee54d2d90a2cb21a6ea96772dbaea5b6d955e4dd4,https://en.wikipedia.org/w/index.php?oldid=1368513639
2004–05 Norwich City F.C. season,1311388396,05e94b51e2bec15935a42392f75683d848b992c7bca2014852bba9db115b3a81,https://en.wikipedia.org/w/index.php?oldid=1311388396
2004–05 Portsmouth F.C. season,1341302697,0506cf85a151f5304e8a99c3f978c22a4f95ca7d865e03d1f35550067e8f4f84,https://en.wikipedia.org/w/index.php?oldid=1341302697
2004–05 Southampton F.C. season,1351104506,b3f32035bae84151ce1febb5569abc5a693212200ce4143a283185dc06099d70,https://en.wikipedia.org/w/index.php?oldid=1351104506
2004–05 Tottenham Hotspur F.C. season,1371817036,8add0304f60f4878146d4f4b98a5ebf70d60ef9ae85504467c7a3f3e75c6f7bc,https://en.wikipedia.org/w/index.php?oldid=1371817036
2004–05 West Bromwich Albion F.C. season,1311635849,595f71ca89dca41c046c55769385a9cbba80da77b81906f9898aa339f8523eaa,https://en.wikipedia.org/w/index.php?oldid=1311635849
2005–06 FA Premier League,1378809483,0a7c9ac2ad1c57f615b43fa28945d14e962fbb832d94494858aaae0a6c997692,https://en.wikipedia.org/w/index.php?oldid=1378809483
2006–07 FA Premier League,1377459064,177fd6e837c4f92d40d64c96823a013932b09522dd7cdeb3ca57ebc9b4621c40,https://en.wikipedia.org/w/index.php?oldid=1377459064
2007–08 Premier League,1377457101,d89b4e2b0802717a4cdb5d8fed4e4c72257ec83ddaf479aa18261cc0952f552a,https://en.wikipedia.org/w/index.php?oldid=1377457101
2008–09 Premier League,1377454716,30b49e95dcd3015f2ab93138cd23a15a5d3e81de71c836ac3583c592c3b354da,https://en.wikipedia.org/w/index.php?oldid=1377454716
2009–10 Premier League,1378398479,02fbbd0e3e533be8e48c3b9b92c11dce22c2f6f957ff226044d4da245efb9347,https://en.wikipedia.org/w/index.php?oldid=1378398479
2010–11 Premier League,1378398336,ac9b45936a772573df6c10e825b99d7800f58a3a9a7ec717175f791113893dc7,https://en.wikipedia.org/w/index.php?oldid=1378398336
2011–12 Premier League,1378398216,973bbcefae35f0d444539e140b4589f9333846b85348037eab371aab4fed48b9,https://en.wikipedia.org/w/index.php?oldid=1378398216
2012–13 Premier League,1378398117,f88056f3bfa46eb11c559055e5efccf74dfa186264f6a3e7a4cd9305951de993,https://en.wikipedia.org/w/index.php?oldid=1378398117
2013–14 Premier League,1378398003,1e5bb15ab50e41f8bffae787843085e6fe71b1d573f0748182c08a9a3bbac535,https://en.wikipedia.org/w/index.php?oldid=1378398003
2014–15 Premier League,1378397879,98ca606ddc4742d24c8f77fa0bbb245d25aeae3b1d964ff3c731aa3cd89050df,https://en.wikipedia.org/w/index.php?oldid=1378397879
2015–16 Premier League,1378687161,4190069572336236e44e71267c681de1e6331e09c8a69ad0c8a30af828f4457c,https://en.wikipedia.org/w/index.php?oldid=1378687161
2016–17 Premier League,1378797326,846acd3a31e8a218c1384aaaa35d27e006bb3979c47d71c15d0fc3b08ed010ee,https://en.wikipedia.org/w/index.php?oldid=1378797326
2017–18 Premier League,1378397285,40d5c37d5f579a13fb2b1c78a7517adb62d9d6b5649a64210a737fba7fb16203,https://en.wikipedia.org/w/index.php?oldid=1378397285
2018–19 Premier League,1376994818,dafa34453386a9af8acebe4db227aea2d76db3b14ead6ef5f84012f5e318618c,https://en.wikipedia.org/w/index.php?oldid=1376994818
2019–20 AFC Bournemouth season,1375153887,5a3954a999b4fe435a5f219f1df4f309d217d8c4393adfa128e03210ad77140f,https://en.wikipedia.org/w/index.php?oldid=1375153887
2019–20 Arsenal F.C. season,1376892605,182bbb8571dc4025025e79cf3ba06ce7ddd43cb268b0496afc91c7b1350d5dde,https://en.wikipedia.org/w/index.php?oldid=1376892605
2019–20 Aston Villa F.C. season,1377034100,65c38f7b05068549570427decc23c347f06ee6615c69f768346e996c0e60d6df,https://en.wikipedia.org/w/index.php?oldid=1377034100
2019–20 Brighton & Hove Albion F.C. season,1375231993,6b80886b535475f26dfc26b0aa6dc1565ecd95f6d312d607c7563cc2a270065a,https://en.wikipedia.org/w/index.php?oldid=1375231993
2019–20 Burnley F.C. season,1356098419,b1e7831b4569d7bc8fdd3310740319e8527ab1e804f6f2cc6f2d787b4089fe15,https://en.wikipedia.org/w/index.php?oldid=1356098419
2019–20 Chelsea F.C. season,1378440316,a25b34344aa1242182cd856f49452d0f8cf47ed0e4002045b564fdc4ad632ef9,https://en.wikipedia.org/w/index.php?oldid=1378440316
2019–20 Crystal Palace F.C. season,1341836071,259285cfc7a7f9c764f013fb544ca19ab3dde604db24805ba012fdc2d54372a4,https://en.wikipedia.org/w/index.php?oldid=1341836071
2019–20 Everton F.C. season,1375275862,410c878400c41928d9b1895e32e50a340a1e3d744e0b4a6b5639c74b7166dbbf,https://en.wikipedia.org/w/index.php?oldid=1375275862
2019–20 Leicester City F.C. season,1373859448,b5afa5d9918ab6657d6227ada74d30c99d7db739ca02e361db15370a581d33c4,https://en.wikipedia.org/w/index.php?oldid=1373859448
2019–20 Liverpool F.C. season,1374509598,9d5c7e510ed87f8b9741e9e046636ec78a90e13a0363669cdd2727de76d049d2,https://en.wikipedia.org/w/index.php?oldid=1374509598
2019–20 Manchester City F.C. season,1375320596,4cc7367ebfb4bf06a26a0e5cccec3559f9081ad1fa4b12ba8b903962dde3c50b,https://en.wikipedia.org/w/index.php?oldid=1375320596
2019–20 Manchester United F.C. season,1368692353,c753c90dc3857edc96180cabbcbd8e2bef0632efd65380cf3875d4c086e59189,https://en.wikipedia.org/w/index.php?oldid=1368692353
2019–20 Newcastle United F.C. season,1375334018,e142827f30a3aeb6de012faaaf9a93fc90f59ffbd61f2ac557de07e8a084523d,https://en.wikipedia.org/w/index.php?oldid=1375334018
2019–20 Norwich City F.C. season,1375335757,d6cd04e79393c7de9a9c67e21d20f9131812734210572fe3a2c2745dc71a53a0,https://en.wikipedia.org/w/index.php?oldid=1375335757
2019–20 Premier League,1378847413,fa885b4a165db8b2108d6e4a3de763b7d2ce8b18ee2a53b73ab9df5595b593c8,https://en.wikipedia.org/w/index.php?oldid=1378847413
2019–20 Sheffield United F.C. season,1355253367,990062ffe5e097441f981570c76816b9de808092c4749d8d095dae82aad071a9,https://en.wikipedia.org/w/index.php?oldid=1355253367
2019–20 Southampton F.C. season,1366900178,85732b64c853289cde928d4ebf47b3c15f08f9c6b003a8e00d385d8878753634,https://en.wikipedia.org/w/index.php?oldid=1366900178
2019–20 Tottenham Hotspur F.C. season,1363145652,e2d24d47c9be31da706e7a06913d36335d72c02f0d2a5b6df8f3ee5e6792f266,https://en.wikipedia.org/w/index.php?oldid=1363145652
2019–20 Watford F.C. season,1375374933,6b7b2bfa3eae5437a5596a4380405c1dc93d60afec7a3443981e2c439474e3a6,https://en.wikipedia.org/w/index.php?oldid=1375374933
2019–20 West Ham United F.C. season,1376911849,04812a2ed0d2cb787b76adfeefed337a8ac75f1da805e309b48801e8f437cf5c,https://en.wikipedia.org/w/index.php?oldid=1376911849
2019–20 Wolverhampton Wanderers F.C. season,1375376986,5a713633048c593c201e4459f3f17351985a87db0878d5785d8e4a25ca746680,https://en.wikipedia.org/w/index.php?oldid=1375376986
2020–21 Premier League,1376692557,8c01bc119ce6eac6f3fb5e6a370b58fecbf47ef3a7fb0e38d431ed8a6d1ae6b5,https://en.wikipedia.org/w/index.php?oldid=1376692557
2021–22 Premier League,1376972129,ed96d75da20e950fcf7b46fd7f10f6967938cd1a52afb25c475f55c5591aa7e4,https://en.wikipedia.org/w/index.php?oldid=1376972129
2022–23 Premier League,1376677138,da197ec1fa30e6743bd26b2104604ccf5b033c259df749c012c33b48d48a13d2,https://en.wikipedia.org/w/index.php?oldid=1376677138
2023–24 Premier League,1377546063,2b8ef19e2ef3feb8ebcca4659e335224518d731c73866c84b240cdfabc4fab10,https://en.wikipedia.org/w/index.php?oldid=1377546063
2024–25 Premier League,1372807257,5862afad6a0ea0234754fe267414e717597b6fe49aa3419cde29198a1b2682ba,https://en.wikipedia.org/w/index.php?oldid=1372807257
2025–26 Premier League,1377997846,7082e5d02c61553c0f8a2faf077d5805a0706f0f69ba7d3db9a7eccedbb3cee4,https://en.wikipedia.org/w/index.php?oldid=1377997846
2026–27 Premier League,1378614663,8feba9d6431a60f5a8eec6920b098cf9aef2f412ec19d64c28e187049991d79d,https://en.wikipedia.org/w/index.php?oldid=1378614663
List of English football transfers summer 2002,1329707791,efaa07b3be494d9f98f720764b54f0e8acfe1933b653789a3642e28a4102e256,https://en.wikipedia.org/w/index.php?oldid=1329707791
List of English football transfers summer 2003,1311694172,cf00676638bd575336be5b210eb294118f9cfc1fc6fe59ebc7555c6730942c99,https://en.wikipedia.org/w/index.php?oldid=1311694172
List of English football transfers summer 2004,1330318025,ca6e366e3a8f3cac6b2b4d479b279aab7894b96d4840671746196281fc4fcd50,https://en.wikipedia.org/w/index.php?oldid=1330318025
List of English football transfers summer 2005,1311467079,d0f56e07b735fb9fdee5cafb57cbc08fda23e81b8689356ee67d54c2cb1927a6,https://en.wikipedia.org/w/index.php?oldid=1311467079
List of English football transfers summer 2006,1350322994,f8374a8540b6a9f7f6a3be80527e4b8de2611670eb1fdc1dc909589d920e0e76,https://en.wikipedia.org/w/index.php?oldid=1350322994
List of English football transfers summer 2007,1372636645,caebd74d96b6aa90d75e2cac39115b87ca69e9a757a843ae0f58265c672b7f59,https://en.wikipedia.org/w/index.php?oldid=1372636645
List of English football transfers summer 2008,1375130174,d7ca51ff57d99eb72d2fdf2812be7a7b9fab465fb465f63abd8b2788b560aa5a,https://en.wikipedia.org/w/index.php?oldid=1375130174
List of English football transfers summer 2009,1330092050,4054aed1e52820f35ddc00d972f681e5e71f92f64672078514fe14265424e4ef,https://en.wikipedia.org/w/index.php?oldid=1330092050
List of English football transfers summer 2010,1365798349,6b1d32866ffa97d77ea55912a0aaa00bbe94959450b79a476521c75561ecc452,https://en.wikipedia.org/w/index.php?oldid=1365798349
List of English football transfers summer 2011,1375130706,735b128ed4dee4214c4c6ef8adf8c7b18c3b0e4b136f409fe49ef6c01dd60810,https://en.wikipedia.org/w/index.php?oldid=1375130706
List of English football transfers summer 2012,1375131070,8b19a7ed66673f1458ff7215754242f56cf25a47deecdd9d89774a60986dd0ef,https://en.wikipedia.org/w/index.php?oldid=1375131070
List of English football transfers summer 2013,1338448707,a4b5d835bd8758c31a920454215b013431bc5a9421330ac40f16b7578bccfad0,https://en.wikipedia.org/w/index.php?oldid=1338448707
List of English football transfers summer 2014,1376286325,ad0641beb000477b2cb541a5c1aec2c52fe895d0d3ad946beb7f5cce2dc2c93c,https://en.wikipedia.org/w/index.php?oldid=1376286325
List of English football transfers summer 2015,1306446833,15e577bd214ca62504a1bf38eea20a312262ff786ac4f8aa8eec01718e7907e2,https://en.wikipedia.org/w/index.php?oldid=1306446833
List of English football transfers summer 2016,1376913185,df0b51e29b789983c5f486ba4648c25f3ac95bf0f9e32ecd4ee6822e5c5152bb,https://en.wikipedia.org/w/index.php?oldid=1376913185
List of English football transfers summer 2017,1377262039,8927b0b74479fb191b5efa984cba12fae085fd234a33eaa81ae0d6ff685ac9cf,https://en.wikipedia.org/w/index.php?oldid=1377262039
List of English football transfers summer 2018,1377253512,bacaa4a378b357143e447204f0bec7505a592fc6c42871498ef5be865ad9f24b,https://en.wikipedia.org/w/index.php?oldid=1377253512
List of English football transfers summer 2019,1376913022,baf489c3dc8ead7c10a16eddc798b96a84319d389233ecf9a1867d137294b6df,https://en.wikipedia.org/w/index.php?oldid=1376913022
List of English football transfers summer 2020,1377253751,5a3396b4a59b62aefa99cf50faa6c7fdeb975733f623d09a23c166b9e70a4379,https://en.wikipedia.org/w/index.php?oldid=1377253751
List of English football transfers summer 2021,1376892882,ae87b890cbdd6a990a7cc8ea0d73938d9cf7529039cffc446bdc10c0b9ed25fd,https://en.wikipedia.org/w/index.php?oldid=1376892882
List of English football transfers summer 2022,1376913169,6f56c01e08da0196f3f919171661e749711fe27fc402709422a33f634df1c312,https://en.wikipedia.org/w/index.php?oldid=1376913169
List of English football transfers summer 2023,1370845354,84c0f1a92e48cd8af0d2526733cf3f582fe060de5a8a4dc2c2db00e424148795,https://en.wikipedia.org/w/index.php?oldid=1370845354
List of English football transfers summer 2024,1371944778,71155dd018dc4bdedee6ca73a27d80f2dfe18d7a6b9d9b414e2ae3674e034a30,https://en.wikipedia.org/w/index.php?oldid=1371944778
List of English football transfers summer 2025,1374119782,01f66ef0d655474dd30e0c90202a0b461fa2aecf235b6b718fa54df876e7c785,https://en.wikipedia.org/w/index.php?oldid=1374119782
List of English football transfers summer 2026,1378519094,270c8d9442cce1e00595b20acfd9c85557f5da87213be854198c9e508cd648ee,https://en.wikipedia.org/w/index.php?oldid=1378519094
List of English football transfers winter 2002–03,1365984310,da7e5346e43aa200a201b6069a4ff0e97bdab6e43d55e12c4ee092ff5047e594,https://en.wikipedia.org/w/index.php?oldid=1365984310
List of English football transfers winter 2003–04,1311467105,bdcc077c64eaf50065070a835bc96264ec8b52f7e97d2bda65edca8460e01b5f,https://en.wikipedia.org/w/index.php?oldid=1311467105
List of English football transfers winter 2004–05,1330318094,8d181fe2cfe3efab7cd6e2a418ef7882c5232d146d7985f5a6c136c6e47eea6f,https://en.wikipedia.org/w/index.php?oldid=1330318094
List of English football transfers winter 2005–06,1315093564,3f2f154bfc8aa895747e6bb6e629bea8c72f01395ea2cca93fb650187fac64cb,https://en.wikipedia.org/w/index.php?oldid=1315093564
List of English football transfers winter 2006–07,1311694190,85364fcaf6cfaecd2747441f3681e2a053c5c191cfc71fb17c79f544f0991aa4,https://en.wikipedia.org/w/index.php?oldid=1311694190
List of English football transfers winter 2007–08,1336230313,aebe495bb2a6d425522752a87f5743e5d12d2f68b3d8220e2c4ffefc9bb9a436,https://en.wikipedia.org/w/index.php?oldid=1336230313
List of English football transfers winter 2008–09,1346723699,90808a54653956dab7c686e3fb10f95bb449c1440947f5ccea0768404ce608d0,https://en.wikipedia.org/w/index.php?oldid=1346723699
List of English football transfers winter 2009–10,1375130342,f25ec290fa4f6a8cd65e0cd912d7d20e307c1c40d7ddf4f02a3a89e83d0f4d38,https://en.wikipedia.org/w/index.php?oldid=1375130342
List of English football transfers winter 2010–11,1376380584,b752b6839afb788cff4e32921631154c02635179b173302e8c4df588f06d4abb,https://en.wikipedia.org/w/index.php?oldid=1376380584
List of English football transfers winter 2011–12,1309802686,c0a7f52024083bcae1f5da27dcce4d17ad2f74ecf05ae68cd4b20f61c3480865,https://en.wikipedia.org/w/index.php?oldid=1309802686
List of English football transfers winter 2012–13,1369400570,00adeb692e05086d3f7fa195641007b52d2677cdeab3421ef46925b110d9defa,https://en.wikipedia.org/w/index.php?oldid=1369400570
List of English football transfers winter 2013–14,1347790879,c76641fa2b8c7ffa93766ff32b004866aef74056901ef7952984d4fca8161cff,https://en.wikipedia.org/w/index.php?oldid=1347790879
List of English football transfers winter 2014–15,1360312079,cc29a2aee976fc635ef32c22e85995d7670a574141801c599379dfd0049ca7d9,https://en.wikipedia.org/w/index.php?oldid=1360312079
List of English football transfers winter 2015–16,1279449909,6bd26f51b3d68bba9df3e6047c23f2e3265eaf6deab8795136cf8ed0acfa4b15,https://en.wikipedia.org/w/index.php?oldid=1279449909
List of English football transfers winter 2016–17,1376912975,840302cc0bae00017e690a27ff6b154af43f032cb73954ec93d661dcb32024a8,https://en.wikipedia.org/w/index.php?oldid=1376912975
List of English football transfers winter 2017–18,1350713067,d8ce0abd9e8dd9de9e3f7b482b20c9f5c0e8b228124f332b7c7598ad3ce0e109,https://en.wikipedia.org/w/index.php?oldid=1350713067
List of English football transfers winter 2018–19,1375104588,5660a53eff884113f25eb1e0d0854547dcc4fa582d58933b756a99b7029b2d11,https://en.wikipedia.org/w/index.php?oldid=1375104588
List of English football transfers winter 2019–20,1371935139,3ac0241ad28805c0dba7242a69d4639049b0338f77721adbc6f79d0e65003e10,https://en.wikipedia.org/w/index.php?oldid=1371935139
List of English football transfers winter 2020–21,1371935225,2f0cf000449ec11242a25024b6d4fb1198498d2bc4408ed11e96abe2d3ef57a9,https://en.wikipedia.org/w/index.php?oldid=1371935225
List of English football transfers winter 2021–22,1377254014,b2265283272e5b5863d04fed9f6bb78691308b1178668ba8d0e0e3f0e352185f,https://en.wikipedia.org/w/index.php?oldid=1377254014
List of English football transfers winter 2022–23,1350714172,8a444ff2e731fd589677852cc65f6349b8b25895f02d0d459f4cb139095fa782,https://en.wikipedia.org/w/index.php?oldid=1350714172
List of English football transfers winter 2023–24,1371944280,cf43b28ac36dd9f5ccd62efe522cda8eceb664d11c8ecf138d66a8b2dad930d0,https://en.wikipedia.org/w/index.php?oldid=1371944280
List of English football transfers winter 2024–25,1350714313,643d0b0d6b16ba58e3e666fa9a34d82e58d3023f3a105bc64256602d565bc702,https://en.wikipedia.org/w/index.php?oldid=1350714313
List of English football transfers winter 2025–26,1345777783,58f2bfdb26a18d4a75bc298f9e70d270557c3f133e0d17de51aae3be44e7952f,https://en.wikipedia.org/w/index.php?oldid=1345777783
List of Premier League clubs,1378409209,24b7284fd2d67677d7cf496142d093fde65f2f38451325ab6a71c98db0889c3a,https://en.wikipedia.org/w/index.php?oldid=1378409209
Premier League,1378819389,7ec183d36fe89c40133f8828a24b84dbf265ae4f697cdf2e08efc997bbcdae0e,https://en.wikipedia.org/w/index.php?oldid=1378819389
