window,page,revid,open_date,close_date,lead_sentence
summer 2002,List of English football transfers summer 2002,1329707791,,,
summer 2003,List of English football transfers summer 2003,1311694172,,,
summer 2004,List of English football transfers summer 2004,1330318025,,,
summer 2005,List of English football transfers summer 2005,1311467079,2006-01-01,2006-02-01,The window re-opened on 1 January 2006 for one month until 00:00 UTC on 1 February 2006
summer 2006,List of English football transfers summer 2006,1350322994,2007-01-01,2007-01-31,"The mid-season transfer window opened on 1 January 2007, and ran for the entire month, until 31 January"
summer 2007,List of English football transfers summer 2007,1372636645,2007-07-01,2007-04-17,"The summer transfer window opened on 1 July 2007, although a few transfers took place prior to that date; the first prominent move went through on 17 April"
summer 2008,List of English football transfers summer 2008,1375130174,2008-07-01,2008-02-05,"The summer transfer window opened on 1 July 2008, although a few transfers took place prior to that date; although a carry-over from the winter 2007–08 transfer window, the first non-free non-loan move was completed on 5 February 2008"
summer 2009,List of English football transfers summer 2009,1330092050,2009-07-01,2009-09-01,The summer transfer window opened on 1 July 2009 and closed at 17:00&nbsp;BST on 1 September 2009
summer 2010,List of English football transfers summer 2010,1365798349,,,
summer 2011,List of English football transfers summer 2011,1375130706,,,
summer 2012,List of English football transfers summer 2012,1375131070,2011-07-01,2011-06-30,"The summer transfer window began once clubs had concluded their final domestic fixture of the 2011–12 season, but many transfers will only officially go through on 1 July because the majority of player contracts finish on 30 June"
summer 2013,List of English football transfers summer 2013,1338448707,2012-07-01,2012-06-30,"The summer transfer window began once clubs had concluded their final domestic fixture of the 2012–13 season, but many transfers will only officially go through on 1 July because the majority of player contracts finish on 30 June"
summer 2014,List of English football transfers summer 2014,1376286325,2013-07-01,2013-06-30,"The summer transfer window began once clubs had concluded their final domestic fixture of the 2013–14 season, but many transfers will only officially go through on 1 July because the majority of player contracts finish on 30 June"
summer 2015,List of English football transfers summer 2015,1306446833,2014-07-01,2014-06-30,"The summer transfer window began once clubs had concluded their final domestic fixture of the 2014–15 season, but many transfers officially went through on 1 July because the majority of player contracts finished on 30 June"
summer 2016,List of English football transfers summer 2016,1376913185,2015-07-01,2015-06-30,"The summer transfer window began once clubs had concluded their final domestic fixture of the 2015–16 season, but many transfers will only officially go through on 1 July because the majority of player contracts finish on 30 June"
summer 2017,List of English football transfers summer 2017,1377262039,2016-07-01,2016-06-30,"The summer transfer window began once clubs had concluded their final domestic fixture of the 2016–17 season, but many transfers only officially went through on 1 July because the majority of player contracts finished on 30 June"
summer 2018,List of English football transfers summer 2018,1377253512,2018-05-17,2018-08-09,The 2018 summer transfer window for English football transfers opened on 17 May and closed on 9 August
summer 2019,List of English football transfers summer 2019,1376913022,2019-05-16,2019-08-08,The 2019 English football summer transfer window ran from 16 May to 8 August 2019
summer 2020,List of English football transfers summer 2020,1377253751,2020-07-27,2020-10-05,The 2020 English football summer transfer window ran from 27 July to 5 October 2020 due to the effects of the COVID-19 pandemic on the football calendar
summer 2021,List of English football transfers summer 2021,1376892882,2021-05-24,2021-08-31,The 2021 English football summer transfer window runs from 24 May to 31 August 2021
summer 2022,List of English football transfers summer 2022,1376913169,2001-06-10,2001-09-01,The 2022 English football summer transfer window runs from 10 June to 1 September 9/11 2001
summer 2023,List of English football transfers summer 2023,1370845354,2023-06-14,2023-09-01,The 2023 English football summer transfer window ran from 14 June to 1 September 2023
summer 2024,List of English football transfers summer 2024,1371944778,2024-06-14,2024-08-30,The 2024 English football summer transfer window runs from 14 June to 30 August 2024
summer 2025,List of English football transfers summer 2025,1374119782,2025-06-01,2025-06-10,"The 2025 English football summer transfer window runs from 1 June to 10 June (due to an exceptional registration period mandated by FIFA for the Club World Cup), and then between 16 June and 1 September 2025"
summer 2026,List of English football transfers summer 2026,1378519094,2026-06-15,2026-09-01,The 2026 English football summer transfer window runs from 15 June to 11pm BST on 1 September 2026
winter 2002–03,List of English football transfers winter 2002–03,1365984310,2003-01-01,2003-02-01,"This was the second biggest transfer behind Jonathan Woodgate's move from Leeds to Newcastle United.]] The English football transfer window for winter 2002–03 ran from 1 January 2003 until 1 February 2003, although a few transfers took place prior to that date"
winter 2003–04,List of English football transfers winter 2003–04,1311467105,2004-09-01,2004-01-01,"==Post-window signings== ;1 September * Neil Sullivan from Tottenham Hotspur to Chelsea, free * James McFadden from Motherwell to Everton, £1.25m * Nigel Martyn from Leeds United to Everton, Nominal * Kevin Kilbane from Sunderland to Everton, £750,000 * Mark Pembridge from Everton to Fulham, £500,00"
winter 2004–05,List of English football transfers winter 2004–05,1330318094,2005-01-01,2005-01-03,"==January transfers== {| class=""wikitable sortable"" |- !Date !Player !Moving from !Moving to !Fee |- |1 January 2005||Jean-Alain Boumsong||Rangers||Newcastle United||£8m |- |3 January 2005||Celestine Babayaro||Chelsea||Newcastle United||Undisclosed |- |rowspan=2|4 January 2005||James Beattie||Southa"
winter 2005–06,List of English football transfers winter 2005–06,1315093564,2005-10-28,2006-01-01,"==Post-window deals== {| class=""wikitable sortable"" |- ! Date !! Name !! Nat !! Moving from !! Moving to !! Fee |- | '''28 October 2005''' || Jemal Johnson || || Blackburn Rovers || Preston North End || Loan |} ==January transfers== {| class=""wikitable sortable"" |- ! Date !! Name !! Moving from !! M"
winter 2006–07,List of English football transfers winter 2006–07,1311694190,2006-09-01,2007-09-04,"==Post-window signings== <!-- Please refrain from adding any transfers that are not permanent, a loan of 3 months or more, or a particular notable move/player that still isn't one of the other two things.--> {| class=""wikitable"" |- ! Date !! Name !! Nat !! Moving from !! Moving to !! Fee |- | '''1 S"
winter 2007–08,List of English football transfers winter 2007–08,1336230313,2008-01-01,2007-12-12,"The winter transfer window opened on 1 January 2008, although a few transfers took place prior to that date; the first non-free non-loan move went through on 12 December 2007"
winter 2008–09,List of English football transfers winter 2008–09,1346723699,2009-02-01,2009-02-02,"The window was originally going to close at 00:00 on 1 February 2009, but it was extended to 17:00 on 2 February 2009 because 31 January fell on a Saturday"
winter 2009–10,List of English football transfers winter 2009–10,1375130342,,,
winter 2010–11,List of English football transfers winter 2010–11,1376380584,2011-01-01,2011-01-31,The 2010–11 winter transfer window for English football transfers opened on 1 January and closed at 23:00 on 31 January 2011
winter 2011–12,List of English football transfers winter 2011–12,1309802686,2011-01-01,2011-01-31,The 2011–12 winter transfer window for English football transfers opened on 1 January and will close on 31 January
winter 2012–13,List of English football transfers winter 2012–13,1369400570,2012-01-01,2012-01-31,The 2012–13 winter transfer window for English football transfers opened on 1 January and will close on 31 January
winter 2013–14,List of English football transfers winter 2013–14,1347790879,2013-01-01,2013-01-31,The 2013–14 winter transfer window for English football transfers opened on 1 January and closed on 31 January
winter 2014–15,List of English football transfers winter 2014–15,1360312079,2014-01-03,2014-02-02,The 2014–15 winter transfer window for English football transfers opened on 3 January and closes on 2 February
winter 2015–16,List of English football transfers winter 2015–16,1279449909,2015-01-01,2015-02-01,The 2015–16 winter transfer window for English football transfers opened on 1 January and closes on 1 February
winter 2016–17,List of English football transfers winter 2016–17,1376912975,2016-01-01,2016-02-01,The 2016–17 winter transfer window for English football transfers opened on 1 January and closes on 1 February
winter 2017–18,List of English football transfers winter 2017–18,1350713067,2017-01-01,2017-02-01,The 2017–18 winter transfer window for English football transfers opened on 1 January and closes on 1 February
winter 2018–19,List of English football transfers winter 2018–19,1375104588,2018-01-01,2018-02-01,The 2018–19 winter transfer window for English football transfers opens on 1 January and will close on 1 February
winter 2019–20,List of English football transfers winter 2019–20,1371935139,2020-08-08,2020-01-31,This list includes transfers featuring at least one club from either the Premier League or the EFL Championship that were completed after the end of the summer 2019 transfer window on 8 August and before the closure of the 2020 winter transfer window on 31 January 2020
winter 2020–21,List of English football transfers winter 2020–21,1371935225,2020-10-07,2021-02-02,The 2020–21 English football winter transfer window runs from 7 October 2020 to 2 February 2021 due to the effects of the coronavirus pandemic on the football calendar
winter 2021–22,List of English football transfers winter 2021–22,1377254014,2021-09-02,2022-02-02,The 2021–22 English football winter transfer window runs from 2 September 2021 to 2 February 2022
winter 2022–23,List of English football transfers winter 2022–23,1350714172,2023-01-01,2023-01-31,The 2022–23 English football winter transfer window ran from 1 January to 31 January 2023
winter 2023–24,List of English football transfers winter 2023–24,1371944280,2024-01-01,2024-02-01,The 2023–24 English football winter transfer window ran from 1 January to 1 February 2024
winter 2024–25,List of English football transfers winter 2024–25,1350714313,2025-01-01,2025-02-03,The 2024–25 English football winter transfer window ran from 1 January to 3 February 2025
winter 2025–26,List of English football transfers winter 2025–26,1345777783,2026-01-01,2026-02-02,The 2025–26 English football transfer window will run from 1 January to 2 February 2026
