window,grade,publisher,gross_as_reported,gross_gbp,net_as_reported,net_gbp,method,url,status,lead_file_sha256_prefix
January 2003,B,The Independent,£35m,35000000.0,NOT FOUND,,Contemporary calendar-year report; reports previous January and summer expenditure.,https://www.independent.co.uk/sport/football/news/welcome-to-the-month-of-lend-lend-lend-84158.html,UNVERIFIED (research lead),2415ef4aca692903
summer 2003,B,The Independent,£215m,215000000.0,NOT FOUND,,Contemporary calendar-year report; reports summer Premiership-club total.,https://www.independent.co.uk/sport/football/news/welcome-to-the-month-of-lend-lend-lend-84158.html,UNVERIFIED (research lead),2415ef4aca692903
summer 2005,B,The Independent,£235m,235000000.0,NOT FOUND,,Contemporary closing-window report by Glenn Moore; Deloitte commentary appears in article.,https://www.independent.co.uk/sport/football/news/euro-no-match-for-the-pound-5347569.html,UNVERIFIED (research lead),2415ef4aca692903
summer 2006,B,BBC News,£300m,300000000.0,NOT FOUND,,Contemporary BBC report of Deloitte analysis of reported summer spending.,https://news.bbc.co.uk/1/hi/business/5305326.stm,UNVERIFIED (research lead),2415ef4aca692903
summer 2008,B,Reuters (via Rediff),500 million pounds,500000000.0,NOT FOUND,,Contemporary Reuters report attributing total to Deloitte.,https://www.rediff.com/sports/report/trans/20080902.htm,UNVERIFIED (research lead),2415ef4aca692903
January 2009,B,The Guardian (reporting Deloitte),about £160m,160000000.0,NOT FOUND,,Deloitte estimated gross fee commitments reported by Guardian.,https://www.theguardian.com/football/2009/feb/03/transfer-window-premier-league-2009,UNVERIFIED (research lead),2415ef4aca692903
summer 2009,B,The Guardian,£460.4m,460400000.0,NOT FOUND,,"Article introduces separate Deloitte figures, then reports league gross £460.4m; exact provenance of precise figure not further clarified.",https://www.theguardian.com/football/blog/2009/sep/01/transfer-window-premier-league-big-four,UNVERIFIED (research lead),2415ef4aca692903
summer 2009,B,The Guardian (reporting KPMG),NOT FOUND,,£81m,81000000.0,Net spending aggregate in KPMG discussion.,https://www.theguardian.com/football/blog/2009/sep/01/transfer-window-premier-league-big-four,UNVERIFIED (research lead),2415ef4aca692903
January 2010,B,The Guardian (reporting Deloitte),£30m,30000000.0,NOT FOUND,,Contemporary Deloitte total reported by David Conn.,https://www.theguardian.com/football/2010/feb/01/transfer-window-portsmouth-hull,UNVERIFIED (research lead),2415ef4aca692903
January 2010,A,Premier League,"£35,959,939",35959939.0,"£7,037,026",7037026.0,Official historical January-window table. The surrounding January 2017 discussion describes committed fees and excludes contingencies; applicability of that exc,https://www.premierleague.com/en/news/321534,UNVERIFIED (research lead),2415ef4aca692903
summer 2010,B,Sky Sports (reporting Deloitte),around £350million,350000000.0,NOT FOUND,,Contemporary Deloitte gross estimate.,https://www.skysports.com/football/news/11979/6352217/every-penny-counts,UNVERIFIED (research lead),2415ef4aca692903
January 2011,B,The Guardian (table source: Deloitte),£225m,225000000.0,NOT FOUND,,Table explicitly labelled SOURCE:DELOITTE; January spending.,https://www.theguardian.com/news/datablog/2011/feb/01/january-transfer-spend-record-high-torres,UNVERIFIED (research lead),2415ef4aca692903
January 2011,A,Premier League,"£209,290,543",209290543.0,"£77,286,420",77286420.0,Official historical January-window table. The surrounding January 2017 discussion describes committed fees and excludes contingencies; applicability of that exc,https://www.premierleague.com/en/news/321534,UNVERIFIED (research lead),2415ef4aca692903
summer 2011,B,The Guardian,NOT FOUND,,£194m,194000000.0,Contemporary aggregate net outlay in transfer fees reported by Matt Scott; underlying data provider not identified in visible paragraph.,https://www.theguardian.com/football/2011/sep/01/premier-league-biggest-spenders,UNVERIFIED (research lead),2415ef4aca692903
January 2012,A,Premier League,"£67,403,948",67403948.0,"£24,478,901",24478901.0,Official historical January-window table. The surrounding January 2017 discussion describes committed fees and excludes contingencies; applicability of that exc,https://www.premierleague.com/en/news/321534,UNVERIFIED (research lead),2415ef4aca692903
summer 2012,B,Sky News (reporting Deloitte),around £490m,490000000.0,NOT FOUND,,Contemporary Deloitte gross estimate.,https://news.sky.com/story/premier-league-clubs-splash-490m-on-transfers-10471354,UNVERIFIED (research lead),2415ef4aca692903
summer 2012,B,The Observer (via The Guardian),NOT FOUND,,£250m,250000000.0,Contemporary Paul Wilson transfer-window analysis; paragraph attributes related figures to Deloitte.,https://www.theguardian.com/sport/blog/2012/sep/01/clint-dempsey-liverpool-striking-problems,UNVERIFIED (research lead),2415ef4aca692903
January 2013,B,Press Association (via The Independent),£120m,120000000.0,£70m,70000000.0,Deloitte gross and net estimates directly quoted in contemporary PA report.,https://www.independent.co.uk/sport/football/transfers/qpr-top-transfer-window-spenders-8476805.html,UNVERIFIED (research lead),2415ef4aca692903
January 2013,B,The Guardian (Guardian Sport data),£117m,117000000.0,NOT FOUND,,"Guardian sports-team aggregate; direct total, no sum of club entries.",https://www.theguardian.com/news/datablog/2013/feb/01/january-window-transfers-spends-by-club-year,UNVERIFIED (research lead),2415ef4aca692903
January 2013,A,Premier League,"£123,393,426",123393426.0,"£72,500,026",72500026.0,Official historical January-window table. The surrounding January 2017 discussion describes committed fees and excludes contingencies; applicability of that exc,https://www.premierleague.com/en/news/321534,UNVERIFIED (research lead),2415ef4aca692903
summer 2013,B,BBC Sport,£630m,630000000.0,NOT FOUND,,Previously sourced gross window total from Section D. Any publisher-method qualification is retained in conflicts_and_warnings; no net total inferred.,https://www.bbc.co.uk/sport/football/23913033,UNVERIFIED (research lead),2415ef4aca692903
summer 2013,B,Sky News (reporting Deloitte),£630m,630000000.0,£400m,400000000.0,Contemporary Deloitte gross and net window estimates.,https://news.sky.com/story/transfer-window-premier-leagues-record-spend-10435520,UNVERIFIED (research lead),2415ef4aca692903
January 2014,A,Premier League,"£128,774,398",128774398.0,"£26,905,398",26905398.0,Official historical January-window table. The surrounding January 2017 discussion describes committed fees and excludes contingencies; applicability of that exc,https://www.premierleague.com/en/news/321534,UNVERIFIED (research lead),2415ef4aca692903
summer 2014,B,Press Association (via The Guardian),£835m,835000000.0,£410m,410000000.0,Contemporary Deloitte gross and net estimates; net includes overseas £350m and Football League £60m.,https://www.theguardian.com/football/2014/sep/02/premier-league-transfer-deadline-day-record-spend-850m,UNVERIFIED (research lead),2415ef4aca692903
summer 2014,B,Sky Sports / Deloitte commentary,£835m,835000000.0,NOT FOUND,,Previously sourced gross window total from Section D. Any publisher-method qualification is retained in conflicts_and_warnings; no net total inferred.,https://www.skysports.com/football/news/11661/9452920/the-record-835m-summer-transfer-spend-is-down-to-improved-tv-deals-according-to-dan-jones-from-deloitt,UNVERIFIED (research lead),2415ef4aca692903
summer 2014,A,Premier League,£809.6m,809600000.0,£386.5m,386500000.0,"Official historical table of window spend, sales and net spend; describes transfer fees committed.",https://www.premierleague.com/en/news/464973,UNVERIFIED (research lead),2415ef4aca692903
January 2015,B,The Independent (Agency; reporting Deloitte),£130million,130000000.0,around £40million,40000000.0,"Deloitte reported January net totals, defined as net flows to overseas and Football League clubs.",https://www.independent.co.uk/sport/football/transfers/premier-league-clubs-spend-record-ps950m-over-summer-and-january-transfer-windows-10020548.html,UNVERIFIED (research lead),2415ef4aca692903
January 2015,A,Premier League,"£118,190,978",118190978.0,"£36,444,527",36444527.0,Official historical January-window table. The surrounding January 2017 discussion describes committed fees and excludes contingencies; applicability of that exc,https://www.premierleague.com/en/news/321534,UNVERIFIED (research lead),2415ef4aca692903
January 2015,A,Premier League,£118.2m,118200000.0,£36.4m,36400000.0,"Official historical table of window spend, sales and net spend; describes transfer fees committed.",https://www.premierleague.com/en/news/464973,UNVERIFIED (research lead),2415ef4aca692903
summer 2015,B,BBC Sport,£870m,870000000.0,£460m,460000000.0,Contemporary BBC report of Deloitte analysis.,https://www.bbc.co.uk/sport/football/34118289,UNVERIFIED (research lead),2415ef4aca692903
summer 2015,B,Sky Sports (reporting Deloitte),£870m,870000000.0,NOT FOUND,,Contemporary Deloitte gross estimate.,https://www.skysports.com/football/news/12691/9976133/anthony-martials-transfer-seals-new-record-spend-for-premier-league-clubs,UNVERIFIED (research lead),2415ef4aca692903
summer 2015,A,Premier League,£858.6m,858600000.0,£432.6m,432600000.0,"Official historical table of window spend, sales and net spend; describes transfer fees committed.",https://www.premierleague.com/en/news/464973,UNVERIFIED (research lead),2415ef4aca692903
January 2016,B,BBC Sport,£175m,175000000.0,NOT FOUND,,Published BBC historical season table of summer and January transfer spending; article attributes window analysis to Deloitte.,https://www.bbc.co.uk/sport/football/35457851,UNVERIFIED (research lead),2415ef4aca692903
January 2016,B,Press Association (via The Guardian),£175m,175000000.0,NOT FOUND,,Contemporary Deloitte gross-window estimate.,https://www.theguardian.com/football/2016/feb/02/premier-league-january-transfer-spending,UNVERIFIED (research lead),2415ef4aca692903
January 2016,A,Premier League,"£177,502,227",177502227.0,"£108,873,791",108873791.0,Official historical January-window table. The surrounding January 2017 discussion describes committed fees and excludes contingencies; applicability of that exc,https://www.premierleague.com/en/news/321534,UNVERIFIED (research lead),2415ef4aca692903
January 2016,A,Premier League,£177.5m,177500000.0,£108.9m,108900000.0,"Official historical table of window spend, sales and net spend; describes transfer fees committed.",https://www.premierleague.com/en/news/464973,UNVERIFIED (research lead),2415ef4aca692903
summer 2016,B,Sky Sports (reporting Deloitte),£1.165bn,1165000000.0,NOT FOUND,,Contemporary Deloitte gross estimate.,https://www.skysports.com/football/news/11095/10561116/premier-league-spending-reaches-record-level-in-transfer-window,UNVERIFIED (research lead),2415ef4aca692903
summer 2016,A,Premier League,£1.120bn,1120000000.0,£635.6m,635600000.0,"Official historical table of window spend, sales and net spend; describes transfer fees committed.",https://www.premierleague.com/en/news/464973,UNVERIFIED (research lead),2415ef4aca692903
January 2017,A,Premier League,"£236.7m (prose); £236,681,957 (table)",236700000.0,"−£4.0m (prose); -£3,980,145.04 (table)",-4000000.0,Official aggregate of fees committed this window; excludes contingent performance fees.,https://www.premierleague.com/en/news/321534,UNVERIFIED (research lead),2415ef4aca692903
January 2017,B,Sky Sports,£215m,215000000.0,net £40m profit,-40000000.0,Contemporary report of Deloitte analysis.,https://www.skysports.com/football/news/10751585/premier-league-makes-transfer-window-profit-for-first-time,UNVERIFIED (research lead),2415ef4aca692903
summer 2017,A,Premier League,£1.413bn,1413000000.0,£665.0m,665000000.0,Official aggregate of transfer fees committed during summer.,https://www.premierleague.com/en/news/464973,UNVERIFIED (research lead),2415ef4aca692903
summer 2017,B,Sky News,£1.43bn,1430000000.0,NOT FOUND,,Contemporary report of Deloitte analysis.,https://news.sky.com/story/premier-league-clubs-net-1-4bn-transfer-window-record-11015369,UNVERIFIED (research lead),2415ef4aca692903
summer 2017,B,Sky Sports,more than £1.413bn,1413000000.0,£665m,665000000.0,Contemporary report; Deloitte commentary.,https://www.skysports.com/football/news/11015479/new-transfer-spending-record-for-premier-league,UNVERIFIED (research lead),2415ef4aca692903
summer 2017,B,Sky Sports,£1.47billion,1470000000.0,NOT FOUND,,Sky transfer breakdown; aggregate net not located in article text.,https://www.skysports.com/football/news/11015137/premier-league-transfers-how-much-did-your-club-spend,UNVERIFIED (research lead),2415ef4aca692903
summer 2017,B,The Guardian / Deloitte,£1.4bn,1400000000.0,NOT FOUND,,Previously sourced gross window total from Section D. Any publisher-method qualification is retained in conflicts_and_warnings; no net total inferred.,https://www.theguardian.com/football/2017/sep/01/transfer-window-deadline-day-record-spend,UNVERIFIED (research lead),2415ef4aca692903
January 2018,B,BBC Sport / Deloitte analysis,£430m,430000000.0,NOT FOUND,,Previously sourced gross window total from Section D. Any publisher-method qualification is retained in conflicts_and_warnings; no net total inferred.,https://www.bbc.co.uk/sport/football/42881234,UNVERIFIED (research lead),2415ef4aca692903
January 2018,A,Premier League,£419.5m,419500000.0,£147.6m (table/body); £148million (rounded prose),147600000.0,Official aggregate of fees committed during January.,https://www.premierleague.com/en/news/612249,UNVERIFIED (research lead),2415ef4aca692903
January 2018,B,Sky News,£430m,430000000.0,NOT FOUND,,Contemporary report of Deloitte analysis.,https://news.sky.com/story/arsenal-liverpool-and-man-city-help-premier-league-clubs-smash-january-record-11231827,UNVERIFIED (research lead),2415ef4aca692903
January 2018,B,Sky Sports,£419.5m,419500000.0,£147.6m,147600000.0,Reports Premier League figures; includes loan fees; excludes potential add-ons.,https://www.skysports.com/transfer/news/11232247/premier-league-clubs-january-transfer-spending-up-77,UNVERIFIED (research lead),2415ef4aca692903
summer 2018,B,Sky News,£1.23bn,1230000000.0,£865m,865000000.0,Contemporary Deloitte report; net explicitly measured through 9 August.,https://news.sky.com/story/four-clubs-spend-40-of-premier-leagues-1-2bn-outlay-11468244,UNVERIFIED (research lead),2415ef4aca692903
January 2019,B,Sky Sports,£180m,180000000.0,NOT FOUND,,Contemporary report of Deloitte analysis.,https://www.skysports.com/football/news/11661/11624371/january-transfer-spending-slashed-year-on-year-in-first-fall-since-2012-say-deloitte,UNVERIFIED (research lead),2415ef4aca692903
summer 2019,B,"PA, syndicated by Extra.ie",£1.41billion,1410000000.0,£625m,625000000.0,PA byline; contemporary Deloitte analysis.,https://extra.ie/2019/08/09/sport/soccernews/billion-pound-summer-transfer-window,UNVERIFIED (research lead),2415ef4aca692903
January 2020,B,BBC Sport,£230m,230000000.0,£165m,165000000.0,Deloitte figures.,https://www.bbc.co.uk/sport/football/51334071,UNVERIFIED (research lead),2415ef4aca692903
January 2020,B,Sky Sports,around £233m,233000000.0,£188m,188000000.0,Sky spending breakdown; described as 31 permanent signings.,https://www.skysports.com/transfer/news/12691/11914068/transfers-premier-league-spending-breakdown-after-deadline-day,UNVERIFIED (research lead),2415ef4aca692903
summer 2020,B,"PA (Tom White), syndicated by Irish Examiner",£1.24bn,1240000000.0,£813million,813000000.0,"Cebr analysis commissioned by Football Index, reported by PA.",https://www.irishexaminer.com/sport/soccer/arid-40060268.html,UNVERIFIED (research lead),2415ef4aca692903
summer 2020,B,Sky Sports,around £1.3bn,1300000000.0,£920m,920000000.0,Sky breakdown; 115 permanent signings.,https://www.skysports.com/transfer/news/12090622/premier-league-transfers-spending-breakdown-after-deadline-day,UNVERIFIED (research lead),2415ef4aca692903
January 2021,B,Sky News,£70m,70000000.0,NOT FOUND,,Contemporary report of Deloitte analysis.,https://news.sky.com/story/january-transfer-spending-slumps-as-pandemic-hits-football-finances-12206482,UNVERIFIED (research lead),2415ef4aca692903
summer 2021,B,"PA, syndicated by FourFourTwo",£1.1billion,1100000000.0,£560m,560000000.0,PA byline; contemporary Deloitte analysis.,https://www.fourfourtwo.com/news/premier-league-clubs-splash-out-pound11billion-during-summer-transfer-window-1630462997000,UNVERIFIED (research lead),2415ef4aca692903
summer 2021,B,Sky Sports,around £1.04bn,1040000000.0,£593m,593000000.0,Sky breakdown; 103 permanent signings for disclosed fees.,https://www.skysports.com/football/news/12383696/how-much-did-your-club-spend,UNVERIFIED (research lead),2415ef4aca692903
January 2022,B,Sky News,£295m,295000000.0,£180m,180000000.0,Contemporary Deloitte report; net defined as purchases less sales.,https://news.sky.com/story/premier-league-january-transfer-window-spending-back-at-pre-pandemic-levels-12530449,UNVERIFIED (research lead),2415ef4aca692903
summer 2022,B,The Guardian / Deloitte estimates,Estimates from Deloitte’s sports business group; £1.9bn,1900000000.0,NOT FOUND,,Previously sourced gross window total from Section D. Any publisher-method qualification is retained in conflicts_and_warnings; no net total inferred.,https://www.theguardian.com/football/2022/sep/02/premier-league-summer-spend-breaks-record-for-whole-season,UNVERIFIED (research lead),2415ef4aca692903
summer 2022,B,Sky Sports,£2.1bn,2100000000.0,NOT FOUND,,Sky breakdown; disclosed fees on permanent signings.,https://www.skysports.com/football/news/12687324/how-much-did-your-club-spend-this-summer,UNVERIFIED (research lead),2415ef4aca692903
January 2023,B,Sky Sports,around £780.1m,780100000.0,£675m,675000000.0,Sky breakdown; headline describes permanent signings for disclosed fees.,https://www.skysports.com/football/news/12795221/premier-league-transfers-spending-breakdown-after-deadline-day,UNVERIFIED (research lead),2415ef4aca692903
January 2023,B,The Independent / PA,£815m,815000000.0,£720m,720000000.0,Contemporary Deloitte report.,https://www.independent.co.uk/sport/football/premier-league-transfer-window-spending-chelsea-b2273361.html,UNVERIFIED (research lead),2415ef4aca692903
summer 2023,B,Sky Sports,£2.44bn,2440000000.0,£1.07bn,1070000000.0,Includes potential add-ons; excludes undisclosed fees. Internal update 2 September 01:45.,https://www.skysports.com/football/news/12942142/how-much-did-premier-league-clubs-spend,UNVERIFIED (research lead),2415ef4aca692903
summer 2023,B,The Independent / PA,£2.36billion,2360000000.0,NOT FOUND,,Contemporary Deloitte report.,https://www.independent.co.uk/sport/football/premier-league-deloitte-premier-arsenal-moises-caicedo-b2403677.html,UNVERIFIED (research lead),2415ef4aca692903
January 2024,B,Sky Sports,£96.2m,96200000.0,NOT FOUND,,Includes potential add-ons; excludes undisclosed fees; internal update 2 February 01:21.,https://www.skysports.com/football/news/13040953/premier-league-transfers-dramatic-fall-in-spending-in-january-2024-window,UNVERIFIED (research lead),2415ef4aca692903
summer 2024,B,Sky Sports,£2.08bn,2080000000.0,£627.4m,627400000.0,Includes potential add-ons; excludes undisclosed fees; internal update 31 August 02:10.,https://www.skysports.com/football/news/13204114/premier-league-transfers-chelsea-man-utd-brighton-and-tottenham-top-spending-chart,UNVERIFIED (research lead),2415ef4aca692903
January 2025,B,BBC Sport,around £370m,370000000.0,NOT FOUND,,Football Transfers data.,https://www.bbc.co.uk/sport/football/articles/cn8yz3e5jw7o,UNVERIFIED (research lead),2415ef4aca692903
January 2025,B,Sky Sports,£394.8m,394800000.0,£264.1m,264100000.0,Sky figures; permanent signings for disclosed fees.,https://www.skysports.com/football/news/11661/13279921/premier-league-transfers-man-city-wolves-brighton-and-man-utd-biggest-spenders,UNVERIFIED (research lead),2415ef4aca692903
summer 2025,B,BBC Sport,surpassed £3bn; £3.087bn,3000000000.0,NOT FOUND,,Published report.,https://www.bbc.co.uk/sport/football/articles/c20755y05ydo,UNVERIFIED (research lead),2415ef4aca692903
summer 2025,B,The Guardian (commentary),£3.1bn,3100000000.0,NOT FOUND,,Previously sourced gross window total from Section D. Any publisher-method qualification is retained in conflicts_and_warnings; no net total inferred.,https://www.theguardian.com/football/2025/sep/02/tantrum-transfers-record-fees-greatest-transfer-window-premier-league,UNVERIFIED (research lead),2415ef4aca692903
summer 2025,B,Sky Sports,£3.19bn,3190000000.0,£1.4bn,1400000000.0,Sky transfer analysis.,https://www.skysports.com/football/news/13423608/transfer-window-trends-revealed-as-premier-league-spending-hits-3-19bn-and-domestic-trading-increases,UNVERIFIED (research lead),2415ef4aca692903
summer 2025,B,Sky Sports,£3.19bn,3190000000.0,£1.36bn,1360000000.0,Includes potential add-ons; excludes undisclosed fees; internal update 2 September 10:10.,https://www.skysports.com/football/news/13419169/summer-transfer-spending-premier-league-efl-wsl-scottish-premiership-laliga-ligue-1-serie-a-and-bundesliga-breakdowns,UNVERIFIED (research lead),2415ef4aca692903
January 2026,B,BBC Sport,£397m,397000000.0,NOT FOUND,,Contemporary live report.,https://www.bbc.co.uk/sport/football/live/cx20wg292n7t,UNVERIFIED (research lead),2415ef4aca692903
January 2026,B,Sky Sports,£404.1m,404100000.0,£131m,131000000.0,Sky figures; includes potential add-ons; excludes undisclosed fees; internal update 3 February 07:30.,https://www.skysports.com/football/news/13500494/premier-league-efl-wsl-and-europe-transfers-man-city-crystal-palace-west-ham-and-tottenham-hotspur-biggest-spenders,UNVERIFIED (research lead),2415ef4aca692903
summer 2026,B,"Reuters, syndicated by CNA",around £3.46 billion,3460000000.0,NOT FOUND,,Contemporary Reuters report; methodology for league total not stated.,https://www.channelnewsasia.com/sport/premier-league-clubs-smash-summer-transfer-spending-record-6356106,UNVERIFIED (research lead),2415ef4aca692903
summer 2026,B,"BBC Sport, syndicated by AOL",£3.49bn,3490000000.0,NOT FOUND,,"Data provided to BBC by Paul Macdonald, FootballTransfers.com.",https://www.aol.ca/articles/record-breaking-transfer-window-060131000.html,UNVERIFIED (research lead),2415ef4aca692903
summer 2026,B,Sky Sports,£3.56bn,3560000000.0,£1.30bn,1300000000.0,Sky PL data; potential add-ons included; undisclosed fees excluded except Aston Villa; update 10 September 14:30.,https://www.skysports.com/football/news/13574593/summer-transfer-spending-premier-league-efl-wsl-scottish-premiership-laliga-ligue-1-serie-a-and-bundesliga-breakdowns,UNVERIFIED (research lead),2415ef4aca692903
