window,deals_with_pl_side,neighbour_median,flag
summer 1992,64,102.5,
January 1993,31,49.5,
summer 1993,67,106,
January 1994,38,61,
summer 1994,138,80.5,
January 1995,61,44.5,
summer 1995,106,116.0,
January 1996,62,56.0,
summer 1996,94,133.0,
January 1997,51,72.0,
summer 1997,165,117.0,
January 1998,96,71.0,
summer 1998,128,156.0,
January 1999,82,75.0,
summer 1999,147,147.0,
January 2000,80,79.5,
summer 2000,166,138.0,
January 2001,70,81.0,
summer 2001,129,156.0,
January 2002,77,78.5,
summer 2002,165,120.0,
January 2003,148,73.5,
summer 2003,111,108.0,
January 2004,77,70.5,
summer 2004,87,138.0,
January 2005,64,84.0,
summer 2005,87,143.0,
January 2006,53,84.0,
summer 2006,175,190.0,
January 2007,91,139.5,
summer 2007,357,229.0,
January 2008,228,141.5,
summer 2008,293,287.0,
January 2009,215,210.0,
summer 2009,283,320.0,
January 2010,192,231.5,
summer 2010,291,314.5,
January 2011,235,232.0,
summer 2011,347,313.5,
January 2012,249,243.0,
summer 2012,336,356.0,
January 2013,255,242.0,
summer 2013,441,341.5,
January 2014,251,232.5,
summer 2014,365,354.5,
January 2015,216,215.5,
summer 2015,331,372.0,
January 2016,155,198.0,
summer 2016,373,349.5,
January 2017,180,123.0,
summer 2017,371,353.5,
January 2018,91,167.5,
summer 2018,334,372.0,
January 2019,87,156.0,
summer 2019,719,369.0,
January 2020,253,111.5,
summer 2020,367,390.5,
January 2021,132,160.5,
summer 2021,376,437.0,
January 2022,158,160.0,
summer 2022,405,405.0,
January 2023,163,157.5,
summer 2023,469,417.5,
January 2024,157,160.5,
summer 2024,434,440.5,
January 2025,163,157,
summer 2025,430,451,
January 2026,138,160.0,
summer 2026,451,432.0,
