iso3,status,card_wording,source_url,quote,page_sha256,excerpt_file,note
AFG,VERIFIED,Parliament dissolved after the Taliban takeover (August 2021),https://data.ipu.org/parliament/AF/AF-LC01/,"Chamber is suspended | The Parliament of Afghanistan, the Jirga (National Assembly), comprising the Wolesi Jirga (House of the People) and the Meshrano Jirga (House of Elders), was effectively dissolved following the Taliban takeover in August 2021",f5fcfec01e681fbcfbe1a5f67b07183ea754e42146919e9266b4ab5e6f9d85c4,data/rtt-104/source/fetch_2026-10-10_run38029895756_parline/page_excerpts/IPU-PARLINE2-AFG-LC.txt,IPU Parline read on the runner 10 Oct 2026 (run 38029895756)
BGD,VERIFIED,Parliament dissolved in August 2024,https://data.ipu.org/parliament/BD/BD-LC01/,"Parliament was dissolved in August 2024. Elections, which according to the Constitution should have been held within 90 days, are yet to take place.",8229f3718209a9e06750a2eb893964e97b6f4e5574121c9e85c09714495bba53,data/rtt-104/source/fetch_2026-10-10_run38029895756_parline/page_excerpts/IPU-PARLINE2-BGD-LC.txt,"A row of the page's ""Suspended chamber"" history (value Yes); the page's current fields describe a later legislature (an election in 2026), so the wording describes the 2025 position only. WDI's last figure is 2023 (2024 also missing)."
ERI,NOT FOUND,,https://data.ipu.org/parliament/ER/ER-LC01/,,5c47962a129ce9b337723ffe2bbcc9c8c1819555f7763fe755609839b4383e62,data/rtt-104/source/fetch_2026-10-10_run38029895756_parline/page_excerpts/IPU-PARLINE2-ERI-LC.txt,"IPU says the 1994 interim National Assembly's elections ""were postponed indefinitely"" and the parliament is ""in a transitional status""; no dissolution or suspension statement found. Not on the card."
GNB,NOT FOUND,,https://data.ipu.org/parliament/GW/GW-LC01/,,eee32b442e8f18cf1e84ca9e781b3dd023ed20409e7b8e6f8e3b929a54ce99c2,data/rtt-104/source/fetch_2026-10-10_run38029895756_parline/page_excerpts/IPU-PARLINE2-GNB-LC.txt,"The excerpts describe the November 2025 military takeover and the Transitional National Council from 12 December 2025, not why 2025 has no figure. Not on the card."
HTI,VERIFIED,Deputies' terms expired in January 2020 with no election held,https://data.ipu.org/parliament/HT/HT-LC01/,The mandate of all members of the Haitian Chamber of Deputies expired in January 2020 in the absence of elections.,a62ea992760e129d0a3720fbb9a74c8775293c7ed432ecc24ca92d6c3903519b,data/rtt-104/source/fetch_2026-10-10_run38029895756_parline/page_excerpts/IPU-PARLINE2-HTI-LC.txt,"Not a dissolution or suspension: the members' terms ran out. The card heading ""no sitting parliament"" fits; the line keeps IPU's own reason."
KWT,VERIFIED,National Assembly dissolved by the Emir (May 2024),https://data.ipu.org/parliament/KW/KW-LC01/,"Chamber is suspended | The newly elected National Assembly, which was due to hold its first session on 14 May 2024, was dissolved by the Emir. There is currently no functioning Parliament in Kuwait.",4fe1e61619874da0b39c722b953ccb4635e254cdf28ef59dd0011d2737700aee,data/rtt-104/source/fetch_2026-10-10_run38029895756_parline/page_excerpts/IPU-PARLINE2-KWT-LC.txt,WDI's last figure is 2023 (2024 also missing).
MMR,VERIFIED,No functioning parliament since the military coup of 1 February 2021,https://data.ipu.org/parliament/MM/MM-LC01/,"Chamber is suspended | ... The military staged a coup on 1 February 2021, the day on which the newly elected parliament was due to be sworn in. Consequently, there is currently no functioning parliament in Myanmar.",851b1ef48568c7420cfd24ce561b4d876c763d2931ab12c7cb26fb2c1d87112c,data/rtt-104/source/fetch_2026-10-10_run38029895756_parline/page_excerpts/IPU-PARLINE2-MMR-LC.txt,
NPL,NOT FOUND,,https://data.ipu.org/parliament/NP/NP-LC01/,,7fe21037935054f9b81f075ac6d803f5e244a838956bc7a6c4aace327f1e93ce,data/rtt-104/source/fetch_2026-10-10_run38029895756_parline/page_excerpts/IPU-PARLINE2-NPL-LC.txt,"No dissolution or suspension statement in the excerpts (the page shows the Speaker's post vacant). Not on the card; question for Luke in the report."
SDN,VERIFIED,Parliament dissolved after the coup of April 2019,https://data.ipu.org/parliament/SD/SD-LC01/,Chamber is suspended | The Parliament of Sudan was dissolved following a coup d'état in April 2019.,b8a626241933df69403adf1b6c10a214bffd97d6834c290ab5fc546091ce05c6,data/rtt-104/source/fetch_2026-10-10_run38029895756_parline/page_excerpts/IPU-PARLINE2-SDN-LC.txt,
