driver_id,driver_name,wins,starts,win_rate_pct,first_start,first_start_date,list_race_entries,list_race_starts,list_revision_id,list_comparison
wp342972,Giuseppe Farina,5,33,15.2,1950 British Grand Prix,1950-05-13,34,33,1377016608,AGREE
wp48532,Juan Manuel Fangio,24,51,47.1,1950 British Grand Prix,1950-05-13,52,51,1377016608,AGREE
wp1252116,Johnnie Parsons,1,9,11.1,1950 Indianapolis 500,1950-05-30,9,9,1377016608,AGREE
wp1252126,Lee Wallard,1,2,50.0,1950 Indianapolis 500,1950-05-30,3,2,1377016608,AGREE
wp1212766,Luigi Fagioli,1,7,14.3,1950 British Grand Prix,1950-05-13,7,7,1377016608,AGREE
wp877639,José Froilán González,2,26,7.7,1950 Monaco Grand Prix,1950-05-21,26,26,1377016608,AGREE
wp246121,Alberto Ascari,13,32,40.6,1950 Monaco Grand Prix,1950-05-21,33,32,1377016608,AGREE
wp1235869,Piero Taruffi,1,18,5.6,1950 Italian Grand Prix,1950-09-03,19,18,1377016608,AGREE
wp1235879,Troy Ruttman,1,8,12.5,1950 Indianapolis 500,1950-05-30,12,8,1377016608,AGREE
wp1251950,Bill Vukovich,2,5,40.0,1951 Indianapolis 500,1951-05-30,6,5,1377016608,AGREE
wp128171,Mike Hawthorn,3,45,6.7,1952 Belgian Grand Prix,1952-06-22,47,45,1377016608,AGREE
wp423739,Maurice Trintignant,2,81,2.5,1950 Monaco Grand Prix,1950-05-21,84,81,1377016608,AGREE
wp1251973,Bob Sweikert,1,5,20.0,1952 Indianapolis 500,1952-05-30,7,5,1377016608,AGREE
wp247310,Stirling Moss,16,66,24.2,1951 Swiss Grand Prix,1951-05-27,67,66,1377016608,AGREE
wp1226494,Luigi Musso,1,24,4.2,1953 Italian Grand Prix,1953-09-13,25,24,1377016608,AGREE
wp1252141,Pat Flaherty,1,6,16.7,1950 Indianapolis 500,1950-05-30,6,6,1377016608,AGREE
wp1226514,Peter Collins,3,32,9.4,1952 Swiss Grand Prix,1952-05-18,35,32,1377016608,AGREE
wp1252148,Sam Hanks,1,8,12.5,1950 Indianapolis 500,1950-05-30,8,8,1377016608,AGREE
wp1226571,Tony Brooks,6,38,15.8,1956 British Grand Prix,1956-07-14,39,38,1377016608,AGREE
wp1252110,Jimmy Bryan,1,9,11.1,1952 Indianapolis 500,1952-05-30,10,9,1377016608,AGREE
wp16564,Jack Brabham,14,126,11.1,1955 British Grand Prix,1955-07-16,128,126,1377016608,AGREE
wp786743,Rodger Ward,1,12,8.3,1951 Indianapolis 500,1951-05-30,12,12,1377016608,AGREE
wp1152185,Jo Bonnier,1,104,1.0,1956 Italian Grand Prix,1956-09-02,108,104,1377016608,AGREE
wp475903,Bruce McLaren,4,100,4.0,1958 German Grand Prix,1958-08-03,104,100,1377016608,AGREE
wp1252109,Jim Rathmann,1,10,10.0,1950 Indianapolis 500,1950-05-30,10,10,1377016608,AGREE
wp341545,Phil Hill,3,49,6.1,1958 French Grand Prix,1958-07-06,52,49,1377016608,AGREE
wp1226439,Wolfgang von Trips,2,27,7.4,1957 Argentine Grand Prix,1957-01-13,29,27,1377016608,AGREE
wp1228416,Giancarlo Baghetti,1,21,4.8,1961 French Grand Prix,1961-07-02,21,21,1377016608,AGREE
wp602101,Innes Ireland,1,50,2.0,1959 Dutch Grand Prix,1959-05-31,53,50,1377016608,AGREE
wp246186,Graham Hill,14,176,8.0,1958 Monaco Grand Prix,1958-05-18,179,176,1377016608,AGREE
wp181892,Jim Clark,25,72,34.7,1960 Dutch Grand Prix,1960-06-06,73,72,1377016608,AGREE
wp554522,Dan Gurney,4,86,4.7,1959 French Grand Prix,1959-07-05,87,86,1377016608,AGREE
wp215196,John Surtees,6,111,5.4,1960 Monaco Grand Prix,1960-05-29,113,111,1377016608,AGREE
wp1226484,Lorenzo Bandini,1,42,2.4,1961 Belgian Grand Prix,1961-06-18,42,42,1377016608,AGREE
wp294240,Jackie Stewart,27,99,27.3,1965 South African Grand Prix,1965-01-01,100,99,1377016608,AGREE
wp1226546,Richie Ginther,1,52,1.9,1960 Monaco Grand Prix,1960-05-29,54,52,1377016608,AGREE
wp1235774,Ludovico Scarfiotti,1,10,10.0,1963 Dutch Grand Prix,1963-06-23,12,10,1377016608,AGREE
wp1156744,Pedro Rodríguez,2,55,3.6,1963 United States Grand Prix,1963-10-06,56,55,1377016608,AGREE
wp262934,Denny Hulme,8,112,7.1,1965 Monaco Grand Prix,1965-05-30,112,112,1377016608,AGREE
wp159975,Jacky Ickx,8,116,6.9,1966 German Grand Prix,1966-08-07,120,116,1377016608,AGREE
wp1202290,Jo Siffert,2,96,2.1,1962 Belgian Grand Prix,1962-06-17,100,96,1377016608,AGREE
wp45388,Jochen Rindt,6,60,10.0,1964 Austrian Grand Prix,1964-08-23,62,60,1377016608,AGREE
wp1172362,Clay Regazzoni,5,132,3.8,1970 Dutch Grand Prix,1970-06-21,139,132,1377016608,AGREE
wp241678,Emerson Fittipaldi,14,144,9.7,1970 British Grand Prix,1970-07-18,149,144,1377016608,AGREE
wp271425,Mario Andretti,12,128,9.4,1968 United States Grand Prix,1968-10-06,131,128,1377016608,AGREE
wp1226516,Peter Gethin,1,30,3.3,1970 Dutch Grand Prix,1970-06-21,31,30,1377016608,AGREE
wp598118,François Cevert,1,47,2.1,1969 German Grand Prix,1969-08-03,48,47,1377016608,AGREE
wp1226341,Jean-Pierre Beltoise,1,86,1.2,1966 German Grand Prix,1966-08-07,88,86,1377016608,AGREE
wp387446,Ronnie Peterson,10,123,8.1,1970 Monaco Grand Prix,1970-05-10,123,123,1377016608,AGREE
wp767674,Peter Revson,2,30,6.7,1964 Belgian Grand Prix,1964-06-14,32,30,1377016608,AGREE
wp7859379,Carlos Reutemann,12,146,8.2,1972 Argentine Grand Prix,1972-01-23,146,146,1377016608,AGREE
wp40486,Niki Lauda,25,171,14.6,1971 Austrian Grand Prix,1971-08-15,177,171,1377016608,AGREE
wp243054,Jody Scheckter,10,112,8.9,1972 United States Grand Prix,1972-10-08,113,112,1377016608,AGREE
wp1219709,Carlos Pace,1,72,1.4,1972 South African Grand Prix,1972-03-04,73,72,1377016608,AGREE
wp1226327,Jochen Mass,1,105,1.0,1973 British Grand Prix,1973-07-14,114,105,1377016608,AGREE
wp287740,James Hunt,10,92,10.9,1973 Monaco Grand Prix,1973-06-03,93,92,1377016608,AGREE
wp1226579,Vittorio Brambilla,1,74,1.4,1974 South African Grand Prix,1974-03-30,79,74,1377016608,AGREE
wp30874971,John Watson,5,152,3.3,1973 British Grand Prix,1973-07-14,154,152,1377016608,AGREE
wp1213859,Gunnar Nilsson,1,31,3.2,1976 South African Grand Prix,1976-03-06,32,31,1377016608,AGREE
wp701324,Jacques Laffite,6,176,3.4,1974 German Grand Prix,1974-08-04,180,176,1377016608,AGREE
wp255129,Alan Jones,12,116,10.3,1975 Spanish Grand Prix,1975-04-27,117,116,1377016608,AGREE
wp1226335,Patrick Depailler,2,95,2.1,1972 French Grand Prix,1972-07-02,95,95,1377016608,AGREE
wp86632,Gilles Villeneuve,6,67,9.0,1977 British Grand Prix,1977-07-16,68,67,1377016608,AGREE
wp1226470,Jean-Pierre Jabouille,2,49,4.1,1975 French Grand Prix,1975-07-06,55,49,1377016608,AGREE
wp763767,René Arnoux,7,149,4.7,1978 Belgian Grand Prix,1978-05-21,164,149,1377016608,AGREE
wp204645,Nelson Piquet,23,204,11.3,1978 German Grand Prix,1978-07-30,207,204,1377016608,AGREE
wp1219767,Didier Pironi,3,70,4.3,1978 Argentine Grand Prix,1978-01-15,72,70,1377016608,AGREE
wp36917,Alain Prost,51,199,25.6,1980 Argentine Grand Prix,1980-01-13,202,199,1377016608,AGREE
wp38875,Riccardo Patrese,6,256,2.3,1977 Monaco Grand Prix,1977-05-22,257,256,1377016608,AGREE
wp1223181,Patrick Tambay,2,114,1.8,1977 British Grand Prix,1977-07-16,123,114,1377016608,AGREE
wp1048978,Elio de Angelis,2,108,1.9,1979 Argentine Grand Prix,1979-01-21,109,108,1377016608,AGREE
wp230197,Keke Rosberg,5,114,4.4,1978 South African Grand Prix,1978-03-04,128,114,1377016608,AGREE
wp1018650,Michele Alboreto,5,194,2.6,1981 San Marino Grand Prix,1981-05-03,215,194,1377016608,AGREE
wp146638,Ayrton Senna,41,161,25.5,1984 Brazilian Grand Prix,1984-03-25,162,161,1377016608,AGREE
wp228615,Nigel Mansell,31,187,16.6,1980 Austrian Grand Prix,1980-08-17,191,187,1377016608,AGREE
wp343833,Gerhard Berger,10,210,4.8,1984 Austrian Grand Prix,1984-08-19,210,210,1377016608,AGREE
wp1114709,Thierry Boutsen,3,163,1.8,1983 Belgian Grand Prix,1983-05-22,164,163,1377016608,AGREE
wp1218385,Alessandro Nannini,1,76,1.3,1986 Brazilian Grand Prix,1986-03-23,78,76,1377016608,AGREE
wp20396,Michael Schumacher,91,306,29.7,1991 Belgian Grand Prix,1991-08-25,308,306,1377016608,AGREE
wp78249,Damon Hill,22,115,19.1,1992 British Grand Prix,1992-07-12,122,115,1377016608,AGREE
wp341553,Jean Alesi,1,201,0.5,1989 French Grand Prix,1989-07-09,202,201,1377016608,AGREE
wp342991,Johnny Herbert,3,160,1.9,1989 Brazilian Grand Prix,1989-03-26,165,160,1377016608,AGREE
wp19636733,David Coulthard,13,246,5.3,1994 Spanish Grand Prix,1994-05-29,247,246,1377016608,AGREE
wp64258,Jacques Villeneuve,11,163,6.7,1996 Australian Grand Prix,1996-03-10,165,163,1377016608,AGREE
wp414513,Olivier Panis,1,157,0.6,1994 Brazilian Grand Prix,1994-03-27,158,157,1377016608,AGREE
wp756775,Heinz-Harald Frentzen,3,156,1.9,1994 Brazilian Grand Prix,1994-03-27,160,156,1377016608,AGREE
wp63073,Mika Häkkinen,20,161,12.4,1991 United States Grand Prix,1991-03-10,165,161,1377016608,AGREE
wp424417,Eddie Irvine,4,145,2.8,1993 Japanese Grand Prix,1993-10-24,148,145,1377016608,AGREE
wp252989,Rubens Barrichello,11,323,3.4,1993 South African Grand Prix,1993-03-14,326,322,1377016608,DISAGREE
wp315472,Ralf Schumacher,6,180,3.3,1997 Australian Grand Prix,1997-03-09,181,180,1377016608,AGREE
wp164992,Juan Pablo Montoya,7,94,7.4,2001 Australian Grand Prix,2001-03-04,95,94,1377016608,AGREE
wp234756,Kimi Räikkönen,21,349,6.0,2001 Australian Grand Prix,2001-03-04,353,349,1377016608,AGREE
wp636954,Giancarlo Fisichella,3,229,1.3,1996 Australian Grand Prix,1996-03-10,231,229,1377016608,AGREE
wp240390,Fernando Alonso,32,440,7.3,2001 Australian Grand Prix,2001-03-04,443,440,1377016608,AGREE
wp647260,Jarno Trulli,1,252,0.4,1997 Australian Grand Prix,1997-03-09,256,252,1377016608,AGREE
wp548212,Jenson Button,15,306,4.9,2000 Australian Grand Prix,2000-03-12,309,306,1377016608,AGREE
wp647263,Felipe Massa,11,269,4.1,2002 Australian Grand Prix,2002-03-03,272,269,1377016608,AGREE
wp675561,Lewis Hamilton,106,395,26.8,2007 Australian Grand Prix,2007-03-18,395,395,1377016608,AGREE
wp1841727,Robert Kubica,1,99,1.0,2006 Hungarian Grand Prix,2006-08-06,99,99,1377016608,AGREE
wp1527343,Heikki Kovalainen,1,111,0.9,2007 Australian Grand Prix,2007-03-18,112,111,1377016608,AGREE
wp6437759,Sebastian Vettel,53,299,17.7,2007 United States Grand Prix,2007-06-17,300,299,1377016608,AGREE
wp564161,Mark Webber,9,215,4.2,2002 Australian Grand Prix,2002-03-03,217,215,1377016608,AGREE
wp1628331,Nico Rosberg,23,206,11.2,2006 Bahrain Grand Prix,2006-03-12,206,206,1377016608,AGREE
wp9255765,Pastor Maldonado,1,95,1.1,2011 Australian Grand Prix,2011-03-27,96,95,1377016608,AGREE
wp18334077,Daniel Ricciardo,8,257,3.1,2011 British Grand Prix,2011-07-10,258,257,1377016608,AGREE
wp41758713,Max Verstappen,71,248,28.6,2015 Australian Grand Prix,2015-03-15,248,248,1377016608,AGREE
wp19846772,Valtteri Bottas,10,261,3.8,2013 Australian Grand Prix,2013-03-17,262,261,1377016608,AGREE
wp44924226,Charles Leclerc,9,186,4.8,2018 Australian Grand Prix,2018-03-25,188,186,1377016608,AGREE
wp40843850,Pierre Gasly,1,192,0.5,2017 Malaysian Grand Prix,2017-10-01,193,192,1377016608,AGREE
wp19801645,Sergio Pérez,6,296,2.0,2011 Australian Grand Prix,2011-03-27,300,296,1377016608,AGREE
wp40826055,Esteban Ocon,1,195,0.5,2016 Belgian Grand Prix,2016-08-28,195,195,1377016608,AGREE
wp25537408,Carlos Sainz Jr.,4,244,1.6,2015 Australian Grand Prix,2015-03-15,248,244,1377016608,AGREE
wp44641054,George Russell,8,167,4.8,2019 Australian Grand Prix,2019-03-17,167,167,1377016608,AGREE
wp48978813,Lando Norris,13,166,7.8,2019 Australian Grand Prix,2019-03-17,167,166,1377016608,AGREE
wp59449712,Oscar Piastri,9,83,10.8,2023 Bahrain Grand Prix,2023-03-05,85,83,1377016608,AGREE
wp70530918,Kimi Antonelli,8,39,20.5,2025 Australian Grand Prix,2025-03-16,39,39,1377016608,AGREE
