race_date,season,round,grand_prix,driver_id,driver_name,career_wins,event,record_holders_after
1950-05-13,1950,1,British Grand Prix,wp342972,Giuseppe Farina,1,BECOMES_SOLE,Giuseppe Farina
1950-05-21,1950,2,Monaco Grand Prix,wp48532,Juan Manuel Fangio,1,BECOMES_JOINT,Giuseppe Farina; Juan Manuel Fangio
1950-05-30,1950,3,Indianapolis 500,wp1252116,Johnnie Parsons,1,BECOMES_JOINT,Giuseppe Farina; Johnnie Parsons; Juan Manuel Fangio
1950-06-04,1950,4,Swiss Grand Prix,wp342972,Giuseppe Farina,2,BECOMES_SOLE,Giuseppe Farina
1950-06-18,1950,5,Belgian Grand Prix,wp48532,Juan Manuel Fangio,2,BECOMES_JOINT,Giuseppe Farina; Juan Manuel Fangio
1950-07-02,1950,6,French Grand Prix,wp48532,Juan Manuel Fangio,3,BECOMES_SOLE,Juan Manuel Fangio
1950-09-03,1950,7,Italian Grand Prix,wp342972,Giuseppe Farina,3,BECOMES_JOINT,Giuseppe Farina; Juan Manuel Fangio
1951-05-27,1951,1,Swiss Grand Prix,wp48532,Juan Manuel Fangio,4,BECOMES_SOLE,Juan Manuel Fangio
1951-06-17,1951,3,Belgian Grand Prix,wp342972,Giuseppe Farina,4,BECOMES_JOINT,Giuseppe Farina; Juan Manuel Fangio
1951-07-01,1951,4,French Grand Prix,wp48532,Juan Manuel Fangio,5,BECOMES_SOLE,Juan Manuel Fangio
1951-10-28,1951,8,Spanish Grand Prix,wp48532,Juan Manuel Fangio,6,EXTENDS_SOLE,Juan Manuel Fangio
1952-08-03,1952,6,German Grand Prix,wp246121,Alberto Ascari,6,BECOMES_JOINT,Alberto Ascari; Juan Manuel Fangio
1952-08-17,1952,7,Dutch Grand Prix,wp246121,Alberto Ascari,7,BECOMES_SOLE,Alberto Ascari
1952-09-07,1952,8,Italian Grand Prix,wp246121,Alberto Ascari,8,EXTENDS_SOLE,Alberto Ascari
1953-01-18,1953,1,Argentine Grand Prix,wp246121,Alberto Ascari,9,EXTENDS_SOLE,Alberto Ascari
1953-06-07,1953,3,Dutch Grand Prix,wp246121,Alberto Ascari,10,EXTENDS_SOLE,Alberto Ascari
1953-06-21,1953,4,Belgian Grand Prix,wp246121,Alberto Ascari,11,EXTENDS_SOLE,Alberto Ascari
1953-07-18,1953,6,British Grand Prix,wp246121,Alberto Ascari,12,EXTENDS_SOLE,Alberto Ascari
1953-08-23,1953,8,Swiss Grand Prix,wp246121,Alberto Ascari,13,EXTENDS_SOLE,Alberto Ascari
1954-09-05,1954,8,Italian Grand Prix,wp48532,Juan Manuel Fangio,13,BECOMES_JOINT,Alberto Ascari; Juan Manuel Fangio
1955-01-16,1955,1,Argentine Grand Prix,wp48532,Juan Manuel Fangio,14,BECOMES_SOLE,Juan Manuel Fangio
1955-06-05,1955,4,Belgian Grand Prix,wp48532,Juan Manuel Fangio,15,EXTENDS_SOLE,Juan Manuel Fangio
1955-06-19,1955,5,Dutch Grand Prix,wp48532,Juan Manuel Fangio,16,EXTENDS_SOLE,Juan Manuel Fangio
1955-09-11,1955,7,Italian Grand Prix,wp48532,Juan Manuel Fangio,17,EXTENDS_SOLE,Juan Manuel Fangio
1956-01-22,1956,1,Argentine Grand Prix,wp48532,Juan Manuel Fangio,18,EXTENDS_SOLE,Juan Manuel Fangio
1956-07-14,1956,6,British Grand Prix,wp48532,Juan Manuel Fangio,19,EXTENDS_SOLE,Juan Manuel Fangio
1956-08-05,1956,7,German Grand Prix,wp48532,Juan Manuel Fangio,20,EXTENDS_SOLE,Juan Manuel Fangio
1957-01-13,1957,1,Argentine Grand Prix,wp48532,Juan Manuel Fangio,21,EXTENDS_SOLE,Juan Manuel Fangio
1957-05-19,1957,2,Monaco Grand Prix,wp48532,Juan Manuel Fangio,22,EXTENDS_SOLE,Juan Manuel Fangio
1957-07-07,1957,4,French Grand Prix,wp48532,Juan Manuel Fangio,23,EXTENDS_SOLE,Juan Manuel Fangio
1957-08-04,1957,6,German Grand Prix,wp48532,Juan Manuel Fangio,24,EXTENDS_SOLE,Juan Manuel Fangio
1967-10-22,1967,11,Mexican Grand Prix,wp181892,Jim Clark,24,BECOMES_JOINT,Jim Clark; Juan Manuel Fangio
1968-01-01,1968,1,South African Grand Prix,wp181892,Jim Clark,25,BECOMES_SOLE,Jim Clark
1973-06-03,1973,6,Monaco Grand Prix,wp294240,Jackie Stewart,25,BECOMES_JOINT,Jackie Stewart; Jim Clark
1973-07-29,1973,10,Dutch Grand Prix,wp294240,Jackie Stewart,26,BECOMES_SOLE,Jackie Stewart
1973-08-05,1973,11,German Grand Prix,wp294240,Jackie Stewart,27,EXTENDS_SOLE,Jackie Stewart
1987-05-17,1987,3,Belgian Grand Prix,wp36917,Alain Prost,27,BECOMES_JOINT,Alain Prost; Jackie Stewart
1987-09-20,1987,12,Portuguese Grand Prix,wp36917,Alain Prost,28,BECOMES_SOLE,Alain Prost
1988-04-03,1988,1,Brazilian Grand Prix,wp36917,Alain Prost,29,EXTENDS_SOLE,Alain Prost
1988-05-15,1988,3,Monaco Grand Prix,wp36917,Alain Prost,30,EXTENDS_SOLE,Alain Prost
1988-05-29,1988,4,Mexican Grand Prix,wp36917,Alain Prost,31,EXTENDS_SOLE,Alain Prost
1988-07-03,1988,7,French Grand Prix,wp36917,Alain Prost,32,EXTENDS_SOLE,Alain Prost
1988-09-25,1988,13,Portuguese Grand Prix,wp36917,Alain Prost,33,EXTENDS_SOLE,Alain Prost
1988-10-02,1988,14,Spanish Grand Prix,wp36917,Alain Prost,34,EXTENDS_SOLE,Alain Prost
1988-11-13,1988,16,Australian Grand Prix,wp36917,Alain Prost,35,EXTENDS_SOLE,Alain Prost
1989-06-04,1989,5,United States Grand Prix,wp36917,Alain Prost,36,EXTENDS_SOLE,Alain Prost
1989-07-09,1989,7,French Grand Prix,wp36917,Alain Prost,37,EXTENDS_SOLE,Alain Prost
1989-07-16,1989,8,British Grand Prix,wp36917,Alain Prost,38,EXTENDS_SOLE,Alain Prost
1989-09-10,1989,12,Italian Grand Prix,wp36917,Alain Prost,39,EXTENDS_SOLE,Alain Prost
1990-03-25,1990,2,Brazilian Grand Prix,wp36917,Alain Prost,40,EXTENDS_SOLE,Alain Prost
1990-06-24,1990,6,Mexican Grand Prix,wp36917,Alain Prost,41,EXTENDS_SOLE,Alain Prost
1990-07-08,1990,7,French Grand Prix,wp36917,Alain Prost,42,EXTENDS_SOLE,Alain Prost
1990-07-15,1990,8,British Grand Prix,wp36917,Alain Prost,43,EXTENDS_SOLE,Alain Prost
1990-09-30,1990,14,Spanish Grand Prix,wp36917,Alain Prost,44,EXTENDS_SOLE,Alain Prost
1993-03-14,1993,1,South African Grand Prix,wp36917,Alain Prost,45,EXTENDS_SOLE,Alain Prost
1993-04-25,1993,4,San Marino Grand Prix,wp36917,Alain Prost,46,EXTENDS_SOLE,Alain Prost
1993-05-09,1993,5,Spanish Grand Prix,wp36917,Alain Prost,47,EXTENDS_SOLE,Alain Prost
1993-06-13,1993,7,Canadian Grand Prix,wp36917,Alain Prost,48,EXTENDS_SOLE,Alain Prost
1993-07-04,1993,8,French Grand Prix,wp36917,Alain Prost,49,EXTENDS_SOLE,Alain Prost
1993-07-11,1993,9,British Grand Prix,wp36917,Alain Prost,50,EXTENDS_SOLE,Alain Prost
1993-07-25,1993,10,German Grand Prix,wp36917,Alain Prost,51,EXTENDS_SOLE,Alain Prost
2001-08-19,2001,13,Hungarian Grand Prix,wp20396,Michael Schumacher,51,BECOMES_JOINT,Alain Prost; Michael Schumacher
2001-09-02,2001,14,Belgian Grand Prix,wp20396,Michael Schumacher,52,BECOMES_SOLE,Michael Schumacher
2001-10-14,2001,17,Japanese Grand Prix,wp20396,Michael Schumacher,53,EXTENDS_SOLE,Michael Schumacher
2002-03-03,2002,1,Australian Grand Prix,wp20396,Michael Schumacher,54,EXTENDS_SOLE,Michael Schumacher
2002-03-31,2002,3,Brazilian Grand Prix,wp20396,Michael Schumacher,55,EXTENDS_SOLE,Michael Schumacher
2002-04-14,2002,4,San Marino Grand Prix,wp20396,Michael Schumacher,56,EXTENDS_SOLE,Michael Schumacher
2002-04-28,2002,5,Spanish Grand Prix,wp20396,Michael Schumacher,57,EXTENDS_SOLE,Michael Schumacher
2002-05-12,2002,6,Austrian Grand Prix,wp20396,Michael Schumacher,58,EXTENDS_SOLE,Michael Schumacher
2002-06-09,2002,8,Canadian Grand Prix,wp20396,Michael Schumacher,59,EXTENDS_SOLE,Michael Schumacher
2002-07-07,2002,10,British Grand Prix,wp20396,Michael Schumacher,60,EXTENDS_SOLE,Michael Schumacher
2002-07-21,2002,11,French Grand Prix,wp20396,Michael Schumacher,61,EXTENDS_SOLE,Michael Schumacher
2002-07-28,2002,12,German Grand Prix,wp20396,Michael Schumacher,62,EXTENDS_SOLE,Michael Schumacher
2002-09-01,2002,14,Belgian Grand Prix,wp20396,Michael Schumacher,63,EXTENDS_SOLE,Michael Schumacher
2002-10-13,2002,17,Japanese Grand Prix,wp20396,Michael Schumacher,64,EXTENDS_SOLE,Michael Schumacher
2003-04-20,2003,4,San Marino Grand Prix,wp20396,Michael Schumacher,65,EXTENDS_SOLE,Michael Schumacher
2003-05-04,2003,5,Spanish Grand Prix,wp20396,Michael Schumacher,66,EXTENDS_SOLE,Michael Schumacher
2003-05-18,2003,6,Austrian Grand Prix,wp20396,Michael Schumacher,67,EXTENDS_SOLE,Michael Schumacher
2003-06-15,2003,8,Canadian Grand Prix,wp20396,Michael Schumacher,68,EXTENDS_SOLE,Michael Schumacher
2003-09-14,2003,14,Italian Grand Prix,wp20396,Michael Schumacher,69,EXTENDS_SOLE,Michael Schumacher
2003-09-28,2003,15,United States Grand Prix,wp20396,Michael Schumacher,70,EXTENDS_SOLE,Michael Schumacher
2004-03-07,2004,1,Australian Grand Prix,wp20396,Michael Schumacher,71,EXTENDS_SOLE,Michael Schumacher
2004-03-21,2004,2,Malaysian Grand Prix,wp20396,Michael Schumacher,72,EXTENDS_SOLE,Michael Schumacher
2004-04-04,2004,3,Bahrain Grand Prix,wp20396,Michael Schumacher,73,EXTENDS_SOLE,Michael Schumacher
2004-04-25,2004,4,San Marino Grand Prix,wp20396,Michael Schumacher,74,EXTENDS_SOLE,Michael Schumacher
2004-05-09,2004,5,Spanish Grand Prix,wp20396,Michael Schumacher,75,EXTENDS_SOLE,Michael Schumacher
2004-05-30,2004,7,European Grand Prix,wp20396,Michael Schumacher,76,EXTENDS_SOLE,Michael Schumacher
2004-06-13,2004,8,Canadian Grand Prix,wp20396,Michael Schumacher,77,EXTENDS_SOLE,Michael Schumacher
2004-06-20,2004,9,United States Grand Prix,wp20396,Michael Schumacher,78,EXTENDS_SOLE,Michael Schumacher
2004-07-04,2004,10,French Grand Prix,wp20396,Michael Schumacher,79,EXTENDS_SOLE,Michael Schumacher
2004-07-11,2004,11,British Grand Prix,wp20396,Michael Schumacher,80,EXTENDS_SOLE,Michael Schumacher
2004-07-25,2004,12,German Grand Prix,wp20396,Michael Schumacher,81,EXTENDS_SOLE,Michael Schumacher
2004-08-15,2004,13,Hungarian Grand Prix,wp20396,Michael Schumacher,82,EXTENDS_SOLE,Michael Schumacher
2004-10-10,2004,17,Japanese Grand Prix,wp20396,Michael Schumacher,83,EXTENDS_SOLE,Michael Schumacher
2005-06-19,2005,9,United States Grand Prix,wp20396,Michael Schumacher,84,EXTENDS_SOLE,Michael Schumacher
2006-04-23,2006,4,San Marino Grand Prix,wp20396,Michael Schumacher,85,EXTENDS_SOLE,Michael Schumacher
2006-05-07,2006,5,European Grand Prix,wp20396,Michael Schumacher,86,EXTENDS_SOLE,Michael Schumacher
2006-07-02,2006,10,United States Grand Prix,wp20396,Michael Schumacher,87,EXTENDS_SOLE,Michael Schumacher
2006-07-16,2006,11,French Grand Prix,wp20396,Michael Schumacher,88,EXTENDS_SOLE,Michael Schumacher
2006-07-30,2006,12,German Grand Prix,wp20396,Michael Schumacher,89,EXTENDS_SOLE,Michael Schumacher
2006-09-10,2006,15,Italian Grand Prix,wp20396,Michael Schumacher,90,EXTENDS_SOLE,Michael Schumacher
2006-10-01,2006,16,Chinese Grand Prix,wp20396,Michael Schumacher,91,EXTENDS_SOLE,Michael Schumacher
2020-10-11,2020,11,Eifel Grand Prix,wp675561,Lewis Hamilton,91,BECOMES_JOINT,Lewis Hamilton; Michael Schumacher
2020-10-25,2020,12,Portuguese Grand Prix,wp675561,Lewis Hamilton,92,BECOMES_SOLE,Lewis Hamilton
2020-11-01,2020,13,Emilia Romagna Grand Prix,wp675561,Lewis Hamilton,93,EXTENDS_SOLE,Lewis Hamilton
2020-11-15,2020,14,Turkish Grand Prix,wp675561,Lewis Hamilton,94,EXTENDS_SOLE,Lewis Hamilton
2020-11-29,2020,15,Bahrain Grand Prix,wp675561,Lewis Hamilton,95,EXTENDS_SOLE,Lewis Hamilton
2021-03-28,2021,1,Bahrain Grand Prix,wp675561,Lewis Hamilton,96,EXTENDS_SOLE,Lewis Hamilton
2021-05-02,2021,3,Portuguese Grand Prix,wp675561,Lewis Hamilton,97,EXTENDS_SOLE,Lewis Hamilton
2021-05-09,2021,4,Spanish Grand Prix,wp675561,Lewis Hamilton,98,EXTENDS_SOLE,Lewis Hamilton
2021-07-18,2021,10,British Grand Prix,wp675561,Lewis Hamilton,99,EXTENDS_SOLE,Lewis Hamilton
2021-09-26,2021,15,Russian Grand Prix,wp675561,Lewis Hamilton,100,EXTENDS_SOLE,Lewis Hamilton
2021-11-14,2021,19,São Paulo Grand Prix,wp675561,Lewis Hamilton,101,EXTENDS_SOLE,Lewis Hamilton
2021-11-21,2021,20,Qatar Grand Prix,wp675561,Lewis Hamilton,102,EXTENDS_SOLE,Lewis Hamilton
2021-12-05,2021,21,Saudi Arabian Grand Prix,wp675561,Lewis Hamilton,103,EXTENDS_SOLE,Lewis Hamilton
2024-07-07,2024,12,British Grand Prix,wp675561,Lewis Hamilton,104,EXTENDS_SOLE,Lewis Hamilton
2024-07-28,2024,14,Belgian Grand Prix,wp675561,Lewis Hamilton,105,EXTENDS_SOLE,Lewis Hamilton
2026-06-14,2026,7,Barcelona-Catalunya Grand Prix,wp675561,Lewis Hamilton,106,EXTENDS_SOLE,Lewis Hamilton
